Filename,ImageScore,Reasoning,RA,Dec,AnomalyScore,URL,volunteer_rating
69577667036340410.png,45,"This is a galaxy exhibiting a strong gravitational lensing arc, indicating the presence of a massive foreground object distorting background light.",222.7350819843621,42.645434844819654,414.76147,https://panoptes-uploads.zooniverse.org/subject_location/1b150ff9-9cf4-4a77-94ce-5000f958650c.png,0.6154000000000001
41219462564709085.png,43,"This is a ring galaxy exhibiting a distinct, detached outer ring structure, which is a classic morphological signature of a collisional ring galaxy event.",215.71399777419867,-1.051677705643676,309.34647,https://panoptes-uploads.zooniverse.org/subject_location/744d60cd-ce90-4355-9af4-2f04f6b86463.png,0.5238
69564348342751692.png,42,"This is a merging galaxy system exhibiting significant tidal distortion and a prominent, curved tidal tail, indicative of a strong gravitational interaction.",216.9481912354303,43.1236015996769,398.5995,https://panoptes-uploads.zooniverse.org/subject_location/2560b9b1-cdbb-4116-8484-c43ffcd13a97.png,0.31579999999999997
70369444257368793.png,41,"This is a ring galaxy exhibiting a distinct, symmetric ring structure surrounding a central nucleus, indicative of a collisional ring galaxy formation event.",225.4365114358376,43.789472739336325,399.0994,https://panoptes-uploads.zooniverse.org/subject_location/9998c98f-cfc4-42a8-8a77-e4ea85535f77.png,0.6667000000000001
69635253957858571.png,41,"This is a merging galaxy system exhibiting significant tidal disruption and a diffuse, extended stellar halo, characteristic of an ongoing galactic interaction.",247.90084150108325,42.62511634704743,426.76434,https://panoptes-uploads.zooniverse.org/subject_location/27c15f3e-689d-45de-aa59-53ef13dd1df3.png,0.3333
41227726081784551.png,40,"This is a merging galaxy system exhibiting significant tidal distortion and morphological disruption, characteristic of a strong gravitational interaction.",219.38828566318992,-0.2771436520747501,396.70587,https://panoptes-uploads.zooniverse.org/subject_location/6938c294-dbe4-4030-a8cf-076e42c26629.png,0.4783
70342656546334671.png,40,"This is a merging galaxy system exhibiting a prominent tidal bridge of stellar material connecting the two primary components, indicative of a significant gravitational interaction.",214.18523378636039,44.322087303346485,330.07498,https://panoptes-uploads.zooniverse.org/subject_location/a66576c3-62d1-46a1-9893-dc3ec9364231.png,0.5909000000000001
41214952849044727.png,40,"This is a merging galaxy exhibiting a prominent, elongated tidal tail, indicating a significant gravitational interaction.",214.46294291817702,-0.05697357692789032,209.87526,https://panoptes-uploads.zooniverse.org/subject_location/dede59e5-9dd3-40a1-9589-6b3311677828.png,0.7083
41192936846682523.png,40,"This is a merging galaxy system exhibiting significant tidal distortion and a bridge-like structure connecting multiple galactic nuclei, indicative of a complex ongoing gravitational interaction.",207.0387333229612,-1.1312227838880773,254.88937,https://panoptes-uploads.zooniverse.org/subject_location/057269bd-9012-473b-8b1c-f68c7242c989.png,0.5417000000000001
69621230889630813.png,40,"This is a merging galaxy system exhibiting significant tidal distortion and a clear interaction bridge between the two galactic nuclei, indicating a major ongoing merger event.",243.5323468392677,42.43141442243715,399.15015,https://panoptes-uploads.zooniverse.org/subject_location/6ac78f60-6fa5-48e6-816d-f5d6533f2841.png,0.8621
69586471719295483.png,40,"This is an interacting galaxy system exhibiting clear tidal distortion and a bridge-like structure between the primary spiral and its companion, indicative of an ongoing gravitational merger.",226.79058695705774,42.869982511322654,410.7834,https://panoptes-uploads.zooniverse.org/subject_location/68f92e26-3c05-416b-bd84-06dacac897c4.png,0.7143
69635253957858570.png,40,"This is a complex galaxy cluster or group containing multiple interacting members with visible tidal tails and distorted morphologies, indicating a high-density environment with significant dynamical activity.",247.90085052502093,42.622886671926516,381.77472,https://panoptes-uploads.zooniverse.org/subject_location/6d023635-2549-461b-9cbc-0af31fa10e56.png,0.3333
70347028823040378.png,40,"This is a merging galaxy system exhibiting complex, disturbed shell-like structures and tidal debris, indicative of a significant recent gravitational interaction.",216.16049652042213,43.1564949065581,396.91077,https://panoptes-uploads.zooniverse.org/subject_location/78e7e096-af10-4ecd-8146-c5acd4ae24d1.png,0.8695999999999999
40154465294116619.png,40,"This is a merging galaxy system exhibiting clear tidal distortion and interaction features, indicating a significant gravitational encounter between two galactic bodies.",217.5507803938403,-1.8032972423384486,400.799,https://panoptes-uploads.zooniverse.org/subject_location/8fa1b929-e411-48cd-96ea-93a27bbec667.png,0.4615
41228262952689799.png,40,"This is a merging galaxy system exhibiting significant tidal distortion and a prominent, elongated tidal tail, indicating a strong gravitational interaction.",218.6639850698807,-1.0177730472238642,388.9166,https://panoptes-uploads.zooniverse.org/subject_location/6ebd131d-8d29-45d7-8896-5d5abe962cf2.png,0.2963
41218629341044885.png,40,"This is a merging galaxy system exhibiting significant tidal distortion and multiple interacting components, indicative of an ongoing galactic collision.",216.78795776416266,-1.4851692933340743,262.4679,https://panoptes-uploads.zooniverse.org/subject_location/4def01d6-3c63-465e-a5ba-6bda1e27314d.png,0.13640000000000002
69621793530342751.png,39,"This is a merging galaxy system exhibiting significant tidal distortion and a warped spiral arm, indicating a strong gravitational interaction between two galaxies.",242.34767592849266,42.9450429655493,445.4536,https://panoptes-uploads.zooniverse.org/subject_location/a30e5a79-9fa1-4efb-94b9-a113716f1ba9.png,0.6389
41218938578697491.png,39,"This is a merging galaxy system exhibiting clear tidal interaction and morphological distortion, indicating a significant gravitational encounter.",216.56618439411537,-0.02308271894376519,550.65265,https://panoptes-uploads.zooniverse.org/subject_location/44f3f28e-1ed2-47cb-bfd5-10b8d3bcc69a.png,0.23809999999999998
69621647501458799.png,39,"This is a merging galaxy system displaying a complex, multi-nucleated structure and diffuse tidal debris, characteristic of an advanced-stage galactic merger.",242.7337112178377,42.65517756985017,400.68542,https://panoptes-uploads.zooniverse.org/subject_location/cfe8662f-24b3-4714-abcd-8c2a1ae1c88a.png,0.2917
70342647956378597.png,39,"This is a merging galaxy system exhibiting significant tidal distortion and a bridge-like structure between two interacting galactic nuclei, indicative of an ongoing major merger event.",214.05608528899901,43.929961460025005,291.932,https://panoptes-uploads.zooniverse.org/subject_location/eff15cb7-696f-46ed-99bd-ea85dee2da3f.png,0.09519999999999999
41231836365483821.png,39,"This is an interacting galaxy system exhibiting a bright central core with a distinct, elongated tidal feature or secondary component, indicative of an ongoing galactic merger.",221.3256620131744,-0.990545422576538,400.27814,https://panoptes-uploads.zooniverse.org/subject_location/9c365e84-49dd-4a45-ab8c-11d1bcd52864.png,0.2258
41223469769194486.png,38,"This is a merging galaxy system exhibiting significant morphological distortion and asymmetric tidal features, indicative of an ongoing galactic interaction.",217.6995138514174,-0.17473425929939446,460.7844,https://panoptes-uploads.zooniverse.org/subject_location/e4b0432a-a720-48ea-8d77-1c5423bd0cf3.png,0.6667000000000001
70342493337577420.png,38,"This is a compact galaxy group or merging system exhibiting multiple luminous, clumpy star-forming regions within a shared envelope, indicative of a complex interaction.",214.3370564673155,43.160749131161516,414.64127,https://panoptes-uploads.zooniverse.org/subject_location/95d6f813-45b6-4d99-afe9-bfccbb460ae7.png,0.3636
69573681306688518.png,38,"This is a merging galaxy system exhibiting multiple nuclei and distorted tidal features, indicating a significant ongoing gravitational interaction.",220.0450369909192,42.60480447868649,273.70746,https://panoptes-uploads.zooniverse.org/subject_location/019336ad-0e89-49f6-ae4d-3a268fa14cb8.png,0.0526
41223328035267506.png,37,"This is a merging galaxy system exhibiting significant tidal distortion and multiple nuclei, indicating a complex ongoing interaction between two massive galaxies.",217.97669997291496,-0.3994049206911091,287.77768,https://panoptes-uploads.zooniverse.org/subject_location/0eb6268f-b292-4cce-bc92-74c4609e4f3d.png,0.2727
70369173674420820.png,37,"This is a merging galaxy system exhibiting significant morphological distortion and multiple interacting components, indicative of a complex ongoing galactic collision.",225.98559592300973,43.871026526335626,413.289,https://panoptes-uploads.zooniverse.org/subject_location/5cba4809-f90b-4b39-a2af-c78583ce6464.png,0.4828
69594980049515032.png,37,"This is a clumpy, irregular galaxy system displaying multiple luminous star-forming regions, characteristic of a high-redshift or post-merger starburst event.",231.28795288745124,42.46444187393219,445.83365,https://panoptes-uploads.zooniverse.org/subject_location/0cec4af9-e47c-4c7d-8158-ad8cd36dcbc4.png,0.2143
69625774965021058.png,37,"This is a galaxy exhibiting significant morphological disturbance and diffuse tidal features, suggesting a potential ongoing merger or interaction event.",245.14198269191644,42.713855041578846,221.67166,https://panoptes-uploads.zooniverse.org/subject_location/8caaee84-6fb3-40f2-8fe8-945db5b6a8af.png,0.2778
70373988332761444.png,37,"This is a merging galaxy system exhibiting significant tidal distortion and a bridge-like structure connecting two distinct galactic nuclei, indicative of an ongoing gravitational interaction.",227.21925368283078,44.068221523578266,281.86713,https://panoptes-uploads.zooniverse.org/subject_location/8eabca77-f6fd-417f-83bd-aed108ee0763.png,0.0625
69591002909794928.png,37,"This is a merging galaxy system exhibiting multiple nuclei and distorted tidal features, indicative of a significant ongoing gravitational interaction.",228.38095974346786,42.757051304046456,403.9782,https://panoptes-uploads.zooniverse.org/subject_location/36a1991b-2900-4a51-ad2b-dd46dcde7609.png,0.4118
69630319040423280.png,37,"This is a merging galaxy system exhibiting significant tidal distortion and a prominent, elongated tidal tail, indicative of a strong gravitational interaction.",246.85289974684184,43.105942872661075,479.15668,https://panoptes-uploads.zooniverse.org/subject_location/40abb70d-3ff9-4fb0-bae7-5f64b2f82cc6.png,0.3333
69621918084391363.png,37,"This is a merging galaxy system exhibiting a clear interaction between a large, diffuse elliptical host and a smaller, distinct companion, suggesting a ongoing galactic merger event.",242.21835326540506,42.32982365468952,455.28128,https://panoptes-uploads.zooniverse.org/subject_location/0ab15118-43c1-44e5-a169-bae05770dd41.png,0.1333
41223469769196599.png,36,"This is a spiral galaxy exhibiting significant tidal distortion and an asymmetric, extended spiral arm, suggesting a recent or ongoing gravitational interaction.",217.85612646463525,-0.1422720612169346,412.53812,https://panoptes-uploads.zooniverse.org/subject_location/301d8b04-0668-4b06-ad66-e7367c1d266e.png,0.44439999999999996
70408764682954349.png,36,"This is a merging galaxy system exhibiting clear tidal distortion and multiple nuclei, indicating an active gravitational interaction between two or more galactic components.",244.44979907362762,44.202906112531586,301.2323,https://panoptes-uploads.zooniverse.org/subject_location/ba301494-c617-4a2e-9e2d-c75ddacb35f0.png,0.23329999999999998
41227313764922889.png,36,"This is a galaxy cluster exhibiting multiple interacting and merging galaxies with distorted morphologies, indicating a high-density environment undergoing significant gravitational interaction.",219.97782577385493,-0.3137179303952562,511.30176,https://panoptes-uploads.zooniverse.org/subject_location/daa97805-0b79-43df-8233-f199aee00670.png,0.0
41210821090499427.png,36,"This is a merging galaxy system exhibiting clear tidal interaction and morphological distortion between a large elliptical host and a smaller companion, suggesting an ongoing gravitational encounter.",212.60948368529432,-0.44715684228587477,330.56256,https://panoptes-uploads.zooniverse.org/subject_location/a2f9c514-f9e1-47b3-9941-59d6279b2aa3.png,0.28
70347578578852571.png,36,"This is a galaxy group exhibiting clear signs of gravitational interaction and tidal distortion between multiple members, suggesting an ongoing merger event.",215.09295461276082,43.18378658938289,286.8017,https://panoptes-uploads.zooniverse.org/subject_location/c7248c10-cb2f-4ee0-8396-114d254be0a8.png,0.0
70351435459482931.png,36,"This is a merging galaxy system exhibiting clear tidal interaction and morphological distortion, indicating a significant gravitational encounter.",218.18000010762026,43.46020079488147,401.67816,https://panoptes-uploads.zooniverse.org/subject_location/19f62bad-5d5b-4b7b-9b01-ca71a73c7e71.png,0.0714
41218917103852436.png,36,"This is a merging galaxy exhibiting significant tidal distortion and a highly asymmetric, elongated morphology, indicative of a major gravitational interaction.",216.39934475058564,-1.0078262214229468,264.84668,https://panoptes-uploads.zooniverse.org/subject_location/63aa906c-5da3-4c53-995b-35a11e44ce2e.png,0.7083
70399680827131037.png,36,"This is a merging galaxy system exhibiting clear tidal distortion and overlapping galactic disks, indicating a significant gravitational interaction.",240.65463691932675,43.73742197559259,218.75148,https://panoptes-uploads.zooniverse.org/subject_location/3a58be30-d1a2-4eea-8040-f21fd0e33499.png,0.2917
70378394969204713.png,36,"This is a merging galaxy system exhibiting significant morphological distortion and overlapping galactic components, indicative of an ongoing gravitational interaction.",229.2135485538511,44.463485148083414,297.2893,https://panoptes-uploads.zooniverse.org/subject_location/a00aab76-d92b-4266-8bed-290b51285566.png,0.7143
69563918846026652.png,35,"This is a galaxy exhibiting a highly elongated, edge-on morphology with potential tidal distortion, indicating a possible interaction or merger event.",217.7040321864005,42.4705316495818,296.09247,https://panoptes-uploads.zooniverse.org/subject_location/3e4428bc-3564-46f6-b63b-f90edba4a0b1.png,0.3103
69603926466393010.png,35,"This is an interacting galaxy system exhibiting a prominent spiral galaxy with a nearby companion, suggesting a gravitational interaction or ongoing merger event.",235.06614208156117,42.97749654340652,398.82782,https://panoptes-uploads.zooniverse.org/subject_location/43a8f257-0e31-4ea3-a8d8-8c44590ed7fc.png,0.5789
70377699184509919.png,35,"This is a merging galaxy system exhibiting significant tidal distortion and asymmetric spiral arms, indicative of an ongoing gravitational interaction.",230.68532012531594,44.158071880507954,203.28477,https://panoptes-uploads.zooniverse.org/subject_location/001e5afa-0bc5-4b57-97a6-d44c372af93e.png,0.0455
69559799972385153.png,35,"This is a galaxy group exhibiting multiple interacting components and potential tidal distortions, suggesting a compact group undergoing gravitational interaction.",215.30523138819828,42.51832313104507,391.72522,https://panoptes-uploads.zooniverse.org/subject_location/5073f3f7-683c-4a09-bde3-a5ec07a5e72a.png,0.56
41196798022277269.png,35,"This is a merging galaxy system showing a prominent spiral galaxy with a smaller companion galaxy overlapping its disk, suggesting a significant interaction event.",209.28747737979285,-0.6428005530181385,385.48172,https://panoptes-uploads.zooniverse.org/subject_location/11bb55fb-4706-4f02-995c-8f877f6cef27.png,0.35000000000000003
70404224902524266.png,34,"This is a clumpy, irregular galaxy displaying multiple luminous star-forming regions and a highly disturbed morphology, suggesting a recent merger or intense starburst event.",242.45341703810013,44.04054371225041,179.59422,https://panoptes-uploads.zooniverse.org/subject_location/bfb171d1-558c-4237-9e50-959c85f76140.png,0.0667
70387165292427322.png,34,"This is a merging galaxy system exhibiting clear tidal interaction and a bridge of stellar material connecting the two components, indicative of an ongoing gravitational encounter.",233.25875791024902,43.39544692227944,211.31763,https://panoptes-uploads.zooniverse.org/subject_location/21249dca-5753-4e9c-8262-f4cf02127799.png,0.047599999999999996
70377828033520631.png,34,"This is a merging galaxy system exhibiting clear morphological distortion and tidal interaction between two distinct galactic components, suggesting an ongoing gravitational encounter.",230.3543852901212,43.692811294013666,184.71635,https://panoptes-uploads.zooniverse.org/subject_location/e53de070-4a3b-4c9a-98a6-02e17771002c.png,0.0
69577246129538197.png,34,"This is a galaxy exhibiting a highly elongated, irregular morphology, likely a disturbed or interacting system showing significant tidal deformation.",223.57249920477108,42.25157734663625,396.9195,https://panoptes-uploads.zooniverse.org/subject_location/40d526ff-f76c-4e5f-abb6-2cf0dd3173c8.png,0.1739
70369186559322488.png,33,"This is a merging galaxy system exhibiting multiple nuclei and diffuse tidal debris, indicative of an ongoing gravitational interaction.",225.97003588761385,44.479651751174146,328.73682,https://panoptes-uploads.zooniverse.org/subject_location/022e97d6-473e-420a-beb4-9b09d8705564.png,0.25
69590457448951551.png,33,"This is a merging galaxy system exhibiting clear signs of tidal interaction and morphological distortion between the primary and secondary components, suggesting an ongoing gravitational encounter.",229.43054847274365,42.97913984257005,260.86664,https://panoptes-uploads.zooniverse.org/subject_location/3932e1d2-de35-4597-a950-b2b555f6a875.png,0.11109999999999999
69568737799336556.png,33,"This is a merging galaxy system exhibiting a bright primary elliptical component with a distinct, smaller companion galaxy in close proximity, suggesting an ongoing gravitational interaction.",219.02665946770833,42.86297710642815,409.68488,https://panoptes-uploads.zooniverse.org/subject_location/f01a2f06-68c2-447d-8d98-130d0d6c7bc7.png,0.13640000000000002
69582198226832254.png,33,"This is a merging galaxy system exhibiting significant tidal distortion and multiple luminous star-forming knots, indicative of an ongoing gravitational interaction.",224.5651942744343,42.334003907958525,358.21786,https://panoptes-uploads.zooniverse.org/subject_location/b334985d-b1b6-47bd-b111-59674c2f9bdc.png,0.07690000000000001
41193087170537656.png,33,"This is a galaxy group exhibiting multiple interacting and merging galaxies with distorted morphologies, suggesting a high-density environment with ongoing gravitational interactions.",206.89212015081756,-0.5844732985610318,457.92218,https://panoptes-uploads.zooniverse.org/subject_location/a0f812ae-c242-4808-8f49-b812f7456a2e.png,0.1481
69634712791972949.png,33,"This is a merging galaxy system exhibiting significant tidal distortion and a clear interaction bridge between the primary and secondary components, indicating a ongoing gravitational encounter.",248.9432751887192,43.00853680926104,384.25113,https://panoptes-uploads.zooniverse.org/subject_location/74d7d539-22ca-4b18-a925-958c98c22384.png,0.15789999999999998
40124233019313594.png,33,"This is a merging galaxy system displaying a highly elongated, distorted morphology and a secondary nucleus, indicative of an ongoing major merger event.",206.39716068389734,-1.729178092751207,331.8842,https://panoptes-uploads.zooniverse.org/subject_location/2b66bca2-0d31-4159-b263-8542baf6fceb.png,0.35710000000000003
41237076225585697.png,33,"This is a complex interacting galaxy system showing multiple distorted components and clumpy star-forming regions, characteristic of a multi-body merger event.",221.61558853637416,-0.2301056498958652,382.10962,https://panoptes-uploads.zooniverse.org/subject_location/e53fd6e0-b2f7-4df4-9ab4-52175d30790f.png,0.05
69586866856282589.png,33,"This is a merging galaxy system exhibiting clear signs of gravitational interaction and morphological distortion, suggesting an ongoing collision.",226.05446084934158,42.1229307646027,429.53986,https://panoptes-uploads.zooniverse.org/subject_location/dd060bd4-ac0a-46ff-9929-0de600b6e66e.png,0.2
41215068813160709.png,33,"This is a complex interacting galaxy group showing multiple distorted components and clumpy, luminous star-forming regions, suggesting a high-energy, multi-body gravitational interaction.",214.27938758812817,-0.960190953501285,238.15106,https://panoptes-uploads.zooniverse.org/subject_location/c0c22783-1ff4-426d-a4ff-5d6091e8630e.png,0.2759
40132621090450469.png,32,"This is a merging galaxy system exhibiting significant morphological distortion and tidal features, indicative of an ongoing gravitational interaction.",209.9575571268136,-1.5108977592617914,275.22955,https://panoptes-uploads.zooniverse.org/subject_location/941552f6-b03c-4e2d-8261-6ef4f13d6fce.png,0.037000000000000005
40136739964085795.png,32,"This is a potential gravitational lens candidate or close binary system, exhibiting two distinct, high-luminosity point sources in close proximity that warrant further spectroscopic follow-up.",211.89148938927568,-1.614015132773036,301.81958,https://panoptes-uploads.zooniverse.org/subject_location/1876ab64-cf25-4c81-80b0-688af759877b.png,0.1471
69586334280345521.png,32,"This is a merging galaxy system showing two distinct galactic nuclei in close proximity with signs of morphological disturbance, indicating an active merger event.",227.02996548845766,42.923541220543946,265.30316,https://panoptes-uploads.zooniverse.org/subject_location/520d19d7-5ab8-48f4-8c16-3872f8a09ea1.png,0.125
69582056492910707.png,32,"This is a merging galaxy system exhibiting clear morphological distortion and overlapping components, indicative of an ongoing gravitational interaction between two galaxies.",224.79371716964548,42.119255979687125,389.21857,https://panoptes-uploads.zooniverse.org/subject_location/7025f093-5e66-4a05-a488-9742dcac7443.png,0.1739
70359952379635283.png,32,"This is a merging galaxy system exhibiting clear morphological distortion and a secondary nucleus, indicating an active gravitational interaction.",222.6469993282972,43.379064740089,395.80286,https://panoptes-uploads.zooniverse.org/subject_location/da3db1ca-37e7-42d6-a935-a7b4610eaada.png,0.2857
70347870636629530.png,32,This is a merging galaxy system showing clear signs of interaction and potential tidal bridge formation between two distinct galactic components.,214.67906527692213,43.89858929648807,290.12085,https://panoptes-uploads.zooniverse.org/subject_location/5e3d7b5a-1859-4d97-ba6e-e967df1a96a8.png,0.1562
69590723736916530.png,32,"This is a merging galaxy system exhibiting multiple nuclei and distorted tidal features, indicating a complex ongoing interaction.",228.85825618619157,42.51218159626327,201.89041,https://panoptes-uploads.zooniverse.org/subject_location/71b126f7-d034-4423-b0e8-6955135fae22.png,0.0
41232381826335571.png,32,"This is a merging galaxy system exhibiting clear tidal distortion and overlapping galactic disks, indicative of an ongoing gravitational interaction.",220.5953552876927,-1.0897856923702791,217.52768,https://panoptes-uploads.zooniverse.org/subject_location/0720d598-981d-41f5-823a-6c7525fa7536.png,0.0333
70386490982560483.png,31,"This is a galaxy group containing a prominent spiral galaxy with a nearby companion, showing signs of tidal interaction and potential merger activity.",234.61712362920048,43.89527048993749,205.40152,https://panoptes-uploads.zooniverse.org/subject_location/3028f5a6-37f6-47de-9c38-02c384aa1ba6.png,0.1481
69590852585941380.png,31,"This is a ring galaxy displaying a distinct, luminous circular structure surrounding a central core, characteristic of a collisional ring galaxy formation.",228.7568906915865,42.27488969796917,426.7034,https://panoptes-uploads.zooniverse.org/subject_location/913446cd-38a6-48b8-ab3f-edc473fd1833.png,0.5
41192404270741540.png,31,"This is a merging galaxy system exhibiting clear morphological distortion and tidal interaction between two central components, suggesting an ongoing galactic collision.",207.75290646014955,-0.34989641444673536,420.7779,https://panoptes-uploads.zooniverse.org/subject_location/238598c1-12e9-4e98-81f1-18634d20e86f.png,0.15789999999999998
70417406157161401.png,31,"This is a merging galaxy system exhibiting clear tidal interaction and morphological distortion between two distinct galactic components, indicating an active gravitational encounter.",248.68336788039903,43.56650325372814,233.3136,https://panoptes-uploads.zooniverse.org/subject_location/01b05d6d-de30-40c9-b063-9c1568a89a45.png,0.25
41201745824609934.png,31,"This is a galaxy group exhibiting a potential interacting pair with tidal distortion, suggesting an ongoing gravitational encounter.",210.06104609254876,-0.5349433119517005,231.29791,https://panoptes-uploads.zooniverse.org/subject_location/d9cba863-9f58-4df2-ba36-bbf469b2bdd8.png,0.08
69595529805319808.png,31,"This is a merging galaxy system showing two distinct galactic nuclei in close proximity, characteristic of an early-stage galaxy collision.",230.28702574030075,42.316568452569214,253.02216,https://panoptes-uploads.zooniverse.org/subject_location/2a14219e-4616-4037-b8b0-40d954626444.png,0.125
70386503867466005.png,30,"This is a merging galaxy system exhibiting clear signs of tidal interaction and multiple nuclei, suggesting an ongoing galactic collision.",234.62837600510676,44.52949960867339,242.06824,https://panoptes-uploads.zooniverse.org/subject_location/8b138190-2085-4b0b-991d-6aae68ebf03f.png,0.0588
70408631538965995.png,30,"This is a peculiar galaxy exhibiting a highly distorted, T-shaped morphology, likely indicative of a recent tidal interaction or ongoing merger event.",244.66212495160832,44.39880269596664,251.11014,https://panoptes-uploads.zooniverse.org/subject_location/32066147-8f08-40a2-9f90-33b35e46808b.png,0.0
41214781050350168.png,30,"This is a ring galaxy exhibiting a prominent, well-defined outer ring structure surrounding a central bulge, indicative of a significant collisional or resonance event.",214.6822047881105,-1.4228182141340273,455.76273,https://panoptes-uploads.zooniverse.org/subject_location/915ab16c-3bf0-46a1-b15b-12001f091bcd.png,0.5357000000000001
40145677791024847.png,30,"This is a merging galaxy system exhibiting clear morphological distortion and tidal interaction between multiple components, suggesting an ongoing gravitational encounter.",214.64255325903858,-1.5299866470141938,436.29346,https://panoptes-uploads.zooniverse.org/subject_location/ddef8df4-2067-4bd7-a7ec-bfd111a7d746.png,0.0
70360639574400103.png,29,"This is a clumpy galaxy system displaying multiple luminous, star-forming regions within a disturbed, irregular morphology, indicative of high-redshift or post-merger starburst activity.",221.41132658914313,43.31473149051628,347.06268,https://panoptes-uploads.zooniverse.org/subject_location/d7762be2-a6d8-4efe-b0bf-0784c41329e2.png,0.1923
69582339960761701.png,29,"This is an interacting galaxy system showing a close pair with morphological distortion, suggesting an ongoing merger event.",224.12748088870146,42.66953183909205,245.49768,https://panoptes-uploads.zooniverse.org/subject_location/ca98b5f5-cbd8-45e6-8c66-c82a0e8f9c1b.png,0.0
69635249662884450.png,29,"This is an interacting galaxy system exhibiting a clear morphological disturbance and a companion structure, suggesting an ongoing galactic merger or tidal interaction.",247.9434544592574,42.40790289693323,287.6544,https://panoptes-uploads.zooniverse.org/subject_location/e278a4f4-82e5-4513-8af2-40648aac1df9.png,0.4
41214793935258644.png,29,"This is a galaxy exhibiting morphological irregularities and potential tidal distortion, suggesting an ongoing interaction or merger event.",214.6841827511366,-0.9003954035453172,196.30974,https://panoptes-uploads.zooniverse.org/subject_location/1fd6e316-cba7-4c68-a05a-68188ff85159.png,0.05
70405045241278791.png,29,"This is a merging galaxy system showing significant tidal disruption and overlapping structures, characteristic of a late-stage galactic collision.",241.03461082772696,43.84635309540121,236.09576,https://panoptes-uploads.zooniverse.org/subject_location/4015d802-3f4c-4b80-a861-fedd7dda3062.png,0.0
69609011707667897.png,29,"This is a merging galaxy system exhibiting clear signs of gravitational interaction, including tidal distortion and a bridge-like structure between the two primary components.",235.69764476129808,42.94182345054743,198.18729,https://panoptes-uploads.zooniverse.org/subject_location/43780cd6-1990-4c3f-a9ee-ad352e8a7a9b.png,0.0714
70395961385455415.png,29,"This is a galaxy exhibiting a distinct ring-like morphology, likely a ring galaxy or a strongly barred spiral with a prominent nucleus, suggesting a significant dynamical event.",237.51492049765707,43.39228122659736,170.08951,https://panoptes-uploads.zooniverse.org/subject_location/358ea920-51c2-4b18-8294-cf5c017a217a.png,0.1852
70364371900979015.png,29,"This is a galaxy cluster exhibiting multiple interacting galaxies with overlapping morphologies and distorted tidal features, suggesting an active ongoing merger event.",224.6919904530923,44.24704134955645,264.43112,https://panoptes-uploads.zooniverse.org/subject_location/674aea76-b10f-4a0c-8ddb-975e43f81b73.png,0.0909
70364779922873800.png,29,"This is a merging galaxy system exhibiting a clear interaction between a dominant elliptical galaxy and a smaller companion, suggesting an ongoing gravitational merger event.",223.9605971256706,44.13076923103741,270.65668,https://panoptes-uploads.zooniverse.org/subject_location/64fe0ec6-9e4c-42c7-bd41-092d4f20292f.png,0.0667
70377819443591601.png,28,"This is a merging galaxy system exhibiting a clear interaction between two distinct galactic nuclei, suggesting a significant ongoing gravitational merger event.",230.30613253565784,43.39447330392303,274.1856,https://panoptes-uploads.zooniverse.org/subject_location/00967612-5166-4494-998e-e00e9ba1f3c7.png,0.2609
69563914551059502.png,28,"This is a merging galaxy system exhibiting clear morphological distortion and tidal interaction between two distinct galactic components, suggesting an ongoing gravitational encounter.",217.7674967742762,42.26899481750723,332.96216,https://panoptes-uploads.zooniverse.org/subject_location/bc39b3e4-c91a-4403-9489-a6a8d41dac6a.png,0.1786
41219191981762737.png,28,"This is a merging galaxy system exhibiting significant morphological distortion and tidal features, indicative of an ongoing galactic interaction.",216.11342714619843,-0.9536922443786331,220.58331,https://panoptes-uploads.zooniverse.org/subject_location/a025c266-8390-49b7-8d7f-a0d2ae9dcf02.png,0.22219999999999998
70404229197488794.png,28,"This is a galaxy exhibiting a diffuse, irregular morphology with potential tidal features, suggesting a recent interaction or merger event.",242.6135314515613,44.1777008177394,394.78345,https://panoptes-uploads.zooniverse.org/subject_location/59c31a0a-f435-4e5b-b671-89dc23aca1e4.png,0.36840000000000006
41227872110668224.png,28,"This is a merging galaxy system exhibiting significant morphological distortion and tidal interaction features, suggesting a complex ongoing gravitational encounter.",219.23395242570496,-0.03443144687625324,279.40155,https://panoptes-uploads.zooniverse.org/subject_location/783959fa-7804-4d3b-a25e-55032bc3b01e.png,0.129
69590302830117548.png,28,"This is a pair of interacting galaxies exhibiting clear morphological distortion and overlapping tidal features, suggesting an ongoing gravitational interaction.",229.69440970908212,42.135138666305195,302.5119,https://panoptes-uploads.zooniverse.org/subject_location/6f94ae54-12c1-4802-b3f1-86af64159312.png,0.1333
69603913581492369.png,28,"This is a merging galaxy system exhibiting multiple distinct nuclei within a shared, diffuse stellar envelope, indicative of an ongoing major galaxy merger.",234.95013737832335,42.472579359421864,291.27502,https://panoptes-uploads.zooniverse.org/subject_location/219716c2-2a79-4509-8927-4dc8e8edb514.png,0.39130000000000004
40158721606704106.png,27,"This is a merging galaxy system exhibiting clear tidal interaction and morphological distortion, indicating a significant gravitational encounter.",219.20097567271839,-2.009575404320636,302.98734,https://panoptes-uploads.zooniverse.org/subject_location/94fa0007-4c6a-483d-bd2a-b44306df3835.png,0.0833
69569016972201068.png,27,"This is a galaxy cluster containing multiple interacting elliptical galaxies, showing signs of gravitational interaction and potential merging within the cluster core.",218.45504837308545,42.88124730622944,552.8975,https://panoptes-uploads.zooniverse.org/subject_location/a2c56e5e-4c7a-47fd-ac45-88db958d9e51.png,0.23079999999999998
41218771074969925.png,26,"This is a galaxy interaction system exhibiting two galaxies in close proximity with potential tidal distortion, suggesting an ongoing gravitational encounter.",216.5952038903151,-1.2720663069366704,240.40372,https://panoptes-uploads.zooniverse.org/subject_location/5a0b6736-28b0-437c-944c-7d35eadf0066.png,0.2
70418106236822058.png,26,"This is a merging galaxy system displaying significant morphological distortion and tidal debris, characteristic of an ongoing galactic interaction.",247.3278746454759,44.04240942910383,218.32027,https://panoptes-uploads.zooniverse.org/subject_location/acb8fa6e-015e-4845-bf53-7bd5407a33fa.png,0.0556
70365050505808441.png,26,"This is a merging galaxy system exhibiting clear tidal interaction and a bridge of material between the two components, indicating an active gravitational encounter.",223.41207892597828,43.83429999256835,228.6525,https://panoptes-uploads.zooniverse.org/subject_location/cef96e18-9b60-48da-8416-388f7c7a5ffc.png,0.0
41214510467408176.png,26,"This is a clumpy, irregular galaxy displaying multiple luminous star-forming regions and a highly distorted, non-equilibrium morphology indicative of recent gravitational disturbance.",215.0808625995372,-1.3506986975861939,222.10739,https://panoptes-uploads.zooniverse.org/subject_location/6ff0100d-e1eb-4a14-8213-5019d09d95ea.png,0.0
41192541709697172.png,26,"This is a merging galaxy system exhibiting a distinct double nucleus within a shared envelope, indicating an ongoing galactic merger event.",207.58221613422327,-0.2909241694723724,379.9328,https://panoptes-uploads.zooniverse.org/subject_location/3565c029-760b-4e21-8682-c71117dbf733.png,0.11109999999999999
70381951202130938.png,25,"This is a compact galaxy group exhibiting multiple closely interacting members, suggesting a high-density environment conducive to galactic mergers.",232.8624478810264,43.762200688557876,204.12521,https://panoptes-uploads.zooniverse.org/subject_location/ebdc5113-3e73-4d9a-b8f2-18fc0730be06.png,0.0667
70369577401352537.png,25,This is a merging galaxy system exhibiting clear tidal interaction and morphological distortion between two closely associated galactic nuclei.,225.33034913634154,43.5659341967042,227.8659,https://panoptes-uploads.zooniverse.org/subject_location/911d96c9-a42e-4453-87e1-a8e0c0066d5c.png,0.0
41227313764918146.png,25,"This is a merging galaxy system exhibiting significant morphological distortion, multiple nuclei, and tidal debris, characteristic of a complex ongoing galactic interaction.",219.94246520393068,-0.371633465210617,412.69217,https://panoptes-uploads.zooniverse.org/subject_location/b4cc319b-9bd6-4b2a-bfcd-1de2e7206c02.png,0.47619999999999996
41209992161825823.png,25,"This is a merging galaxy system exhibiting clear morphological distortion and tidal interaction between two distinct galactic components, indicating an ongoing gravitational encounter.",213.6227753637495,-0.4679741566161053,393.8147,https://panoptes-uploads.zooniverse.org/subject_location/1dfcb865-8776-4477-bee8-5ae4a249cef1.png,0.0286
40133170846260332.png,25,"This is a merging galaxy system exhibiting clear tidal distortion and a disturbed morphology, indicative of an ongoing galactic interaction.",209.13364324450112,-1.5288831451621907,186.8445,https://panoptes-uploads.zooniverse.org/subject_location/0e87c13b-f12e-479a-b67b-0badd83a50a6.png,0.125
40132754234435438.png,24,"This is a barred spiral galaxy exhibiting a prominent, well-defined bar structure and extended spiral arms, which is a classic morphological example of a barred galaxy.",209.7434330318199,-1.7231492881379633,280.83063,https://panoptes-uploads.zooniverse.org/subject_location/26adf2ca-349c-4a05-b6b1-c1eb1035ad74.png,0.5769
70369448552326735.png,24,"This is a merging galaxy exhibiting highly distorted tidal tails and a disrupted morphology, indicating a significant ongoing gravitational interaction.",225.5776690222902,43.83156235795088,263.52496,https://panoptes-uploads.zooniverse.org/subject_location/9904c118-c75c-4ff4-a513-8a7115605091.png,0.1515
70417968797865843.png,24,"This is a galaxy system exhibiting a close-pair interaction or potential double-nucleus merger, suggesting a significant gravitational encounter.",247.5883850854663,43.99439044703508,206.68355,https://panoptes-uploads.zooniverse.org/subject_location/aaae3779-301e-4991-82d9-f06901b6e553.png,0.0667
41214394503301506.png,24,"This is a merging galaxy system exhibiting significant morphological distortion and tidal interaction, suggesting a complex ongoing gravitational encounter.",215.13828973371292,-0.3702908331741934,267.7049,https://panoptes-uploads.zooniverse.org/subject_location/7f0f3593-e6c2-45d9-b8da-eaf5e247d177.png,0.07690000000000001
70391567633903843.png,24,"This is a merging galaxy system exhibiting significant tidal distortion and a bridge-like structure connecting two distinct galactic nuclei, indicative of an ongoing gravitational interaction.",235.4641951590197,43.517212892603496,149.83989,https://panoptes-uploads.zooniverse.org/subject_location/eaa09b53-9be1-420a-ab05-cba6ffe04e29.png,0.1
70382646986832890.png,23,"This is a merging galaxy system exhibiting clear morphological distortion and tidal interaction between two distinct galactic components, suggesting an ongoing gravitational encounter.",231.62045636224065,44.125502494177745,203.3578,https://panoptes-uploads.zooniverse.org/subject_location/2cfd28af-2ea0-4035-85e6-6a977a26a43c.png,0.1176
69626045547966155.png,23,"This is an interacting galaxy system exhibiting a prominent spiral galaxy with a distinct, nearby companion, suggesting a gravitational interaction or ongoing merger event.",244.71633220296332,42.569586986665385,471.57886,https://panoptes-uploads.zooniverse.org/subject_location/9edc448f-55e9-42e8-adfc-99864c53e9ff.png,0.375
70346908563953741.png,23,"This is a galaxy pair showing clear signs of gravitational interaction, with overlapping disks and potential tidal bridge formation.",216.25952550353537,43.839444678703614,258.34814,https://panoptes-uploads.zooniverse.org/subject_location/8bd7962f-402b-409c-bf9a-79d0e55a2fed.png,0.0741
69608036750094242.png,23,"This is a galaxy system exhibiting a close-separation double nucleus, suggesting a late-stage galactic merger or a highly compact interacting pair.",237.5444555128454,42.35550254895643,229.7626,https://panoptes-uploads.zooniverse.org/subject_location/ca9061f0-505d-4a59-b6f1-2e56f2caeff7.png,0.0
41227434024005039.png,23,"This is a galaxy exhibiting a clear barred spiral structure with an asymmetric, extended disk, suggesting a recent tidal interaction or ongoing gravitational perturbation.",219.81637292520492,-1.1177266680707272,395.2338,https://panoptes-uploads.zooniverse.org/subject_location/41644235-76c2-4872-a142-5a69e91cc87e.png,0.36
41193211724593141.png,22,"This is a merging galaxy system exhibiting clear tidal interaction and morphological distortion, indicating a significant gravitational encounter between two galaxies.",206.71847642277407,-1.0809523882130434,237.66278,https://panoptes-uploads.zooniverse.org/subject_location/27d5796d-b711-4beb-865a-9f46628721b1.png,0.0323
70408743208125686.png,22,"This is a merging galaxy system exhibiting clear tidal distortion and multiple interacting components, suggesting an ongoing galactic collision.",244.42449144467872,43.38506047538101,250.22932,https://panoptes-uploads.zooniverse.org/subject_location/e43f5d06-1140-484f-b1d9-dbe4cc439859.png,0.0
69573823040609008.png,22,"This is a galaxy cluster exhibiting a compact group of interacting galaxies with overlapping tidal features, suggesting a high-density environment undergoing significant gravitational interaction.",219.8075849723667,42.74163074397657,389.29724,https://panoptes-uploads.zooniverse.org/subject_location/62e2b329-eb08-4cd0-a832-0f617de48292.png,0.0909
41223740352131830.png,22,"This is a merging galaxy system exhibiting a close-pair interaction with distinct, overlapping galactic nuclei and associated tidal distortion, indicating an active gravitational encounter.",217.32388534183144,-0.3938029459318999,314.58063,https://panoptes-uploads.zooniverse.org/subject_location/44d9e269-8b1b-45d4-94a9-8903a2acdebe.png,0.0
69622055523348575.png,22,"This is a merging galaxy system exhibiting clear tidal distortion and interaction between two distinct galactic components, indicating an ongoing gravitational encounter.",242.00359739545343,42.41436342554157,223.56946,https://panoptes-uploads.zooniverse.org/subject_location/8b285938-4ee8-4a7d-b10c-61ca12654e92.png,0.22219999999999998
70399693712032163.png,22,"This is a merging galaxy system exhibiting a clear, close-proximity interaction between two distinct galactic nuclei, suggesting an ongoing gravitational encounter.",240.88176197817384,44.31904795250962,276.47183,https://panoptes-uploads.zooniverse.org/subject_location/fd9ad689-c575-48d5-b225-d895fad50980.png,0.0
41219213456605012.png,21,"This is a merging galaxy system exhibiting a bright central elliptical component with a distinct, interacting companion, suggesting an ongoing galactic merger event.",216.0555765664612,-0.04761149212633785,317.35474,https://panoptes-uploads.zooniverse.org/subject_location/d93f2be9-9d1b-41db-8c5e-25dad20c5b7b.png,0.2
70347041707941137.png,21,"This is a galaxy cluster containing a dominant central elliptical galaxy with multiple satellite galaxies in close proximity, suggesting a potential ongoing interaction or merger event within the cluster core.",216.0892074328285,43.68303968860121,406.62317,https://panoptes-uploads.zooniverse.org/subject_location/20bdc0ea-8e20-4632-8955-5bbc2a429835.png,0.2
40154190416207406.png,21,"This is a merging galaxy system exhibiting close proximity and potential tidal interaction between two galactic nuclei, suggesting an ongoing gravitational merger event.",217.85278760838747,-1.8896700891435765,214.55893,https://panoptes-uploads.zooniverse.org/subject_location/e59e6bd0-0f6b-4be9-8b08-82a2b1beb14e.png,0.0
40137019136961926.png,21,"This is a galaxy group exhibiting multiple interacting members with visible tidal distortions and overlapping morphologies, suggesting a dynamic, ongoing gravitational interaction.",211.38029885105462,-1.5257494363669264,288.07617,https://panoptes-uploads.zooniverse.org/subject_location/ed614d89-d304-45f3-9f4f-5753d19195e1.png,0.0
69634562468109101.png,21,"This is a merging galaxy system exhibiting clear tidal interaction and morphological distortion, indicating a significant gravitational encounter.",249.24087520038438,42.31143266555385,271.38327,https://panoptes-uploads.zooniverse.org/subject_location/98887eae-5cd7-453b-9047-be08bb5f09cd.png,0.2
70369027645533883.png,21,"This is a merging galaxy system exhibiting clear tidal interaction and morphological distortion, indicating a significant gravitational encounter between two galaxies.",226.27158292745983,43.50337069659794,175.64948,https://panoptes-uploads.zooniverse.org/subject_location/d3c4d831-1070-4b2d-bf38-7f0ccd26cee4.png,0.0
41240787077332225.png,21,"This is a galaxy cluster containing a central dominant galaxy exhibiting multiple interacting components and tidal distortions, suggesting an ongoing merger event.",224.12864315003563,-0.10235319707106694,844.0325,https://panoptes-uploads.zooniverse.org/subject_location/804d8bc1-a39b-4858-9b9e-61ad0b075e32.png,0.2647
41214098150555417.png,21,"This is a merging galaxy system displaying a disturbed, asymmetric morphology with extended tidal debris, suggesting a late-stage galactic merger.",215.53588471736197,-1.238658358451941,301.5946,https://panoptes-uploads.zooniverse.org/subject_location/f043c308-4177-4024-b072-83e4f6c2f1ca.png,0.069
41210258449790547.png,21,"This is a compact galaxy group featuring multiple interacting members with distorted morphologies, characteristic of a dense, dynamically active environment.",213.3056443404252,-0.9593332892300658,224.2847,https://panoptes-uploads.zooniverse.org/subject_location/2a8971f2-352d-466b-8dfd-101f9cbb98b1.png,0.0833
70360094113551569.png,21,"This is a galaxy group exhibiting a potential interacting pair with distorted tidal features, suggesting an ongoing gravitational encounter.",222.3379586379039,43.46351356197475,422.3059,https://panoptes-uploads.zooniverse.org/subject_location/5181c459-8946-4257-b13d-d587c20811ce.png,0.0556
40168492657304128.png,21,"This is a merging galaxy system exhibiting clear tidal interaction and morphological distortion, suggesting a significant gravitational encounter between two galactic components.",220.99262360447057,-1.5467332699934475,240.96614,https://panoptes-uploads.zooniverse.org/subject_location/072096bb-09e2-468c-bb35-047c8fa00c81.png,0.1429
69604184164426502.png,21,"This is a merging galaxy system exhibiting significant tidal distortion and overlapping galactic disks, indicative of an ongoing gravitational interaction.",234.3635460873144,42.28646990447301,253.23233,https://panoptes-uploads.zooniverse.org/subject_location/da7bc2b9-92ac-4ca2-bf26-88fc4c5bd0a1.png,0.2727
70378094321487332.png,21,"This is a merging galaxy system exhibiting clear morphological distortion and tidal interaction between two closely associated galactic nuclei, indicating an ongoing gravitational encounter.",229.78838169253177,43.26665883819389,231.62933,https://panoptes-uploads.zooniverse.org/subject_location/792fa1e4-4b22-4306-a608-b76a8295dae3.png,0.0
70404761773442437.png,20,This is a compact group of galaxies showing clear signs of morphological disturbance and potential interaction between multiple members.,241.41375493368153,43.5368415790047,398.21735,https://panoptes-uploads.zooniverse.org/subject_location/b41c18ae-429b-4752-8467-0e7251a1c5d9.png,0.0625
70373296843028519.png,20,"This is a galaxy exhibiting a prominent, extended tidal tail, which is a clear morphological signature of a recent gravitational interaction or merger event.",228.52593260120298,43.940056849235596,182.12067,https://panoptes-uploads.zooniverse.org/subject_location/dfbe4ab4-ccc1-421c-889b-fa9664c83960.png,0.2857
69591277787706746.png,20,"This is a merging galaxy system exhibiting clear signs of tidal interaction and morphological distortion, suggesting a significant ongoing gravitational encounter.",228.08081992779282,42.795699357660894,326.28986,https://panoptes-uploads.zooniverse.org/subject_location/85e6222a-08d1-4b88-b5b7-966cac6cb928.png,0.0
41214111035461024.png,20,"This is a merging galaxy system exhibiting clear morphological distortion and tidal interaction between two distinct galactic components, suggesting an ongoing gravitational encounter.",215.48927142891512,-0.6784673260359984,220.87436,https://panoptes-uploads.zooniverse.org/subject_location/78ab37a1-53f2-4af3-8d9f-f9c0931163e8.png,0.1923
41201037155006146.png,20,"This is an interacting galaxy system featuring an edge-on primary galaxy with a distinct companion, suggesting an ongoing tidal interaction.",210.93561470076227,-1.4241079459116286,389.16873,https://panoptes-uploads.zooniverse.org/subject_location/f4581671-18b8-487e-9056-42eb8d6060e7.png,0.2857
41214536237222018.png,20,"This is a merging galaxy system exhibiting clear signs of tidal interaction and morphological distortion, suggesting a significant ongoing gravitational encounter.",214.9350185479405,-0.18868018450051982,382.45547,https://panoptes-uploads.zooniverse.org/subject_location/97afcf58-520a-4000-ac3f-4fb8851b3fd3.png,0.07690000000000001
41223594323246010.png,20,"This is a merging galaxy system exhibiting significant tidal distortion and multiple interacting components, indicating a complex ongoing gravitational interaction.",217.55756444665693,-0.7405104565169832,192.92421,https://panoptes-uploads.zooniverse.org/subject_location/0fa59591-4b26-4063-bf60-c911acc6ca84.png,0.0
70369452847299462.png,19,"This is a merging galaxy system exhibiting two distinct, closely interacting galactic nuclei, suggesting an ongoing gravitational interaction or merger event.",225.53216758478058,44.0902135617448,225.20015,https://panoptes-uploads.zooniverse.org/subject_location/89f5cf06-f549-4791-b0ed-f97e28c794ce.png,0.0455
41241044775358806.png,19,"This is a galaxy group containing an interacting system with a clearly disturbed, asymmetric morphology and tidal features, suggesting an ongoing gravitational interaction.",223.79482645196362,-1.006150344109261,231.01752,https://panoptes-uploads.zooniverse.org/subject_location/16766f13-ce9c-4ea8-bf64-00f63dcaaead.png,0.069
70373425692046659.png,19,This is a galaxy cluster field containing an edge-on spiral galaxy that appears to be undergoing a gravitational interaction with a nearby elliptical galaxy.,228.23951785028544,43.55526686986914,399.6941,https://panoptes-uploads.zooniverse.org/subject_location/0b9196b8-ac18-4385-9997-b2e034527740.png,0.11539999999999999
41192790817794910.png,19,"This is a merging galaxy system displaying a distinct tidal tail or bridge structure connecting multiple components, characteristic of a significant collisional event.",207.1988627285597,-1.4514297804044427,276.32623,https://panoptes-uploads.zooniverse.org/subject_location/5ac0040c-2909-472f-9035-18d1cc9a55ab.png,0.0909
70369173674424178.png,19,"This is a galaxy interaction, specifically a close pair of galaxies showing potential tidal distortion and overlapping morphologies, suggesting an early-stage gravitational interaction.",226.022871858363,43.91468602467186,186.27652,https://panoptes-uploads.zooniverse.org/subject_location/36bddd55-ee64-4cc1-8ce9-1b9798e8fdf5.png,0.1481
41236513584874837.png,19,"This is a galaxy interaction candidate exhibiting a distorted morphology and a nearby companion, suggesting an ongoing tidal interaction or merger event.",222.4325487065254,-0.6980621779238286,167.76585,https://panoptes-uploads.zooniverse.org/subject_location/ea649e2f-5d49-448c-b06a-a4a5af0d4a92.png,0.1034
70417406157158448.png,18,"This is a merging galaxy system exhibiting clear morphological distortion and tidal interaction, indicating a significant gravitational encounter.",248.74675909590314,43.52844817202382,193.98363,https://panoptes-uploads.zooniverse.org/subject_location/9d5e2083-bdd3-4cb9-b11e-d193061b9841.png,0.0
70377969767438207.png,18,"This is a merging galaxy system showing significant morphological disruption and tidal features, consistent with an ongoing galactic collision.",230.14689743829862,43.84265205839579,195.27588,https://panoptes-uploads.zooniverse.org/subject_location/7d008070-3ba6-45d3-8ca7-5205a5179ce8.png,0.2857
70412741822668472.png,18,"This is a galaxy cluster core containing a massive elliptical galaxy exhibiting a clear, bright, double-nucleus structure, which is indicative of a recent or ongoing galactic merger event.",247.0416218137122,43.84367508631263,493.34537,https://panoptes-uploads.zooniverse.org/subject_location/0cdbcbf6-d883-45ef-92f1-019d8ad6a597.png,0.11109999999999999
41214119625386353.png,18,"This is a merging galaxy system exhibiting clear signs of tidal interaction and morphological distortion, suggesting an ongoing galactic collision.",215.54655330706416,-0.4552935556625111,260.12314,https://panoptes-uploads.zooniverse.org/subject_location/e22d554c-cbc2-4226-883f-96606c611783.png,0.125
70386349248616331.png,18,"This is a merging galaxy system exhibiting clear tidal distortion and morphological asymmetry, indicative of an ongoing gravitational interaction.",234.84899383148212,43.698580169636365,186.56868,https://panoptes-uploads.zooniverse.org/subject_location/640157ad-8c4c-4bcf-8605-1524ef6f6989.png,0.0
69630443594479199.png,18,"This is a merging galaxy system exhibiting clear tidal interaction and morphological distortion between the two primary components, indicating an active gravitational encounter.",246.6765413564657,42.607864989669054,235.491,https://panoptes-uploads.zooniverse.org/subject_location/2a5ffefa-99e8-41e2-84a9-2608c8927816.png,0.0
69577400748366839.png,18,"This is a clumpy galaxy exhibiting multiple luminous, high-surface-brightness star-forming regions, suggesting an active, high-redshift starburst event.",223.17281765958478,42.93159682623176,297.43976,https://panoptes-uploads.zooniverse.org/subject_location/979f230e-f9a9-407f-bbe1-0f15ac340bb1.png,0.0
41201608385652848.png,18,"This is a compact galaxy group or interacting system displaying multiple closely associated, morphologically disturbed galaxies, which is a high-value target for studying galactic evolution.",210.10779646944914,-0.6041071944312281,235.66397,https://panoptes-uploads.zooniverse.org/subject_location/3b24d85f-4877-4af4-be3c-50626eb33b8b.png,0.0
41231686041633153.png,18,"This is a merging galaxy system exhibiting clear tidal distortion and morphological asymmetry, suggesting an ongoing gravitational interaction.",221.43084394640283,-1.4599693202673392,194.61221,https://panoptes-uploads.zooniverse.org/subject_location/b16c01ef-590a-4e33-a332-129c7820b285.png,0.047599999999999996
70369315408348698.png,18,"This is a galaxy hosting an active galactic nucleus (AGN) exhibiting a distinct, high-energy, point-like blue core, suggesting significant accretion activity.",225.86140120294687,44.15266962317778,192.30429,https://panoptes-uploads.zooniverse.org/subject_location/8ecd460b-ed3c-4ce9-96d5-9c21460f7802.png,0.060599999999999994
69604338783258028.png,17,"This is a pair of interacting galaxies exhibiting clear morphological distortion and proximity, suggesting an ongoing gravitational interaction or merger event.",234.10386178840787,43.02465355042748,184.97858,https://panoptes-uploads.zooniverse.org/subject_location/0b94ac6b-5801-49d9-a8e4-bfc7dea72bc2.png,0.0
41223869201156836.png,17,"This is a galaxy cluster or group exhibiting multiple interacting galaxies with overlapping halos and distorted morphologies, suggesting a complex ongoing merger event.",217.29281881757342,-0.6643968747440382,313.97458,https://panoptes-uploads.zooniverse.org/subject_location/1318dd26-36b9-44ac-b852-0f4f84a537f7.png,0.2727
69569008382268675.png,17,"This is a galaxy interaction event featuring two distinct galaxies in close proximity with overlapping morphologies, suggesting a potential ongoing merger or fly-by interaction.",218.46232594921918,42.533370381546085,461.95493,https://panoptes-uploads.zooniverse.org/subject_location/ee62033e-c7df-4fe5-be83-473a5d00cf6c.png,0.0
70373855188772190.png,17,"This is a galaxy interaction candidate showing a primary elliptical galaxy with a distinct, elongated tidal feature or companion galaxy in the lower region, suggesting gravitational disturbance.",227.61596106437443,44.25159181988245,239.044,https://panoptes-uploads.zooniverse.org/subject_location/2a32dcf3-8637-40ff-878f-f1696ed68d2a.png,0.0
69595675834218176.png,17,"This is a galaxy interaction, specifically a close-proximity pair of galaxies exhibiting potential tidal interaction or a minor merger event.",229.94244173703092,42.83875743935192,382.42422,https://panoptes-uploads.zooniverse.org/subject_location/89949271-1f05-466c-8b2f-0fb7662b150d.png,0.0
70369452847300403.png,17,"This is a galaxy displaying a highly elongated, edge-on morphology with a prominent, extended tidal tail or stellar stream, indicating a significant past interaction.",225.41431657013428,44.10141210057416,212.3535,https://panoptes-uploads.zooniverse.org/subject_location/608216fd-9044-4433-9241-7f6eb2af9903.png,0.037000000000000005
70422353959477447.png,17,"This is an interacting galaxy system exhibiting a clear morphological distortion and an extended tidal feature, suggesting a recent or ongoing gravitational interaction.",249.52625629913786,43.50233550212434,320.3244,https://panoptes-uploads.zooniverse.org/subject_location/d433d691-bfc5-4fa8-84ad-468a7411bcde.png,0.0667
70347883521527437.png,17,"This is a clumpy, high-redshift candidate galaxy displaying multiple luminous star-forming regions and a compact, irregular morphology.",214.59488770064524,44.38916298157655,347.9298,https://panoptes-uploads.zooniverse.org/subject_location/d3123f23-78cc-4484-b682-ff48bb73c200.png,0.16219999999999998
70387053623271111.png,16,"This is a merging galaxy system exhibiting clear tidal distortion and overlapping components, suggesting an active gravitational interaction.",233.67980939354965,44.48629485929185,366.9912,https://panoptes-uploads.zooniverse.org/subject_location/1e60c155-341a-4ebf-a58e-89a02d168de9.png,0.0
69594855495455386.png,16,"This is a merging galaxy system exhibiting clear tidal distortion and morphological overlap, indicating an active gravitational interaction.",231.60886474851077,42.895411173614,240.05963,https://panoptes-uploads.zooniverse.org/subject_location/ace3cec7-6625-4746-a2d2-75ca2c9d5e04.png,0.0667
69590324304957057.png,16,"This is a galaxy showing signs of interaction, characterized by a highly elongated, distorted morphology and potential tidal features indicative of a merger event.",229.67102502026714,43.084450097824714,389.44263,https://panoptes-uploads.zooniverse.org/subject_location/69bf7fe7-305e-4b00-9889-7be09a91b79d.png,0.3846
41192546004663582.png,16,"This is a galaxy pair exhibiting close proximity and potential tidal interaction, suggesting an ongoing or early-stage galactic merger event.",207.5918315211812,-0.09434071883030451,273.82532,https://panoptes-uploads.zooniverse.org/subject_location/0cf23b9f-447e-4ac1-81d6-d0676a2f45f0.png,0.0
69604051020439443.png,16,This is a compact galaxy group or interacting system showing morphological distortion and multiple luminous components.,234.59130228163738,42.392568418784144,180.72127,https://panoptes-uploads.zooniverse.org/subject_location/ae269a70-0250-44b2-80db-1414faa38eab.png,0.047599999999999996
41187864490299837.png,16,"This is a merging galaxy system exhibiting clear tidal interaction and a bridge of material connecting the two components, indicating an ongoing gravitational encounter.",206.45265068749384,-0.6367880796439804,209.92409,https://panoptes-uploads.zooniverse.org/subject_location/90bca890-ebaa-4dd0-9c2f-f27b1b12f30b.png,0.09519999999999999
70412862081761409.png,16,"This is a galaxy triplet or small group featuring a central, potentially disturbed galaxy flanked by two distinct point sources, warranting further investigation for potential AGN or lensing activity.",246.81561308824067,43.207928412574766,259.8588,https://panoptes-uploads.zooniverse.org/subject_location/22a606da-808f-48e3-b397-a69788b6768d.png,0.2414
70399672237195593.png,16,"This is a merging galaxy system exhibiting clear tidal distortion and morphological asymmetry, suggesting an ongoing gravitational interaction between the primary spiral and a smaller companion.",240.6567261413021,43.38449909651798,223.70602,https://panoptes-uploads.zooniverse.org/subject_location/6a7627c2-e5f4-4c91-95b2-d2033395b85d.png,0.21739999999999998
70351431164516379.png,16,"This is a galaxy cluster field containing a potential interacting pair with visible tidal features, indicating a dynamic environment.",218.1450533554114,43.28730956220416,251.95078,https://panoptes-uploads.zooniverse.org/subject_location/423cb0ce-6286-4471-8bcc-32d835e817e1.png,0.0
70368903091488355.png,16,"This is a clumpy galaxy system displaying multiple luminous, star-forming knots and irregular morphology, suggesting a high-redshift candidate or a complex starburst event.",226.58287366512164,44.147455371239474,465.02005,https://panoptes-uploads.zooniverse.org/subject_location/b7428c69-7f8c-45d1-8511-8db7792e393e.png,0.047599999999999996
70342643661431867.png,15,"This is a galaxy group exhibiting multiple interacting members with overlapping morphologies, suggesting an active, ongoing merger event within a dense cluster environment.",213.98832925617558,43.714382888131624,432.9314,https://panoptes-uploads.zooniverse.org/subject_location/7ceaef0f-9ca8-452b-a88f-636b2b791532.png,0.0
41240774192425573.png,15,"This is a merging galaxy system exhibiting a distinct double-nucleus morphology, suggesting an ongoing galactic interaction or merger event.",224.1527740537475,-0.6836228551722038,182.98524,https://panoptes-uploads.zooniverse.org/subject_location/0819eb67-78e0-4f4f-9aac-fb4e17e175e7.png,0.0455
69569412109198050.png,15,"This is a galaxy cluster containing a central interacting system with overlapping morphologies, suggesting a potential ongoing merger event.",217.86938137047656,42.28057980704651,390.1001,https://panoptes-uploads.zooniverse.org/subject_location/da50fa6c-2c54-4313-be97-c961967077b2.png,0.0
41214102445515830.png,15,"This is a merging galaxy system showing clear signs of morphological disturbance and overlapping galactic components, characteristic of an ongoing interaction.",215.4876923516577,-1.134457736924465,435.77765,https://panoptes-uploads.zooniverse.org/subject_location/d8c8fcc8-6b70-4e43-9364-5af9868b29b5.png,0.0417
69630314745452271.png,15,"This is a galaxy pair exhibiting a potential interaction, with a large elliptical galaxy in close proximity to a smaller, elongated companion, suggesting a possible gravitational encounter.",246.7630913035357,42.8639304579945,210.56969,https://panoptes-uploads.zooniverse.org/subject_location/233f970a-0804-4292-83ff-f9f076eef471.png,0.20829999999999999
41218513376935888.png,15,"This is a merging galaxy system showing a clear double-nucleus structure and overlapping galactic disks, indicative of a late-stage merger event.",217.01144126453562,-0.5340942759817267,247.60466,https://panoptes-uploads.zooniverse.org/subject_location/cc0044e4-1882-4360-ba1e-6b575c74e766.png,0.0
70386761565501111.png,15,"This is a merging galaxy system exhibiting clear tidal distortion and morphological asymmetry, indicative of an ongoing gravitational interaction.",234.16329026163754,43.69957071919923,199.2441,https://panoptes-uploads.zooniverse.org/subject_location/32ae963c-0993-4458-b69c-0f3f807e76f7.png,0.0
70373425692046654.png,15,"This is a galaxy cluster exhibiting a high density of interacting and potentially merging galaxies, characterized by overlapping morphologies and distorted tidal features.",228.24592399654833,43.556428744195486,459.5749,https://panoptes-uploads.zooniverse.org/subject_location/8c489d5e-6e89-4d26-a6f8-28aeca59bd7e.png,0.10710000000000001
41223199186250092.png,15,"This is a galaxy cluster containing a prominent edge-on spiral galaxy, which, while visually distinct, represents a standard morphological type without clear signs of interaction or anomalous activity.",218.10002491152088,-0.059521240767655435,558.56195,https://panoptes-uploads.zooniverse.org/subject_location/cffcd245-dbfc-4b72-b9ce-fa8a675f7e73.png,0.0588
41223315150369069.png,15,"This is a galaxy hosting an active galactic nucleus (AGN) exhibiting a bright, potentially double-core structure indicative of a recent merger or intense central starburst activity.",217.97893130721792,-0.9511359423194775,308.55676,https://panoptes-uploads.zooniverse.org/subject_location/d617856d-9129-4731-ab08-939ffa88eace.png,0.8
70395282780615934.png,15,"This is a merging galaxy system exhibiting clear morphological distortion and tidal interaction between two distinct galactic components, suggesting an ongoing gravitational encounter.",238.83494913425358,43.69339956185061,240.61957,https://panoptes-uploads.zooniverse.org/subject_location/57096160-cf50-49cd-92f4-8195fefdb6c6.png,0.0
70399689417064067.png,14,"This is a merging galaxy system exhibiting clear tidal interaction and bridge-like structures between two distinct galactic nuclei, indicating a significant gravitational encounter.",240.75402530211073,44.10721466022198,210.49641,https://panoptes-uploads.zooniverse.org/subject_location/fc8b5012-eeb8-4e3f-9c7e-e66787a3c1cf.png,0.0
41214785345318748.png,14,"This is a galaxy group exhibiting potential tidal interactions between multiple members, suggesting a compact group environment.",214.62497634146024,-1.3214810910588706,286.44086,https://panoptes-uploads.zooniverse.org/subject_location/421ccc2c-2d91-46e6-bf94-4ae36e71b36d.png,0.12
40127802137138740.png,14,"This is a galaxy cluster exhibiting a central dominant elliptical galaxy surrounded by multiple satellite galaxies, indicating a gravitationally bound system.",208.92268778535015,-1.8923340290470116,236.09027,https://panoptes-uploads.zooniverse.org/subject_location/9866138e-3075-4dc6-a0c7-2cbf2293b276.png,0.13640000000000002
40141958349351723.png,14,"This is a galaxy group exhibiting a compact configuration of interacting galaxies, suggesting a potential ongoing merger or gravitational interaction within the cluster.",212.2147924666844,-1.8556539830138499,393.6291,https://panoptes-uploads.zooniverse.org/subject_location/7baeaf14-b723-4d32-ace0-0d31b40baaa2.png,0.0556
70365200829662492.png,14,"This is a galaxy cluster exhibiting a high density of elliptical and lenticular galaxies, characteristic of a massive virialized structure.",223.10183966456393,44.382451956598295,607.0592,https://panoptes-uploads.zooniverse.org/subject_location/aee91679-e4d0-49ae-8835-a3dda6aa9e98.png,0.4194
70377965472476052.png,14,"This is a galaxy group containing a potentially interacting pair of galaxies exhibiting slight morphological distortion, suggesting a minor merger event.",230.19840911725566,43.73608239079245,197.37604,https://panoptes-uploads.zooniverse.org/subject_location/f02f7981-516b-44d8-9d45-25869ffe2b2b.png,0.05
41192382795907558.png,14,"This is a galaxy cluster field exhibiting multiple interacting and merging galaxies with visible tidal distortions and morphological asymmetries, suggesting a high-density environment undergoing active gravitational interaction.",207.73036309276256,-1.222918778702019,241.8505,https://panoptes-uploads.zooniverse.org/subject_location/7abf736e-597c-4e7c-91c1-6b452345dd86.png,0.15
70382221785066302.png,14,"This is a galaxy group containing a central, potentially interacting system with multiple luminous, clumpy star-forming regions indicative of a high-density environment.",232.28327532524634,43.51526174669758,205.40204,https://panoptes-uploads.zooniverse.org/subject_location/0ee25682-e8ce-41b8-bec4-31ca483ac6d7.png,0.0
70408622949036026.png,14,"This is a clumpy, irregular galaxy displaying multiple luminous star-forming regions and a highly disturbed morphology, characteristic of a post-merger or interacting system.",244.53598320303672,44.045440589522286,180.93182,https://panoptes-uploads.zooniverse.org/subject_location/167ae8f3-4176-4a4d-b54b-217a70707f56.png,0.125
40128081310013240.png,14,"This is a merging galaxy exhibiting significant morphological distortion and tidal features, suggesting an ongoing gravitational interaction.",208.71022657656115,-1.726943325318683,224.71564,https://panoptes-uploads.zooniverse.org/subject_location/4aff7378-251a-44de-ae28-2439f5c8d885.png,0.15
69569291850116825.png,14,This is a merging galaxy system exhibiting clear signs of tidal interaction and morphological distortion between two closely associated galactic components.,218.08681694947123,43.00342070258139,305.39258,https://panoptes-uploads.zooniverse.org/subject_location/291a8603-51f9-4d40-a720-03901641b84a.png,0.0
70347604348663022.png,13,"This is a merging galaxy system exhibiting clear tidal interaction and morphological distortion between the two primary components, indicating an active gravitational encounter.",214.99130229838062,44.34040560830357,327.7244,https://panoptes-uploads.zooniverse.org/subject_location/aa2b1487-f0c9-4c54-b317-60eb4280e58c.png,0.1905
41232394711230419.png,13,"This is a merging galaxy system exhibiting clear tidal interaction and morphological distortion between two distinct galactic components, indicating an ongoing gravitational encounter.",220.49279255078355,-0.6123215651318266,232.836,https://panoptes-uploads.zooniverse.org/subject_location/cbbdeb3d-5bb5-422f-a922-0dc52eb8f3f0.png,0.0
69600065290785891.png,13,"This is a spiral galaxy exhibiting a distinct, asymmetric ring-like structure and potential tidal features, suggesting a recent interaction or merger event.",231.882546490902,42.31787154176312,260.06372,https://panoptes-uploads.zooniverse.org/subject_location/d5a1cbe5-c4fb-4ae7-b075-de0654fdab98.png,0.4583
69630585328391251.png,13,"This is an interacting galaxy pair showing close proximity and potential tidal distortion, suggesting a significant gravitational encounter.",246.28979261175618,42.684958110471875,228.30972,https://panoptes-uploads.zooniverse.org/subject_location/821bc04d-1a3a-41dd-b935-e1ccb64a684a.png,0.0714
41197493806987043.png,13,"This is a galaxy group exhibiting a potential interaction or merger event between multiple central components, characterized by overlapping morphologies and close proximity.",208.3594333640426,-0.16393080294974233,267.6969,https://panoptes-uploads.zooniverse.org/subject_location/84ef6034-4003-449c-bba2-71e803bae7df.png,0.10710000000000001
41205589820341129.png,13,"This is a merging galaxy system showing significant morphological distortion and overlapping components, characteristic of a late-stage galactic collision.",212.1369167691474,-0.7218582893008808,184.90941,https://panoptes-uploads.zooniverse.org/subject_location/768ebb74-102c-472e-ade0-5d5e56ed2555.png,0.0435
69582490284610347.png,12,"This is a merging galaxy system exhibiting clear morphological distortion and tidal interaction, suggesting an ongoing galactic collision.",224.09283179336245,43.07288658679938,225.02194,https://panoptes-uploads.zooniverse.org/subject_location/e4cbd3e4-b05b-4c57-b007-f3194c35aaa5.png,0.0455
69600073880730551.png,12,"This is a merging galaxy system exhibiting clear morphological distortion and tidal interaction between two distinct galactic components, suggesting an ongoing gravitational encounter.",232.0582728381866,42.78407165649342,171.87875,https://panoptes-uploads.zooniverse.org/subject_location/e143ffee-86d3-4871-8135-516ae29ad61f.png,0.0
69577246129537843.png,12,"This is a clumpy galaxy exhibiting multiple luminous, star-forming knots and a highly irregular, asymmetric morphology, suggesting an ongoing starburst or recent interaction event.",223.5807708567444,42.2427590206531,381.39346,https://panoptes-uploads.zooniverse.org/subject_location/46baef5f-50ad-4ae9-a47b-aebf5ecca551.png,0.0
70422504283338438.png,12,"This is a galaxy group containing a central elliptical galaxy with a close companion, potentially indicating an early-stage interaction or minor merger event.",249.3321776529901,44.11259462543316,555.0184,https://panoptes-uploads.zooniverse.org/subject_location/f683e8de-f674-49ac-a9dd-28d302412130.png,0.09519999999999999
69635395691783658.png,12,"This is a galaxy system featuring a prominent central elliptical component with a distinct, offset secondary nucleus, characteristic of an ongoing merger event.",247.62472429807508,42.85720993941265,433.26508,https://panoptes-uploads.zooniverse.org/subject_location/575eaa1d-2199-4c09-9c73-6ea3f91856e5.png,0.1176
41205856108309225.png,12,"This is a merging galaxy system exhibiting multiple distinct nuclei and highly distorted tidal features, indicating a complex ongoing gravitational interaction.",211.79847472973364,-1.1274093804062872,180.44469,https://panoptes-uploads.zooniverse.org/subject_location/0296cf67-03e2-4ac1-a61a-5523d3e039ec.png,0.0
41206418749021703.png,12,"This is a galaxy group exhibiting multiple interacting galaxies with visible tidal distortions and overlapping morphologies, suggesting an ongoing gravitational interaction.",211.16588629874227,-0.6492777442768712,208.4834,https://panoptes-uploads.zooniverse.org/subject_location/926bd4d3-e327-4e15-9ca4-a57d0ca2f76b.png,0.0
41193233199428421.png,12,"This is a galaxy group/cluster core exhibiting a central dominant elliptical galaxy with a close companion, suggesting an ongoing interaction or merger event.",206.71458095885336,-0.12024590736203553,263.21344,https://panoptes-uploads.zooniverse.org/subject_location/02509fac-8b02-492d-93e0-6351ca877a64.png,0.0435
69582619133637615.png,12,"This is a merging galaxy system exhibiting clear tidal tails and morphological distortion, indicative of a significant gravitational interaction.",223.79837674380354,42.846867098904056,258.27283,https://panoptes-uploads.zooniverse.org/subject_location/7f8847ee-0019-4b1e-80a8-a94fcfa6ff1c.png,0.087
70404216312595132.png,12,"This is a galaxy exhibiting a highly elongated, edge-on morphology, potentially representing an edge-on spiral or a disk galaxy with significant inclination.",242.46432568500447,43.71315790840736,177.92513,https://panoptes-uploads.zooniverse.org/subject_location/49cf8c44-1330-4d3c-8331-783da6610df8.png,0.0
69600078175691473.png,12,"This is a galaxy pair exhibiting close proximity and potential tidal interaction, suggesting a possible ongoing merger event.",232.05960742230536,42.883124972000324,194.29207,https://panoptes-uploads.zooniverse.org/subject_location/f953504b-d019-41e7-93db-ec379919c3b2.png,0.0
70399685122100209.png,12,"This is a galaxy group exhibiting a potential interacting system with multiple closely associated galaxies showing signs of tidal distortion, suggesting an ongoing gravitational interaction.",240.9040564230644,43.939689166181125,224.96887,https://panoptes-uploads.zooniverse.org/subject_location/a69b6781-e472-4142-97c8-ff0e2eebdf04.png,0.0
41214527647287998.png,12,"This is a galaxy group containing an edge-on spiral galaxy and a nearby companion, exhibiting potential tidal interaction features that warrant further investigation.",214.92230994897005,-0.5302281763366736,429.43677,https://panoptes-uploads.zooniverse.org/subject_location/378c5074-1861-4298-9dbf-1fddefea960f.png,0.32
41192683443609120.png,12,"This is a galaxy group exhibiting a compact configuration of multiple elliptical galaxies, suggesting a potential interacting system or a dense galactic cluster core.",207.48720995363672,-0.22091327725349336,217.28998,https://panoptes-uploads.zooniverse.org/subject_location/3ce45ea3-724e-42cb-a0c6-2b4f551c3703.png,0.0526
69612576530531184.png,12,"This is a galaxy exhibiting signs of interaction, specifically a distorted morphology with a potential tidal tail, suggesting a recent or ongoing gravitational encounter.",239.1263366911337,42.58608497156516,259.9734,https://panoptes-uploads.zooniverse.org/subject_location/a0aaedb3-049f-4f41-b3a4-594f75019375.png,0.0435
70413029585477877.png,12,"This is a galaxy exhibiting a disturbed, elongated morphology with potential tidal features, suggesting an ongoing interaction or merger event.",246.71618299766865,44.404695426967294,201.03001,https://panoptes-uploads.zooniverse.org/subject_location/6b2ac87c-a4a9-434e-b3ed-b5a7e78a70ce.png,0.15
70382780130814533.png,12,"This is a pair of closely separated, luminous galaxies exhibiting similar morphological characteristics, suggesting a potential interacting system or a gravitationally bound pair.",231.44802044500003,43.86097895190825,221.10529,https://panoptes-uploads.zooniverse.org/subject_location/e5e2b70c-d8a8-40f4-b097-e761f65c4c37.png,0.0857
69599661563859833.png,12,"This is a barred spiral galaxy displaying a prominent, well-defined central bar structure and extended spiral arms, which is a classic morphological feature of interest.",232.71756285146694,42.7335644052713,477.10315,https://panoptes-uploads.zooniverse.org/subject_location/a8e2727a-c2b9-4bfd-b925-10fa9aaa1101.png,0.3871
41223856316240841.png,12,"This is a pair of interacting galaxies exhibiting clear morphological distortion and proximity, suggesting an ongoing gravitational interaction or merger event.",217.12989148268554,-1.3958505562812593,284.77252,https://panoptes-uploads.zooniverse.org/subject_location/2c7943d2-99a4-4d54-8ab8-8be8eefc3230.png,0.125
70373975447858506.png,12,"This is a galaxy cluster exhibiting a compact group of interacting galaxies with overlapping morphologies, suggesting a high-density environment conducive to ongoing galactic mergers.",227.23638922955809,43.48952569126764,244.86395,https://panoptes-uploads.zooniverse.org/subject_location/24d7591d-1ee9-49be-995b-50b254a2b77c.png,0.0588
41214098150554708.png,12,"This is a clumpy galaxy exhibiting irregular, knotty star-forming regions, which is indicative of a high-redshift or dwarf starburst system.",215.5155196536515,-1.2464937242016367,185.3071,https://panoptes-uploads.zooniverse.org/subject_location/745e1945-9924-43e7-b95d-7b1aeb3b6902.png,0.0
69578083648164902.png,12,"This is a merging galaxy system exhibiting clear tidal interaction and morphological distortion, suggesting an ongoing gravitational encounter between two galactic components.",222.0367923044632,42.72998955040005,284.02072,https://panoptes-uploads.zooniverse.org/subject_location/b30e3ac6-744b-40a7-8c91-0376598a16e0.png,0.0385
70396098824405291.png,11,"This is a galaxy group exhibiting potential tidal interactions between central members, suggesting an ongoing gravitational encounter.",237.12362243909593,43.331484157641185,233.22472,https://panoptes-uploads.zooniverse.org/subject_location/f29a7236-8099-41bf-910b-f91c504e5c74.png,0.0
41228112628839966.png,11,"This is a galaxy cluster field exhibiting a high density of elliptical and lenticular galaxies, with several candidates for ongoing morphological transformation or interaction.",218.88426585988643,-1.4216184358934492,411.1538,https://panoptes-uploads.zooniverse.org/subject_location/a5b8228e-ac9f-4e82-b08e-fc4830811b07.png,0.12
41219479744548994.png,11,"This is a galaxy exhibiting a highly luminous, blue-shifted central core, characteristic of an active galactic nucleus (AGN) or a starburst event.",215.6626366323219,-0.40536277703664236,180.3653,https://panoptes-uploads.zooniverse.org/subject_location/634c0900-fbcb-4086-ae91-56a9cedea072.png,0.05
69612580825499270.png,11,"This is a galaxy group containing multiple elliptical galaxies in close proximity, indicating a potential compact group or ongoing interaction.",239.28735528339632,42.779683742831224,188.6482,https://panoptes-uploads.zooniverse.org/subject_location/777dfb49-c5cd-41fb-ae64-4c26ce8f6feb.png,0.0
70400239172869790.png,11,"This is a merging galaxy system exhibiting clear signs of gravitational interaction, including a distorted morphology and a secondary companion galaxy in close proximity, suggesting an ongoing merger event.",239.8477052508386,43.98610151109905,212.9079,https://panoptes-uploads.zooniverse.org/subject_location/2f0451ce-e2bd-45bd-942e-e2dcd1901d57.png,0.2
69599927851835263.png,11,"This is a galaxy cluster featuring a compact group of galaxies, including a potentially interacting pair, which warrants further investigation for signs of tidal distortion or merger activity.",232.08463019768553,42.371092341670064,384.26715,https://panoptes-uploads.zooniverse.org/subject_location/7015c1d5-37d6-4069-8d9a-f52dd8192295.png,0.1739
41192683443611549.png,11,"This is a merging galaxy system exhibiting a distinct dual-core morphology and tidal distortion, indicating an ongoing galactic interaction.",207.372875226745,-0.1839034292425017,206.12567,https://panoptes-uploads.zooniverse.org/subject_location/39b0eaa9-0e7f-4bd9-a6b1-99adfe1f37a8.png,0.0
69639802328208648.png,11,"This is a galaxy cluster field exhibiting multiple interacting and potentially merging galaxies, characterized by distorted morphologies and overlapping tidal features indicative of ongoing gravitational interaction.",249.61392568286215,43.08364783107855,318.48923,https://panoptes-uploads.zooniverse.org/subject_location/ae1e2da0-e835-4c99-9a03-708ee848dd85.png,0.0
70382500957943529.png,11,"This is a pair of interacting galaxies exhibiting clear morphological distortion and proximity, suggesting an ongoing gravitational interaction or merger event.",231.87727678780928,43.77814644547261,187.32137,https://panoptes-uploads.zooniverse.org/subject_location/8f248fff-d0c2-4c96-abc7-9672a3758cd2.png,0.09519999999999999
70365063390718630.png,11,"This is a galaxy cluster field containing a potential lensed arc or high-redshift candidate exhibiting a distinct, compact, and highly luminous red morphology near the central galaxy.",223.38541513885943,44.5243613186954,406.99078,https://panoptes-uploads.zooniverse.org/subject_location/e30b8f96-e94a-44fc-bf0d-15956c86bf85.png,0.3333
69590440269080162.png,11,"This is a galaxy group exhibiting potential interaction signatures between multiple compact components, suggesting a small-scale merging event.",229.44298269555065,42.29515352261179,232.82666,https://panoptes-uploads.zooniverse.org/subject_location/e95d7a47-11f0-4cfb-9937-39cb086565b9.png,0.047599999999999996
41210408773649454.png,11,"This is a galaxy hosting an active galactic nucleus (AGN) or a highly luminous central star-forming region, evidenced by the intense, saturated blue core feature that deviates from standard stellar profiles.",213.0606599134296,-0.36089668711708284,188.60036,https://panoptes-uploads.zooniverse.org/subject_location/97eddbb9-3a4d-4094-acfc-30260b4b9e86.png,0.07690000000000001
41201887558534896.png,11,"This is a galaxy cluster or group containing multiple elliptical and lenticular galaxies, indicating a high-density environment with potential ongoing interactions.",209.77763061701228,-0.29489381227489775,195.95798,https://panoptes-uploads.zooniverse.org/subject_location/4b632b80-e016-47c3-9915-875deb133d3e.png,0.0833
40171778307278817.png,11,"This is a merging galaxy system exhibiting clear morphological distortion and tidal interaction, suggesting a significant gravitational encounter between two galactic bodies.",223.80324354954263,-1.9831584096875712,302.45114,https://panoptes-uploads.zooniverse.org/subject_location/0389bbd6-9fd8-4b9f-97e8-387017a8bf18.png,0.0
69626182986917487.png,10,"This is a galaxy cluster field containing a morphologically disturbed, potentially merging galaxy with an asymmetric, extended structure.",244.2769996830093,42.53720491805904,190.86075,https://panoptes-uploads.zooniverse.org/subject_location/66e9dbfc-feb1-4e5c-a25c-577988c02de5.png,0.1081
41201608385655370.png,10,"This is a merging galaxy system exhibiting clear morphological distortion and tidal interaction, indicative of a gravitational encounter between two galaxies.",210.19312837996904,-0.567045152112945,253.86093,https://panoptes-uploads.zooniverse.org/subject_location/200586e9-2964-4c9d-888d-5e18d25f1ce2.png,0.0
70412724642809525.png,10,"This is a merging galaxy system exhibiting a shared, diffuse stellar halo and overlapping galactic nuclei, indicating a significant ongoing gravitational interaction.",247.04231269085125,43.222608692004044,274.0085,https://panoptes-uploads.zooniverse.org/subject_location/a8488be1-a27d-44fa-bb00-830ea49c6eae.png,0.0625
41205851813339005.png,10,"This is a galaxy interaction event featuring a large elliptical galaxy in close proximity to a smaller, distorted companion, suggesting an ongoing tidal disruption.",211.86558934263226,-1.3723107020064615,190.44066,https://panoptes-uploads.zooniverse.org/subject_location/ce4cda2d-2186-41dc-850b-f1a5284ab03a.png,0.0
69586201136356570.png,10,"This is a galaxy group or cluster core containing multiple interacting elliptical and spiral galaxies, suggesting a high-density environment with ongoing dynamical evolution.",227.23733035791935,43.09742450722329,184.29611,https://panoptes-uploads.zooniverse.org/subject_location/fa3be0c3-cb52-4146-a98e-87e064be8685.png,0.0
69568733504364365.png,10,"This is a galaxy interaction, specifically a minor merger, exhibiting tidal distortion and a clear morphological bridge between the primary galaxy and its companion.",219.05585620138663,42.629912188752066,450.90802,https://panoptes-uploads.zooniverse.org/subject_location/614a4485-393b-410e-9e90-c991ea4a017f.png,0.0
69617382598928546.png,10,"This is a barred spiral galaxy displaying a prominent, well-defined central bar structure and extended spiral arms, which is a classic morphological example of a barred galaxy.",240.45359365446,42.36016028451682,212.24588,https://panoptes-uploads.zooniverse.org/subject_location/83935f70-af04-407b-89a6-de47e77f8591.png,0.28
41232390416268841.png,10,"This is a galaxy cluster field containing a clear interacting galaxy pair exhibiting tidal distortion and morphological asymmetry, suggesting an ongoing merger event.",220.59977535033403,-0.7272979061289198,199.81609,https://panoptes-uploads.zooniverse.org/subject_location/5b88acce-4b5e-4804-8dfc-2a374774728a.png,0.0
70347192031796836.png,10,"This is a galaxy hosting an active galactic nucleus (AGN) exhibiting a highly saturated, point-like blue core indicative of intense non-thermal emission.",215.8016215544402,44.28660768408464,387.9423,https://panoptes-uploads.zooniverse.org/subject_location/bc7caa1e-1d31-4798-9e83-4b01166d4d52.png,0.0
40158721606706880.png,10,"This is a galaxy group exhibiting signs of gravitational interaction, specifically a close-proximity pair with potential tidal distortion between the primary and secondary components.",219.30444723978857,-1.956352341058854,227.07637,https://panoptes-uploads.zooniverse.org/subject_location/d07e2413-4fba-4af8-a221-871566970489.png,0.0556
69565018357647856.png,10,"This is a merging galaxy system exhibiting significant morphological distortion and tidal debris, characteristic of an ongoing galactic interaction.",215.8351351972921,42.30022343161447,302.01236,https://panoptes-uploads.zooniverse.org/subject_location/49254b6e-ea56-4132-8fc9-f5a59117e81c.png,0.0
70342360193589816.png,9,"This is a galaxy cluster exhibiting a potential merging event with multiple interacting components and distorted morphologies, suggesting a high-density environment undergoing gravitational interaction.",214.49605145649073,43.3441412127476,271.88803,https://panoptes-uploads.zooniverse.org/subject_location/d9c5826b-cebe-426b-84d4-5c8cb97b75b8.png,0.0
40123953846446724.png,9,"This is a merging galaxy system exhibiting clear tidal interaction and morphological distortion between two distinct galactic components, suggesting an ongoing gravitational encounter.",206.79666611538158,-1.7925321228072266,257.06824,https://panoptes-uploads.zooniverse.org/subject_location/eb2c62b0-ffaa-4f11-a78e-3d5ded2f940b.png,0.0
69599253541970318.png,9,"This is a merging galaxy system exhibiting a clear morphological disturbance and overlapping galactic components, indicating an active gravitational interaction.",233.48819489074543,42.93355902073452,220.791,https://panoptes-uploads.zooniverse.org/subject_location/4c05b259-51dc-44f2-a5fb-b069a9ea4a1f.png,0.0
41192253946883307.png,9,"This is a barred spiral galaxy exhibiting a distinct, well-defined central bar structure and spiral arms, which is a classic morphological classification of interest for galactic evolution studies.",207.89926313332583,-0.9303836331882346,298.07635,https://panoptes-uploads.zooniverse.org/subject_location/e1418a7c-713a-4ca7-9b82-1963b8381de6.png,0.56
41196501669546918.png,9,"This is a galaxy pair exhibiting close proximity and potential tidal interaction, suggesting an early-stage galactic merger.",209.60722660492524,-1.4008722612247413,229.65268,https://panoptes-uploads.zooniverse.org/subject_location/9a217477-4cd1-4b9a-b2ff-87c71a0bdc6b.png,0.0
70382913274801357.png,9,"This is a clumpy galaxy exhibiting distinct, luminous star-forming regions, suggesting a high-redshift candidate or an active starburst system.",231.20121579989853,43.67113344605784,164.38318,https://panoptes-uploads.zooniverse.org/subject_location/1eed05a4-c3d5-4479-91f7-522ca22b0973.png,0.0
70356516405774937.png,9,"This is a clumpy, irregular galaxy displaying multiple luminous star-forming regions, indicative of high-redshift or post-merger starburst activity.",219.0162189443394,43.29586044164701,253.55107,https://panoptes-uploads.zooniverse.org/subject_location/3ae01216-0b3f-4a27-a477-827f60a8acbf.png,0.0
41227567167985171.png,9,"This is a galaxy group exhibiting clear signs of interaction, with multiple elliptical and spiral components in close proximity suggesting a potential merging or cluster environment.",219.69206574067329,-1.3731259587634994,222.43604,https://panoptes-uploads.zooniverse.org/subject_location/c3a15a48-7da8-4e4d-9461-0672bd5e81e1.png,0.0667
69569008382268013.png,9,"This is a merging galaxy system exhibiting clear signs of gravitational interaction and tidal distortion between two primary galactic components, indicating an ongoing merger event.",218.47285134925423,42.521479514126895,252.99207,https://panoptes-uploads.zooniverse.org/subject_location/2d9fbab9-8ace-465a-87e0-3ae717164e5d.png,0.0714
69604600776250532.png,9,"This is a galaxy pair exhibiting signs of interaction, with distinct color differences between the two components suggesting a potential merging event or close encounter.",233.79784146914545,42.35001121085547,211.47092,https://panoptes-uploads.zooniverse.org/subject_location/a2fd198e-3a35-4bb0-a5ef-f7373a844a53.png,0.0526
69595392366365461.png,9,"This is a galaxy exhibiting a significant morphological anomaly, specifically a diffuse, extended stellar halo or shell structure surrounding a central elliptical core, indicative of a recent minor merger or accretion event.",230.56177805192544,42.315118650807676,406.581,https://panoptes-uploads.zooniverse.org/subject_location/e5eff603-e9db-4b4a-afb8-1c5540b057a3.png,0.15380000000000002
70417410452125418.png,9,"This is a galaxy cluster field containing a potential merging galaxy system with overlapping morphologies and distorted tidal features, suggesting an ongoing interaction.",248.63194663788636,43.71006554647197,212.09787,https://panoptes-uploads.zooniverse.org/subject_location/52e6fe7c-bc54-4b23-a02c-a3db646fca1a.png,0.0
70413300168424009.png,9,"This is a merging galaxy system exhibiting clear tidal interaction and morphological distortion between the two primary components, suggesting an ongoing galactic merger.",246.11470829329954,44.338227013899214,187.81436,https://panoptes-uploads.zooniverse.org/subject_location/0a8ae927-2470-42dd-bf96-8db00361c8e8.png,0.0625
41209974981952586.png,9,"This is a galaxy pair exhibiting signs of gravitational interaction, characterized by the close proximity and potential tidal distortion between the two primary galactic components.",213.6986765171702,-1.2317702289443047,161.72989,https://panoptes-uploads.zooniverse.org/subject_location/fa3d79f6-2fea-4232-835e-739defb9370f.png,0.0
41236517879842594.png,9,"This is a galaxy pair exhibiting clear signs of gravitational interaction and potential tidal distortion, suggesting an ongoing merger event.",222.4871755819759,-0.47552578384662236,159.61325,https://panoptes-uploads.zooniverse.org/subject_location/a24e3406-cd01-4b67-81ca-4b4775984cae.png,0.0588
70417273013165339.png,9,"This is a galaxy exhibiting signs of morphological disturbance, likely an interacting or merging system with asymmetric tidal features.",248.82992195095366,43.62954614155787,159.18086,https://panoptes-uploads.zooniverse.org/subject_location/b3daa427-bb0e-4274-b308-98387bbbd361.png,0.0
40159146808466544.png,9,"This is a galaxy exhibiting a highly elongated, disturbed morphology with potential tidal features, suggesting an ongoing interaction or merger event.",218.66280270041932,-1.5642869392030334,425.05945,https://panoptes-uploads.zooniverse.org/subject_location/96983492-cd01-4640-a94d-12e57b0225ac.png,0.3846
69586063697405346.png,9,"This is a clumpy, high-redshift galaxy candidate displaying multiple luminous star-forming regions and an irregular, extended structure.",227.4335651441408,43.12585538642799,189.31873,https://panoptes-uploads.zooniverse.org/subject_location/8da5edcb-0505-47ec-8c33-31dd2ee900e1.png,0.0385
70386886119554489.png,9,"This is a merging galaxy system exhibiting significant morphological distortion and tidal debris, characteristic of an ongoing galactic interaction.",233.91885582193459,43.20193820618127,165.58548,https://panoptes-uploads.zooniverse.org/subject_location/4a5e5902-38f8-43d9-92a3-6b0bccfba40b.png,0.0
70351706042424077.png,9,"This is a galaxy exhibiting morphological irregularities and potential tidal features, suggesting an ongoing interaction or merger event.",217.72561812028096,43.28906257341079,235.89069,https://panoptes-uploads.zooniverse.org/subject_location/79f56255-efd8-4977-8359-aa67100fd640.png,0.047599999999999996
70373159404069550.png,9,"This is a merging galaxy system exhibiting clear morphological distortion and tidal interaction between two distinct galactic components, indicating a significant gravitational encounter.",228.77094548303185,43.88481535031056,230.23352,https://panoptes-uploads.zooniverse.org/subject_location/d8811c05-5633-441d-bcf0-211f0ff56422.png,0.0588
41232660999206070.png,9,"This is a galaxy interaction candidate exhibiting a central galaxy with a nearby, morphologically disturbed companion, suggesting a potential ongoing merger or tidal interaction.",220.12845205399665,-0.9282145653375873,246.25114,https://panoptes-uploads.zooniverse.org/subject_location/39fe7104-d8ce-4bde-9aa5-399ba6966e0a.png,0.0
70417672445137798.png,9,"This is a galaxy cluster containing a dominant central elliptical galaxy, which is a standard morphological configuration for high-mass cluster environments.",248.0198700670084,43.21654557620861,388.06024,https://panoptes-uploads.zooniverse.org/subject_location/7daa4ef7-88d1-4ffa-adb5-60ad59067c22.png,0.2727
69604321603379452.png,9,"This is a galaxy pair exhibiting clear morphological signs of an interacting system, with tidal distortion and overlapping galactic disks suggesting an ongoing gravitational encounter.",234.20031100774196,42.27794000183212,200.77007,https://panoptes-uploads.zooniverse.org/subject_location/4c0c2d14-421d-469b-8b17-30310ccac433.png,0.0
69639664889261311.png,8,"This is a galaxy group containing a compact interacting pair, showing signs of tidal distortion and potential morphological evolution.",249.79102516174737,43.129744701860446,308.85602,https://panoptes-uploads.zooniverse.org/subject_location/939e9a35-d8d7-4931-b5ec-b2052a928454.png,0.05
41223869201156855.png,8,"This is a galaxy group/cluster environment featuring a dominant elliptical galaxy with multiple satellite companions, suggesting potential ongoing tidal interactions or a compact group configuration.",217.29414454227424,-0.665337625473537,802.29346,https://panoptes-uploads.zooniverse.org/subject_location/8f231ad6-0685-425b-b112-c0e60f4c9bfa.png,0.047599999999999996
41210142485644396.png,8,"This is a merging galaxy system exhibiting clear tidal distortion and morphological asymmetry, suggesting an ongoing gravitational interaction.",213.5031217590791,-0.07382959501620949,176.41617,https://panoptes-uploads.zooniverse.org/subject_location/99de0d93-e2d4-408e-be8c-45ddfb4516bf.png,0.0345
70400655784697522.png,8,"This is a galaxy exhibiting a clear edge-on disk morphology with a prominent dust lane, providing a high-inclination view useful for studying galactic structure and extinction profiles.",238.9909764664087,44.212442626595866,173.352,https://panoptes-uploads.zooniverse.org/subject_location/8c7a6ca6-451f-4372-a35e-6eb118da0304.png,0.0
41223581438341552.png,8,"This is a galaxy cluster exhibiting a central dominant elliptical galaxy with multiple interacting satellite galaxies, suggesting a complex, ongoing hierarchical assembly process.",217.6659713151051,-1.3334849095509955,426.08496,https://panoptes-uploads.zooniverse.org/subject_location/f5edc47b-d6b5-4dae-b012-17f64b4eba42.png,0.125
70378502343388801.png,8,"This is a galaxy cluster field containing multiple interacting galaxies with overlapping tidal features, indicating a high-density environment with frequent gravitational interactions.",229.12294231384018,43.22123878011243,383.02435,https://panoptes-uploads.zooniverse.org/subject_location/b3461152-f811-495d-89f2-7e86923a74a1.png,0.0588
70342523402345931.png,8,"This is a galaxy field containing a faint, elongated, blueish arc-like structure, which is a candidate for a gravitationally lensed feature.",214.41509890095915,44.481793036741706,280.57065,https://panoptes-uploads.zooniverse.org/subject_location/b3ff0f0c-d974-4df9-bd8c-25d37dd78fe4.png,0.0
70378369199399522.png,8,"This is a galaxy cluster field containing a prominent edge-on spiral galaxy with a distinct, high-contrast dust lane and potential morphological distortion, suggesting an interacting system.",229.23525255854832,43.307102443893356,173.06061,https://panoptes-uploads.zooniverse.org/subject_location/63353235-cc6a-480c-adb6-34cd235fe168.png,0.05
70399547683140504.png,8,"This is a galaxy group exhibiting a compact configuration with multiple interacting members, suggesting a potential ongoing merger or high-density environment interaction.",240.97547994894413,43.84557676129114,280.82336,https://panoptes-uploads.zooniverse.org/subject_location/2601386e-74d3-4d13-9e5e-4067c1adb317.png,0.1429
70347028823040296.png,8,"This is a galaxy group containing a highly elongated, edge-on spiral galaxy exhibiting a distinct, thin disk structure that warrants further investigation for potential edge-on protoplanetary disk or high-redshift morphological classification.",215.98452830572538,43.15941630725547,238.08386,https://panoptes-uploads.zooniverse.org/subject_location/5d7d6863-5464-4daf-84aa-c84e05df3edd.png,0.0357
41223748942067333.png,8,"This is a merging galaxy system exhibiting clear signs of gravitational interaction, including a distorted spiral morphology and a nearby companion galaxy, suggesting an ongoing merger event.",217.44244623716426,-0.011693810438172069,235.66556,https://panoptes-uploads.zooniverse.org/subject_location/5f78113c-10e6-4965-9303-91553f70acda.png,0.11109999999999999
69603505559600306.png,7,"This is a galaxy cluster field containing multiple elliptical and lenticular galaxies, with the central object showing a distinct, elongated morphology suggestive of an ongoing merger or interaction.",235.62677543498395,42.626944976193585,264.68445,https://panoptes-uploads.zooniverse.org/subject_location/1abf2824-2d1b-4591-bbbb-97d975205807.png,0.5714
70408489805053378.png,7,"This is a merging galaxy system exhibiting clear tidal distortion and overlapping galactic disks, indicative of an ongoing gravitational interaction.",244.8355289283594,44.282982085983186,242.61813,https://panoptes-uploads.zooniverse.org/subject_location/4dc7453b-f235-472b-8264-4ac84c8b8d0c.png,0.0
69581644176053889.png,7,"This is a galaxy interaction candidate, specifically a pair of galaxies exhibiting close proximity and potential tidal distortion, suggesting an early-stage gravitational interaction.",225.45587897256544,42.24756673172608,259.9186,https://panoptes-uploads.zooniverse.org/subject_location/8b63614f-ebfd-4b89-8ebd-f5a882e722e3.png,0.0
41193087170535239.png,7,"This is a galaxy exhibiting a highly inclined, edge-on morphology with a prominent central bulge and extended disk, which is a standard morphological type and lacks specific anomalous features.",206.7980651613653,-0.625736519115306,211.2678,https://panoptes-uploads.zooniverse.org/subject_location/528201da-f84b-45e7-a570-c5345143c6f3.png,0.12
70369169379450118.png,7,"This is an active galaxy hosting a bright, point-like central source consistent with an AGN, exhibiting a distinct blue-shifted core morphology.",225.97689602882807,43.62129568676834,247.62735,https://panoptes-uploads.zooniverse.org/subject_location/56ae881e-cce1-453d-88f7-4a14f35f275c.png,0.0
70417565070938081.png,7,"This is a merging galaxy system showing clear signs of morphological disruption and overlapping structures, indicative of a significant collisional event.",248.32409686094394,44.35807402604796,194.90546,https://panoptes-uploads.zooniverse.org/subject_location/bea0fcb6-cb5d-45a0-9174-e96ea6409b14.png,0.08
70360227257536950.png,7,"This is a galaxy group containing a potential interacting pair, evidenced by the close proximity and morphological distortion of the smaller, elongated galaxy relative to the central elliptical system.",222.25753326759198,43.26725489251766,382.445,https://panoptes-uploads.zooniverse.org/subject_location/3c119e21-8fb5-4b6a-b1b0-67977c7d3cf6.png,0.0
40177009577450312.png,7,"This is a galaxy exhibiting a potential ring-like structure or faint tidal debris, suggesting a past interaction or collisional event.",224.28839585696653,-1.652618599826823,185.51987,https://panoptes-uploads.zooniverse.org/subject_location/57e6037d-47a4-4d4d-9725-fe4257017be9.png,0.0
70382638396889342.png,7,"This is a galaxy interaction exhibiting a close pair of galaxies with distinct, overlapping halos and potential tidal distortion, suggesting an early-stage merger event.",231.64487626559736,43.608598434291196,240.4027,https://panoptes-uploads.zooniverse.org/subject_location/fabb5362-487d-40a2-a222-b22d2939fb9b.png,0.2
70382775835845286.png,7,"This is a galaxy group containing an edge-on spiral galaxy with a distinct, high-inclination disk morphology, which is useful for studying galactic structure and dust lane extinction.",231.26770338545631,43.65929555784955,397.9579,https://panoptes-uploads.zooniverse.org/subject_location/29841637-0b6b-4187-8b74-6eb60333386f.png,0.05
41232248682347362.png,7,"This is a clumpy, irregular galaxy displaying distinct, luminous star-forming regions and a highly asymmetric morphology, suggesting a recent disturbance or high-redshift starburst event.",220.6939344133735,-0.962082970462199,198.68356,https://panoptes-uploads.zooniverse.org/subject_location/831481db-92c9-43b1-8824-00e28f640113.png,0.0
41193237494386953.png,7,"This is a merging galaxy system exhibiting significant tidal distortion and overlapping galactic disks, indicating a complex ongoing gravitational interaction.",206.7338688110205,-0.05558787476194136,426.76514,https://panoptes-uploads.zooniverse.org/subject_location/d49db86d-1ad1-4bf9-b9a5-747108e6ff06.png,0.0588
70408631538972605.png,7,"This is a merging galaxy system exhibiting clear tidal interaction and morphological distortion, indicating a significant gravitational encounter between two galactic bodies.",244.67662927026055,44.51036725569846,245.99545,https://panoptes-uploads.zooniverse.org/subject_location/53caad1d-8dab-41bf-9b74-041eaf8cc29e.png,0.125
70351718927321881.png,7,"This is a merging galaxy system displaying significant tidal disruption and a complex, non-equilibrium morphology indicative of a recent or ongoing collision.",217.6818490492781,43.81091681522213,386.82523,https://panoptes-uploads.zooniverse.org/subject_location/2632e404-3ba9-4d56-b537-78224308132d.png,0.3125
69626045547961834.png,7,"This is a galaxy group containing multiple edge-on and inclined spiral galaxies, with clear morphological evidence of tidal interaction and potential ongoing merger activity between the central pair.",244.75747925614374,42.50668240227896,248.22,https://panoptes-uploads.zooniverse.org/subject_location/23aedc9c-92b3-4b75-9690-02c8e4dc7bbc.png,0.05
70413553571495798.png,6,"This is a merging galaxy system exhibiting clear tidal distortion and morphological interaction between two distinct galactic components, suggesting a significant gravitational encounter.",245.47017822333262,43.37816901381159,191.30539,https://panoptes-uploads.zooniverse.org/subject_location/766744fa-8737-4915-92f7-eb202453c613.png,0.0
40158725901676374.png,6,"This is a merging galaxy system exhibiting clear tidal interaction and morphological distortion, indicating a significant gravitational encounter.",219.16280197620722,-1.8190626326898034,236.24919,https://panoptes-uploads.zooniverse.org/subject_location/f46fce92-0198-4978-a3e2-5436cb638d4f.png,0.0
70412733232737912.png,6,"This is a galaxy exhibiting a distinct ring-like morphology, suggesting a potential collisional ring galaxy or a resonance-driven structure.",247.01362461666758,43.5068474044909,188.5714,https://panoptes-uploads.zooniverse.org/subject_location/62326d1f-6cf8-42f4-a880-4ca32ff6f06a.png,0.04
41201174593960513.png,6,"This is a galaxy exhibiting an edge-on orientation with a distinct, elongated disk structure, which is a standard morphological type.",210.6824725663681,-1.4367046447187721,185.33853,https://panoptes-uploads.zooniverse.org/subject_location/290ac97d-2250-441e-85bd-cb486285bb43.png,0.0
69608174189021474.png,6,"This is a galaxy cluster field containing a potential merging system with multiple distorted, clumpy components indicative of an ongoing interaction.",237.1439385643326,42.34140810021253,219.84659,https://panoptes-uploads.zooniverse.org/subject_location/0c338a24-bef7-4825-a146-3fc052c3b642.png,0.047599999999999996
69573539572749241.png,6,"This is a merging galaxy system exhibiting clear tidal distortion and a secondary component, indicating an active gravitational interaction.",220.23043195567595,42.45809972284032,286.74423,https://panoptes-uploads.zooniverse.org/subject_location/9cb674b3-a44b-4797-a462-580d460623b0.png,0.0
70374250325759703.png,6,"This is a galaxy cluster field containing a prominent, highly distorted, and elongated galaxy, likely indicative of a significant gravitational interaction or merger.",226.78673435839553,43.42726836501001,151.92613,https://panoptes-uploads.zooniverse.org/subject_location/3a055961-8362-4d42-a5a0-ebdb04f2e023.png,0.0
70382359224015969.png,6,"This is a galaxy group exhibiting a dense concentration of multiple interacting galaxies, suggesting a potential ongoing merger or cluster-scale gravitational interaction.",232.0824753480399,43.44504450934014,214.63293,https://panoptes-uploads.zooniverse.org/subject_location/8cf1a980-ff0b-450d-8f2d-2720e83d3012.png,0.0
41224002345137051.png,6,"This is a compact group of galaxies displaying signs of gravitational interaction, with multiple members showing morphological disturbance.",217.04854132348032,-0.878373503913443,222.8496,https://panoptes-uploads.zooniverse.org/subject_location/9fe8160f-f19c-4bad-b37c-07ed0be2270b.png,0.0833
70377965472474094.png,6,"This is a galaxy group containing a pair of interacting galaxies exhibiting tidal distortion and overlapping morphologies, suggesting an ongoing gravitational interaction.",230.21274214110724,43.70854044030586,170.88568,https://panoptes-uploads.zooniverse.org/subject_location/21584520-6b4e-4943-be90-82bb96ade1cd.png,0.05
41232523560260136.png,6,"This is a galaxy exhibiting a faint, extended tidal tail or distorted morphological feature, suggesting a potential past interaction or merger event.",220.44312999084323,-0.8417210858049354,182.8969,https://panoptes-uploads.zooniverse.org/subject_location/b1128fe1-12aa-4282-ab3a-9fe600879e09.png,0.0556
70391571928867833.png,6,This is a merging galaxy system showing clear signs of tidal interaction and morphological distortion between multiple galactic components.,235.4967634147367,43.65956552928845,176.99573,https://panoptes-uploads.zooniverse.org/subject_location/b7cb9fea-6340-4b32-adb0-0353e7217767.png,0.125
69625646116006543.png,6,"This is a merging galaxy system exhibiting clear morphological distortion and tidal interaction between two distinct galactic components, suggesting a significant gravitational encounter.",245.33084476310333,43.1313266654338,189.26903,https://panoptes-uploads.zooniverse.org/subject_location/341deddb-3c5d-4603-bb13-02d6f6b6e14f.png,0.0
70342781100381462.png,6,"This is a galaxy group containing an edge-on spiral galaxy exhibiting potential tidal interaction with a nearby companion, suggesting a gravitational encounter.",213.87069042201745,43.63628045533296,284.6726,https://panoptes-uploads.zooniverse.org/subject_location/5f2ee737-f4cc-44f7-a016-4bdf02e5052a.png,0.0
69634695612096334.png,6,"This is a galaxy group exhibiting a close interacting pair with visible tidal distortion, suggesting an ongoing gravitational encounter.",248.97667957364774,42.18181491848428,281.14093,https://panoptes-uploads.zooniverse.org/subject_location/f5bcd0b9-f1bd-4e5d-b83c-d937e2b1793b.png,0.0
41214665086238777.png,6,"This is a merging galaxy system exhibiting clear tidal interaction and morphological distortion, suggesting an ongoing gravitational encounter between multiple galactic components.",214.7396334016748,-0.5921295452521933,330.5751,https://panoptes-uploads.zooniverse.org/subject_location/aa3fae9d-bfa8-4b58-b388-66cfecf8652f.png,0.0
70400252057765868.png,6,"This is a galaxy group/cluster field containing multiple interacting elliptical galaxies, showing clear evidence of gravitational proximity and potential tidal interaction.",239.7807087915014,44.562653696387045,387.3715,https://panoptes-uploads.zooniverse.org/subject_location/61c71fc0-201a-4f25-b077-065ce3c5bc53.png,0.0526
41205469561249245.png,6,"This is a merging galaxy system exhibiting clear morphological distortion and a dual-core structure, indicating an ongoing gravitational interaction.",212.38760947940523,-0.07860647336250783,197.75504,https://panoptes-uploads.zooniverse.org/subject_location/6579ce86-ab3d-4335-bc4a-30b1c981ffac.png,0.0
41214527647283868.png,6,"This is a galaxy displaying a distinct, asymmetric, and elongated morphology, characteristic of a post-merger remnant or a highly distorted interacting system.",215.02795628080972,-0.586255211217599,176.12389,https://panoptes-uploads.zooniverse.org/subject_location/ede8d99d-7ebb-40ab-815a-5ca7756ff13b.png,0.0
41201462356738991.png,6,"This is a merging galaxy system exhibiting clear tidal interaction and morphological distortion, indicating a significant gravitational encounter.",210.31505063885956,-1.0091038851460215,196.69994,https://panoptes-uploads.zooniverse.org/subject_location/c9cbfdff-3095-4ca1-9faa-0d97f8adaf2e.png,0.0
41223856316245593.png,6,"This is a merging galaxy system showing signs of tidal disruption and overlapping structures, indicative of an ongoing galactic collision.",217.18342199238643,-1.3227312882507698,178.03885,https://panoptes-uploads.zooniverse.org/subject_location/17e0e2d2-7ccf-4354-9ffb-551a45b68828.png,0.0
41201595500760074.png,6,"This is a galaxy cluster exhibiting multiple interacting and merging galaxies, characterized by significant morphological distortion and tidal features indicative of a high-density environment.",210.1735440738704,-1.0397131614850952,415.15103,https://panoptes-uploads.zooniverse.org/subject_location/0d5c1274-9781-4514-99c0-03a0008bee90.png,0.05
40163123948189878.png,6,"This is a merging galaxy system exhibiting clear morphological distortion and tidal features, suggesting an ongoing gravitational interaction.",220.75852106131288,-1.8134657453113687,292.72153,https://panoptes-uploads.zooniverse.org/subject_location/895f3181-2f07-4b96-9f44-3de1d5ccdc56.png,0.0
69634300475106942.png,6,"This is a merging galaxy system exhibiting clear tidal interaction and morphological distortion, indicating a significant gravitational encounter between two galactic bodies.",249.5881982669257,42.922373571151894,176.08679,https://panoptes-uploads.zooniverse.org/subject_location/b51b6d2e-9761-4912-9949-47818260cb23.png,0.0
70417401862190933.png,6,"This is a galaxy exhibiting signs of morphological disturbance, likely an interacting system with tidal features, suggesting a recent or ongoing gravitational encounter.",248.7672157083884,43.36635860733786,202.125,https://panoptes-uploads.zooniverse.org/subject_location/00b984f4-eadf-4d3e-85a3-29d6844842fa.png,0.0
41210666471688966.png,6,"This is a galaxy group or interacting system featuring a dominant elliptical galaxy with several smaller, potentially interacting satellite galaxies in close proximity.",212.76358238314472,-1.0399441158594143,388.31003,https://panoptes-uploads.zooniverse.org/subject_location/34077490-2748-4701-a19f-9fe2f51d8c30.png,0.0357
70382221785061541.png,6,"This is a merging galaxy system exhibiting clear tidal interaction and morphological distortion, suggesting a significant gravitational encounter between two galactic components.",232.3446629353348,43.45160877737845,162.79858,https://panoptes-uploads.zooniverse.org/subject_location/62507ede-4848-43fb-a38e-4ed904aef037.png,0.0
70408618654072088.png,6,"This is a highly inclined, edge-on galaxy displaying a prominent, thin disk structure, which is a valuable candidate for studying galactic disk dynamics.",244.50202012824255,43.904980477776746,181.01541,https://panoptes-uploads.zooniverse.org/subject_location/11650b21-5106-4f6f-8a7f-361048caf34c.png,0.0
70403962909515447.png,6,"This is a pair of interacting galaxies exhibiting clear morphological distortion and potential tidal interaction, suggesting an early-stage merger event.",242.96217018884158,44.56509045078505,211.44403,https://panoptes-uploads.zooniverse.org/subject_location/feaa7417-309c-4055-9876-06bf29a4a65e.png,0.0588
69621789235382537.png,6,"This is a merging galaxy system exhibiting clear tidal distortion and overlapping galactic disks, indicating a significant gravitational interaction.",242.30167269011636,42.86022372027518,178.59024,https://panoptes-uploads.zooniverse.org/subject_location/3695592b-c736-44b4-b71e-b48e638a1d32.png,0.0
70417406157163460.png,6,"This is an edge-on spiral galaxy displaying a prominent, extended disk structure with a clear central bulge, providing a high-inclination view of galactic morphology.",248.62518756823266,43.590833973408245,189.86409,https://panoptes-uploads.zooniverse.org/subject_location/55b50144-4582-4bdd-82eb-aedae617d886.png,0.35710000000000003
69595134668328882.png,5,"This is a galaxy displaying a highly elongated, edge-on morphology with a prominent central bulge, providing a clear view of the galactic plane's vertical structure.",231.01069813560653,43.06393319812809,193.62881,https://panoptes-uploads.zooniverse.org/subject_location/85072c3c-8d6d-48d4-b040-294845986b6e.png,0.09519999999999999
40146223251872140.png,5,"This is an edge-on spiral galaxy displaying a prominent, extended disk with significant morphological elongation, characteristic of high-inclination galactic structures.",213.7921626209301,-1.732958301010253,351.79657,https://panoptes-uploads.zooniverse.org/subject_location/214acc4d-f281-4c29-90f9-7fd8b912a26d.png,0.3462
69595546985190654.png,5,"This is a galaxy exhibiting a highly elongated, edge-on morphology with a distinct, potentially clumpy structure, suggesting a high-inclination spiral or a rare edge-on disk system.",230.24065155366148,43.106103383596235,239.41214,https://panoptes-uploads.zooniverse.org/subject_location/38d603c1-5feb-4648-948e-30dc8982ae1a.png,0.1481
41232244387377102.png,5,"This is a dense galaxy cluster core containing multiple elliptical galaxies in close proximity, suggesting a high-density environment with ongoing dynamical interactions.",220.67828693675958,-1.162780417792673,391.61,https://panoptes-uploads.zooniverse.org/subject_location/f330b93b-8fe1-40bb-be7d-b01eab335400.png,0.087
69608311628007475.png,5,"This is a galaxy pair exhibiting signs of gravitational interaction, characterized by the close proximity and distorted morphology of the two components, suggesting an ongoing merger event.",236.8941228226493,42.4192959786443,249.43369,https://panoptes-uploads.zooniverse.org/subject_location/e3c4af31-d84d-4467-8fe8-875ff858223d.png,0.0
70369439962392988.png,5,"This is a galaxy exhibiting signs of morphological disturbance and potential tidal interaction, suggesting an ongoing merger event.",225.39054432975612,43.47042670759403,222.82419,https://panoptes-uploads.zooniverse.org/subject_location/28988587-a98d-48c7-848d-7ceb76da8653.png,0.0
70413424722468127.png,5,"This is a galaxy group exhibiting a potential interacting pair with visible tidal distortion, suggesting an ongoing gravitational interaction.",245.95880888651197,43.63343192242021,232.94244,https://panoptes-uploads.zooniverse.org/subject_location/d4f00c3c-da0f-45c3-9cfc-8a15e8b27353.png,0.0
70377974062402268.png,5,"This is a merging galaxy system exhibiting clear tidal interaction and morphological distortion between two distinct galactic components, indicating a significant gravitational encounter.",230.16688678733843,43.97850132072833,263.5401,https://panoptes-uploads.zooniverse.org/subject_location/c1e9fe79-b836-4c10-a083-06407d331bae.png,0.0588
41209837542995342.png,5,"This is a galaxy group, showing a central elliptical galaxy with multiple surrounding satellite galaxies, suggesting a compact, gravitationally bound system.",213.83705050003593,-1.2997529944916244,226.65158,https://panoptes-uploads.zooniverse.org/subject_location/61e60dee-70e6-4ddc-898a-9c6c317d10c7.png,0.0
70395420219577497.png,5,"This is a galaxy exhibiting signs of a potential minor merger or interaction, characterized by a distorted, asymmetric morphology and a nearby companion, suggesting a gravitational disturbance.",238.56074281972846,43.77923449412491,161.99329,https://panoptes-uploads.zooniverse.org/subject_location/71a3938a-ece8-4947-9dc0-ba6157c1f363.png,0.0
41210687946513517.png,5,"This is a galaxy system showing a clear gravitational lensing arc wrapping around the central elliptical galaxy, indicating a strong lensing event.",212.80384820697552,-0.2737557887595177,221.7955,https://panoptes-uploads.zooniverse.org/subject_location/cdd44131-3880-4abe-a394-31881fd6ecc1.png,0.0
70396103119370354.png,5,"This is a galaxy interaction candidate, showing two galaxies in close proximity with potential tidal distortion, suggesting a gravitational interaction.",237.1095538876305,43.52306072312632,169.74849,https://panoptes-uploads.zooniverse.org/subject_location/8d7c11c9-d3d2-4d50-9865-b68cc36b7ceb.png,0.0
41219342305622199.png,5,"This is a spiral galaxy exhibiting a well-defined, symmetric spiral structure with a prominent central bulge, representing a standard but well-resolved galactic morphology.",215.86117838234665,-0.42217968968415137,388.69092,https://panoptes-uploads.zooniverse.org/subject_location/66d1200f-e595-43d2-b251-215c4e59c388.png,0.4571
41219063132755471.png,5,"This is a galaxy pair exhibiting signs of gravitational interaction, characterized by a faint bridge-like structure connecting the two components.",216.29820120689172,-0.472106274017943,190.8783,https://panoptes-uploads.zooniverse.org/subject_location/586eea70-bcd1-4fb5-95c1-2adee383740c.png,0.0
41193095760467131.png,5,"This is a galaxy group exhibiting signs of interaction, with a small, distorted companion galaxy showing potential tidal disruption.",206.7635726552679,-0.26407620147541516,226.42285,https://panoptes-uploads.zooniverse.org/subject_location/811770be-192a-4256-9d5f-b93985922b5a.png,0.0667
70413566456396105.png,5,"This is a galaxy exhibiting signs of morphological disturbance, likely a merging or interacting system with an elongated, asymmetric structure.",245.5164091586824,43.915053553204054,418.8377,https://panoptes-uploads.zooniverse.org/subject_location/b811173e-5ecf-49dc-b31f-26082de22d71.png,0.375
70417951618011217.png,5,"This is a merging galaxy system exhibiting clear morphological distortion and tidal interaction, indicating a significant gravitational encounter.",247.68745075895302,43.4162490597827,277.12357,https://panoptes-uploads.zooniverse.org/subject_location/d0f5eb03-9968-4f91-81d2-cc9975ac2f21.png,0.125
41219316535812910.png,5,"This is a galaxy pair exhibiting close proximity and potential tidal interaction, suggesting an early-stage merging event.",215.98624375163828,-1.474262335858133,199.23692,https://panoptes-uploads.zooniverse.org/subject_location/2976761a-7407-4cb4-8e14-718b71720915.png,0.0
41192958321520117.png,4,"This is a galaxy exhibiting signs of morphological disturbance and potential interaction, characterized by an irregular, clumpy structure indicative of a merger event.",207.02616558519424,-0.16541567575468932,255.19983,https://panoptes-uploads.zooniverse.org/subject_location/b9fea8a4-1afa-4838-9d65-b4820938cbc3.png,0.3333
40172469797018913.png,4,"This is a galaxy cluster field containing a prominent edge-on spiral galaxy exhibiting a clear, thin disk structure, which is useful for morphological studies of galactic inclination.",223.0446856750389,-1.8880681987721166,227.9282,https://panoptes-uploads.zooniverse.org/subject_location/e78347c8-f625-436a-ae04-8c6da566b5bb.png,0.0
70386752975562603.png,4,"This is a galaxy field containing a prominent, edge-on spiral galaxy with a distinct central bulge and disk structure, providing a high-quality candidate for morphological study.",234.0754285059018,43.318143696224986,183.14105,https://panoptes-uploads.zooniverse.org/subject_location/33e0c888-4477-4afb-ab94-32cf770bc3f4.png,0.0
41187847310439060.png,4,"This is a galaxy exhibiting a potential gravitational lensing configuration, characterized by two symmetric, high-luminosity point sources flanking the central galactic core.",206.47019293244702,-1.2698944129977139,259.89246,https://panoptes-uploads.zooniverse.org/subject_location/f8259055-aebe-4155-ad93-276200104674.png,0.1333
70365329678686029.png,4,"This is a compact galaxy cluster exhibiting a high density of small, clumpy, and potentially star-forming galaxies, which is significant for studying galaxy evolution in dense environments.",222.84017875326035,44.10638655176346,265.24213,https://panoptes-uploads.zooniverse.org/subject_location/097b9345-627e-45bd-af9e-8abc3dcfc0d3.png,0.0
70408601474204333.png,4,"This is a galaxy group featuring a clearly interacting pair of galaxies with visible tidal distortion and bridge-like structures, indicating a significant gravitational interaction.",244.67143484513798,43.183429445436325,171.72737,https://panoptes-uploads.zooniverse.org/subject_location/3915a372-8ab6-49a5-bf22-33141ff6e473.png,0.0
41223860611211815.png,4,"This is a compact galaxy group or interacting system displaying multiple luminous, clumpy star-forming regions indicative of a high-energy, active environment.",217.26650614537752,-1.1267685229087885,216.29199,https://panoptes-uploads.zooniverse.org/subject_location/f9ac4ecc-98ea-4467-a997-1babf3710df8.png,0.0
70386478097659578.png,4,"This is a galaxy exhibiting a distinct, elongated blue feature extending from the galactic disk, which is characteristic of a jellyfish galaxy undergoing ram pressure stripping.",234.64899353404286,43.37603723849118,219.16641,https://panoptes-uploads.zooniverse.org/subject_location/281cc1ac-5830-40a9-973d-3cf4659ada72.png,0.0
69586733712308264.png,4,"This is a galaxy system exhibiting signs of a potential interaction or merger, characterized by a reddish, irregular morphology and nearby companion structures.",226.11969849585168,42.439812273042925,191.42609,https://panoptes-uploads.zooniverse.org/subject_location/20f98c67-96ae-466e-9421-2438f72e8896.png,0.0
41223310855398126.png,4,"This is a galaxy exhibiting a highly inclined, edge-on morphology with a prominent dust lane, which is a standard but well-defined galactic structure.",218.05426959534537,-1.1982412327050544,174.761,https://panoptes-uploads.zooniverse.org/subject_location/3b17ae99-2aa3-4424-9d6c-d86447941980.png,0.0526
69586746597205488.png,4,"This is a merging galaxy system exhibiting clear tidal distortion and overlapping galactic disks, indicating a significant ongoing gravitational interaction.",226.11718959633586,42.91475772077966,208.77303,https://panoptes-uploads.zooniverse.org/subject_location/ab4b8d87-50ef-4f3d-b091-db38829d3801.png,0.0
70377686299605744.png,4,"This is a galaxy group or cluster core containing multiple interacting components with overlapping halos, suggesting a complex, high-density environment.",230.49466265506126,43.58254089255788,270.93573,https://panoptes-uploads.zooniverse.org/subject_location/ec6af4f0-38e0-4113-917f-1ddc3eb326de.png,0.0
70412741822665846.png,4,"This is a galaxy cluster field containing multiple elliptical and lenticular galaxies in close proximity, suggesting a high-density environment suitable for studying galaxy evolution and interaction.",247.05067280150928,43.8109829754316,483.21622,https://panoptes-uploads.zooniverse.org/subject_location/e125c226-8305-4d51-84b4-07df160dbae3.png,0.1
70413553571487566.png,3,"This is a galaxy interaction exhibiting a clear morphological disturbance between two galaxies, suggesting an ongoing gravitational encounter.",245.62679003476805,43.259792713224016,289.2486,https://panoptes-uploads.zooniverse.org/subject_location/41c987bb-1d52-4356-b3d0-0af9af7c3f14.png,0.07690000000000001
70351731812206639.png,3,"This is a merging galaxy system exhibiting clear morphological distortion and tidal interaction between multiple components, suggesting an ongoing galactic collision.",217.7189154944999,44.41818411795783,416.54016,https://panoptes-uploads.zooniverse.org/subject_location/79834fda-2686-4085-8377-c06fc1a19bd2.png,0.0
41231982394374070.png,3,"This is a merging galaxy system showing clear signs of tidal disruption and morphological asymmetry, suggesting a significant galactic interaction event.",221.07954203712035,-0.5695087539192967,200.53275,https://panoptes-uploads.zooniverse.org/subject_location/95a1c066-b162-4bb5-bb44-b74e0cde35ed.png,0.0
70409164114923030.png,3,"This is a galaxy exhibiting signs of morphological disturbance and potential tidal interaction, suggesting an ongoing merger event.",243.66139964698107,43.715559853022356,148.14365,https://panoptes-uploads.zooniverse.org/subject_location/e8101b2f-806f-48fb-92b5-7df204685639.png,0.0
70395291370546218.png,3,This is a merging galaxy system showing clear signs of gravitational interaction and tidal disruption between two closely associated galactic nuclei.,238.7064999912222,44.047119267003666,208.22736,https://panoptes-uploads.zooniverse.org/subject_location/40917c27-2d9f-4bc7-924f-ddc3ff46a1b4.png,0.0
70347196326759723.png,3,"This is a galaxy interaction exhibiting a primary elliptical galaxy with a smaller, distorted companion, suggesting a tidal interaction or ongoing merger event.",215.94734266123115,44.43661761773497,388.73953,https://panoptes-uploads.zooniverse.org/subject_location/11aebb42-383d-4265-ac3a-88fb307538c9.png,0.0
70391017878092245.png,3,"This is a galaxy cluster field containing a central elliptical galaxy with a potential gravitational lensing arc visible in the surrounding distribution, suggesting a high-mass lensing system.",236.43848875125644,43.53869762557641,211.44891,https://panoptes-uploads.zooniverse.org/subject_location/7b0c6c70-fe5c-4e60-b410-d824ad2ef8a3.png,0.0
40150754442368837.png,3,"This is a merging galaxy system exhibiting clear morphological distortion and tidal interaction between two closely associated galactic nuclei, suggesting an ongoing gravitational merger event.",215.22905216159063,-1.8765728736837852,275.65585,https://panoptes-uploads.zooniverse.org/subject_location/a4a76ca0-7402-43de-a3ea-d42f50a4229f.png,0.0
69564477191774602.png,3,"This is a galaxy cluster exhibiting a high density of red-sequence elliptical galaxies and potential intra-cluster light, characteristic of a mature, massive galaxy cluster.",216.71197372604686,42.76503793166345,409.28943,https://panoptes-uploads.zooniverse.org/subject_location/0637bb14-add8-4e38-9558-b206f579af00.png,0.42310000000000003
70386490982557202.png,3,"This is a galaxy exhibiting a highly elongated, edge-on morphology, which is a prime candidate for studying edge-on protoplanetary disks or dust lane dynamics.",234.56451327705872,43.8393845043722,162.38316,https://panoptes-uploads.zooniverse.org/subject_location/ed7edf79-1473-4c93-88e4-f7902381cffa.png,0.0
69630181601470513.png,3,"This is a galaxy interaction candidate, showing two galaxies in close proximity with potential tidal distortion, suggesting an early-stage merger event.",247.16143316022476,43.09474975907885,161.91803,https://panoptes-uploads.zooniverse.org/subject_location/6ba08d9a-2371-42fe-8e27-c686d7f8ce64.png,0.0667
69581781615007368.png,3,"This is a system of interacting galaxies exhibiting overlapping disks and distorted morphologies, suggesting a complex ongoing merger process.",225.1442731179048,42.26636136250256,307.88336,https://panoptes-uploads.zooniverse.org/subject_location/73f22f10-d918-4844-98de-f8a73909c52a.png,0.0
70396116004268723.png,3,"This is a merging galaxy system exhibiting clear morphological distortion and tidal interaction features, suggesting an ongoing gravitational encounter.",237.29885437125733,44.05574286387336,152.91042,https://panoptes-uploads.zooniverse.org/subject_location/1297a2ed-843d-4b78-b621-75006f874717.png,0.0
70400492575954118.png,3,"This is a galaxy exhibiting signs of morphological disturbance, likely an interacting or merging system, characterized by an elongated, asymmetric structure and potential tidal features.",239.2888129024191,43.21948772016532,214.67455,https://panoptes-uploads.zooniverse.org/subject_location/13655265-bfd8-4525-a49d-adfe3828aa38.png,0.0
70365200829662631.png,3,"This is a galaxy cluster field containing a potential merging galaxy system exhibiting distorted tidal features and asymmetric morphology, suggesting an ongoing gravitational interaction.",223.08667819421214,44.38208757907254,311.6063,https://panoptes-uploads.zooniverse.org/subject_location/d2cebbf2-9963-4629-8358-d3cfac7ea7a0.png,0.0
69617378303959472.png,3,"This is a galaxy cluster field containing multiple clumpy, irregular galaxies with distinct star-forming regions, suggesting a high-density environment with ongoing galactic interactions.",240.4968349131216,42.12513690824716,230.32684,https://panoptes-uploads.zooniverse.org/subject_location/f3023165-5d09-447b-b3a1-166223d91e6a.png,0.0
70409310143815724.png,3,"This is a galaxy cluster field containing a distinct, compact, blue-tinted object that exhibits a high-energy spectral signature, potentially indicating an active galactic nucleus or a high-redshift starburst galaxy.",243.36007088027299,44.14842317901127,517.8739,https://panoptes-uploads.zooniverse.org/subject_location/107dca0f-cc16-461c-9f44-d5c52a567b88.png,0.0
41192275421719851.png,3,"This is a pair of interacting galaxies showing clear signs of tidal distortion and close proximity, indicative of a pre-merger or early-stage collision event.",207.9239916947947,-0.0027511064222098735,183.79007,https://panoptes-uploads.zooniverse.org/subject_location/dfa494db-4693-4a21-8b57-63a243c7d930.png,0.0
70342914244371492.png,3,"This is a galaxy exhibiting disturbed, asymmetric spiral arms and potential tidal features, suggesting a recent gravitational interaction or merger event.",213.6057133964591,43.5638496968864,292.54276,https://panoptes-uploads.zooniverse.org/subject_location/4a8978dd-8cc3-4a1e-b833-dcc93d6fe1bb.png,0.56
70369306818406410.png,3,"This is a galaxy field featuring a compact group of galaxies with varying morphologies, including potential interacting pairs that warrant further investigation.",225.84103756706722,43.63286223204002,224.04387,https://panoptes-uploads.zooniverse.org/subject_location/213da477-f7a4-4bcb-b3b5-141c275e6782.png,0.0
69577538187318656.png,3,"This is a galaxy group containing a prominent, potentially interacting pair of galaxies with overlapping morphological features indicative of a gravitational encounter.",223.09600423956653,42.879269007268846,264.08682,https://panoptes-uploads.zooniverse.org/subject_location/217a8e83-8515-4ce9-95cc-e7f03b822b81.png,0.0
69564606040793010.png,3,"This is a merging galaxy system exhibiting close-proximity interaction and potential tidal distortion between the two primary components, suggesting a significant gravitational encounter.",216.62764577535273,42.428668310682795,388.86322,https://panoptes-uploads.zooniverse.org/subject_location/f4e5cc51-8d03-46f3-ac62-2c011aa68a23.png,0.0
69568879533251187.png,3,"This is a merging galaxy system exhibiting clear tidal distortion and overlapping galactic disks, indicative of an ongoing gravitational interaction.",218.76515027642787,42.97775163750901,296.5589,https://panoptes-uploads.zooniverse.org/subject_location/18ab75c7-3441-44c0-9304-8e46f563beff.png,0.0
70378390674231353.png,3,"This is a galaxy exhibiting a distinct morphological anomaly, specifically a highly elongated, edge-on structure with a subtle, asymmetric tidal feature or potential warp, suggesting a past interaction or ongoing accretion event.",229.39294184319817,44.17287768989681,223.77548,https://panoptes-uploads.zooniverse.org/subject_location/e7aacf60-805e-4a47-9315-d57601c91da4.png,0.10710000000000001
70391434489909052.png,3,"This is a galaxy cluster field containing multiple interacting or overlapping galaxies, providing a high-density environment suitable for studying galaxy evolution and tidal interactions.",235.55200304484708,43.64068245386737,227.16606,https://panoptes-uploads.zooniverse.org/subject_location/783f7c8d-2bbf-416f-a3ed-8691937fe926.png,0.0
41223328035274008.png,3,This is a galaxy cluster field containing a potentially interacting or merging galaxy system with visible tidal distortion and morphological asymmetry.,217.9052096451243,-0.30149295492864964,250.40622,https://panoptes-uploads.zooniverse.org/subject_location/505fbdd4-683d-4098-84d6-db83e9ae8916.png,0.0
69590448859009620.png,3,"This is a galaxy cluster field exhibiting a high density of faint, diffuse, and potentially high-redshift galaxies, suggesting a significant cosmological structure.",229.36488078391235,42.55906214969941,94.73848,https://panoptes-uploads.zooniverse.org/subject_location/be2e3c0b-8835-47e5-8c41-aa3f93774645.png,0.0
69612709674510616.png,3,"This is a galaxy exhibiting a prominent, well-defined ring structure surrounding a bright central bulge, characteristic of a ring galaxy or a galaxy with a resonant ring feature.",238.80674218549564,42.322567582525735,385.29938,https://panoptes-uploads.zooniverse.org/subject_location/b37c9510-b732-4e40-8109-479bd2e13fde.png,0.6
70413691010451156.png,3,"This is a merging galaxy system exhibiting clear tidal interaction and morphological distortion, suggesting an ongoing gravitational encounter between two galactic components.",245.33727680913597,43.39857694248609,218.52222,https://panoptes-uploads.zooniverse.org/subject_location/06467d25-d119-493c-a508-e3c33c29604a.png,0.0
70422358254451500.png,3,"This is a clumpy, irregular galaxy displaying multiple luminous star-forming regions and a highly asymmetric morphology, indicative of active starburst processes.",249.57675042899854,43.739350309472,220.22552,https://panoptes-uploads.zooniverse.org/subject_location/8d8fe4e2-4c2b-40f7-9247-83a3f5153464.png,0.05
41227567167988885.png,3,"This is a compact galaxy group featuring multiple elliptical and lenticular galaxies in close proximity, suggesting a high probability of ongoing dynamical interaction.",219.54111280253386,-1.3190165153443252,253.26367,https://panoptes-uploads.zooniverse.org/subject_location/fd4bb698-7bfe-4c6e-bf53-592ab0f66a01.png,0.047599999999999996
40137152280951506.png,3,"This is a merging galaxy system exhibiting clear tidal distortion and multiple luminous star-forming clumps, indicative of an ongoing galactic interaction.",211.33225768586232,-1.597634730478205,284.25952,https://panoptes-uploads.zooniverse.org/subject_location/f60cc0c9-858b-4f2d-8e29-724524528f74.png,0.0
69559950296238284.png,3,"This is a merging galaxy system showing clear signs of tidal disruption and morphological asymmetry, indicating an ongoing interaction between two galactic bodies.",215.08719365044027,43.06779481785436,239.15933,https://panoptes-uploads.zooniverse.org/subject_location/7364325d-e94a-4b99-9b32-5ab10bffacff.png,0.0588
41205448086423303.png,3,"This is a galaxy pair exhibiting potential tidal interaction, as evidenced by the close proximity and slight morphological distortion of the spiral component, suggesting a gravitational encounter.",212.50480652888464,-0.8568872756755984,240.49902,https://panoptes-uploads.zooniverse.org/subject_location/61f0ce86-765c-4d09-8c55-beb1124a721a.png,0.0909
41227704606945948.png,3,"This is a merging galaxy system exhibiting clear tidal distortion and morphological asymmetry, suggesting an ongoing gravitational interaction.",219.4786057517659,-1.2583360172422742,208.2803,https://panoptes-uploads.zooniverse.org/subject_location/ef17e358-9565-43d4-86b4-3266a7de03f5.png,0.0625
70400660079662460.png,3,"This is a galaxy group exhibiting multiple interacting galaxies with visible tidal distortions and potential morphological overlap, suggesting an ongoing gravitational interaction.",239.04473194562783,44.3945688010257,178.75761,https://panoptes-uploads.zooniverse.org/subject_location/166490e9-6395-427a-b4eb-5806ed7256d9.png,0.0
41214815410092094.png,3,"This is a galaxy cluster field containing a potentially interacting system with a large, diffuse, and distorted foreground galaxy exhibiting signs of tidal interaction.",214.56472972482783,-0.05141306401494311,233.96024,https://panoptes-uploads.zooniverse.org/subject_location/d1492ecd-e8d0-41ab-8922-576c2d118b04.png,0.0
69582202521804111.png,3,"This is a galaxy system exhibiting signs of interaction, characterized by a distorted morphology and potential tidal features indicative of a merger event.",224.58475548243098,42.59116668802419,208.73816,https://panoptes-uploads.zooniverse.org/subject_location/5c22b39c-3af0-4a02-838b-4e3c993a4add.png,0.0
41218663700787540.png,3,"This is a merging galaxy system exhibiting clear tidal interaction and morphological distortion, indicating a significant gravitational encounter.",216.8387786988912,-0.06664458612028622,221.16385,https://panoptes-uploads.zooniverse.org/subject_location/7a50036a-285a-463f-8ff1-d765218f833c.png,0.0
41201887558531503.png,3,"This is a merging galaxy system exhibiting clear tidal distortion and morphological asymmetry, suggesting an ongoing gravitational interaction.",209.88033486758928,-0.35215841978959805,171.96896,https://panoptes-uploads.zooniverse.org/subject_location/df9cc199-41b4-41df-8d87-9f07d925391e.png,0.04
70351293725561034.png,3,"This is a merging galaxy system displaying clear tidal distortion and morphological asymmetry, indicative of an ongoing gravitational interaction.",218.48840924356892,43.253207444088346,252.54446,https://panoptes-uploads.zooniverse.org/subject_location/8ba1595b-a4ac-41a9-81e0-80928db6540b.png,0.0
41206152461052997.png,3,"This is a galaxy interaction/merger candidate exhibiting two closely positioned, potentially interacting galaxies with overlapping light profiles, suggesting a gravitational encounter.",211.52385985867215,-0.18843604255344126,183.6022,https://panoptes-uploads.zooniverse.org/subject_location/52dd8111-bd3b-43ca-b923-005e1e089901.png,0.0526
70391563338936883.png,3,"This is a galaxy cluster field containing multiple interacting and potentially merging galaxies, exhibiting distorted morphologies and tidal features indicative of gravitational interaction.",235.49262323927724,43.37017972074424,157.57062,https://panoptes-uploads.zooniverse.org/subject_location/22058575-75c6-4a7c-9841-dc134374cbeb.png,0.0
41232390416269227.png,3,"This is a merging galaxy system exhibiting clear tidal distortion and overlapping galactic disks, indicative of an ongoing gravitational interaction.",220.58283387247553,-0.7157200431471864,236.33844,https://panoptes-uploads.zooniverse.org/subject_location/936bc70b-7bab-4d21-9ed7-0fe63c5c0366.png,0.0
41227721786787547.png,3,"This is a galaxy exhibiting a highly elongated, edge-on morphology with a distinct reddish hue, suggesting a potential edge-on spiral or a high-redshift galaxy candidate.",219.386681362686,-0.6234797796585066,174.29605,https://panoptes-uploads.zooniverse.org/subject_location/e3ed0039-893f-4233-8878-19ab60aa724a.png,0.0
41205710079422045.png,3,"This is an interacting galaxy pair exhibiting clear tidal distortion and a bridge-like structure between the two components, indicative of an ongoing gravitational interaction.",211.96291475067775,-1.4843165493515909,183.87267,https://panoptes-uploads.zooniverse.org/subject_location/63c5fd0b-ed14-4163-9413-5b6230be249d.png,0.07690000000000001
41223877791081630.png,3,"This is a merging galaxy system exhibiting clear tidal interaction and morphological distortion, suggesting a significant gravitational encounter between two galactic components.",217.15269573974334,-0.4509108570408841,303.8532,https://panoptes-uploads.zooniverse.org/subject_location/e2a3fa06-c569-4293-bec7-d06ee9a46c3c.png,0.0556
69585917668519166.png,3,"This is a merging galaxy system exhibiting clear tidal interaction and morphological distortion, suggesting an ongoing galactic collision.",227.72602287933614,42.76316976071767,177.22676,https://panoptes-uploads.zooniverse.org/subject_location/80f3b0ea-35bc-4e5a-8e3a-952e08c140ae.png,0.0
70352114064315813.png,3,"This is a merging galaxy system exhibiting significant tidal distortion and asymmetric morphology, suggesting an ongoing gravitational interaction.",216.7790123887708,43.16309354376091,295.27948,https://panoptes-uploads.zooniverse.org/subject_location/287354a1-9c4c-4782-830b-d25457679918.png,0.0
69599940736745603.png,3,"This is a galaxy group exhibiting signs of gravitational interaction and potential merging, characterized by the close proximity and distorted morphologies of the central elliptical and spiral components.",232.21828802206562,43.02765772758721,201.17285,https://panoptes-uploads.zooniverse.org/subject_location/75d2fcbb-f1b3-4c46-ae87-6454f0167977.png,0.13640000000000002
70347612938584514.png,3,"This is a galaxy group exhibiting multiple interacting elliptical and lenticular galaxies in close proximity, suggesting a potential ongoing gravitational interaction within a dense cluster environment.",214.99262415542051,44.57216370859769,463.8852,https://panoptes-uploads.zooniverse.org/subject_location/8db00d2e-5325-4c66-86eb-9c97f3acdfdb.png,0.0625
69568733504345610.png,3,"This is a galaxy pair exhibiting signs of gravitational interaction, characterized by distorted morphologies and overlapping tidal features indicative of an ongoing merger.",219.07416794822558,42.63614792543475,416.987,https://panoptes-uploads.zooniverse.org/subject_location/fcde8348-2aaa-416e-8e4f-a701946ed739.png,0.0
69634850230928782.png,3,"This is a galaxy system exhibiting potential tidal interaction features and faint, extended structures, suggesting a possible ongoing merger or gravitational disturbance.",248.69188399230526,43.0244873156679,154.35487,https://panoptes-uploads.zooniverse.org/subject_location/21e1951b-77d0-4d8b-953a-a9811977ec93.png,0.0
41223873496117262.png,3,This is a galaxy cluster field containing a potential interacting galaxy pair exhibiting morphological distortion and tidal features indicative of a gravitational encounter.,217.1315084820363,-0.5834494823647263,227.15689,https://panoptes-uploads.zooniverse.org/subject_location/375cd8f7-7731-427f-82e4-d113cdf223d5.png,0.0
41210262744730762.png,3,"This is a clumpy, irregular galaxy displaying multiple luminous star-forming regions and a highly distorted morphology, suggesting a recent interaction or high-redshift starburst event.",213.2655551730595,-0.7808154551117669,202.03113,https://panoptes-uploads.zooniverse.org/subject_location/f1c748bc-2d34-48c2-b58c-56dac87f53f3.png,0.0
40149929808655448.png,3,This is a merging galaxy system exhibiting clear signs of gravitational interaction and tidal distortion between two closely associated galactic nuclei.,216.23637387389536,-1.7934651968360054,229.2736,https://panoptes-uploads.zooniverse.org/subject_location/21ac63ec-e2e3-4c5b-a0dd-8017051c7216.png,0.0
70413557866465136.png,3,"This is a merging galaxy system exhibiting clear tidal interaction and morphological distortion, indicating an active gravitational encounter between multiple galactic components.",245.61353967462148,43.58220535842119,194.17639,https://panoptes-uploads.zooniverse.org/subject_location/79d4a00f-cb19-408d-a22d-3399af04032c.png,0.0
70347174851925975.png,3,"This is a merging galaxy system showing signs of tidal disruption and potential bridge formation, indicating a significant gravitational interaction.",215.84105592803803,43.50608143443528,326.27972,https://panoptes-uploads.zooniverse.org/subject_location/52e9dced-432a-4c00-b7f7-294fd5b1c2c6.png,0.0
70400492575951199.png,3,"This is a galaxy group containing a potential interacting pair, exhibiting close proximity and morphological distortion indicative of gravitational interaction.",239.34835777804966,43.17675719015337,202.21698,https://panoptes-uploads.zooniverse.org/subject_location/b6cae1cf-d8bf-4d3a-9735-b4562b72d786.png,0.0
41210408773649408.png,3,"This is a merging galaxy system exhibiting clear tidal tails and morphological distortion, indicating a significant gravitational interaction.",213.17039357395035,-0.3619499036009151,177.37187,https://panoptes-uploads.zooniverse.org/subject_location/13caedec-e873-4922-a865-5e066609d1a0.png,0.0
41200934075783930.png,3,"This is a clumpy, irregular galaxy displaying multiple luminous, high-surface-brightness star-forming regions, which is characteristic of active starburst activity in high-redshift or dwarf systems.",211.10067653678678,-0.08079032184311151,182.50372,https://panoptes-uploads.zooniverse.org/subject_location/6c63fc61-05e1-4551-8a50-e530bafa1519.png,0.0
70387045033350310.png,3,"This is a galaxy group exhibiting signs of interaction, with a distorted, asymmetric morphology suggesting tidal disruption between the member galaxies.",233.70339460590415,44.13099297193446,158.16777,https://panoptes-uploads.zooniverse.org/subject_location/5ca5381c-e429-473a-8a35-b1d9d190fc1a.png,0.0
70365175059862891.png,3,"This is a galaxy interaction candidate, featuring a primary elliptical galaxy in close proximity to a highly elongated, potentially edge-on or distorted companion, suggesting a gravitational interaction.",223.32388485291295,43.29842474722388,236.66005,https://panoptes-uploads.zooniverse.org/subject_location/c3add482-cbf7-4a4d-876f-8b7a6241796c.png,0.0
41240782782353721.png,3,"This is a merging galaxy system exhibiting clear tidal distortion and overlapping components, indicative of an ongoing gravitational interaction.",224.02173961597362,-0.4256343062620742,234.94948,https://panoptes-uploads.zooniverse.org/subject_location/ecd6a75e-48eb-4ac5-9d6c-2bae13171c6d.png,0.0
41237071930618663.png,3,"This is an interacting galaxy pair showing clear morphological distortion and clumpy star-forming regions, characteristic of a collisional event.",221.75164798259468,-0.4106892806467889,172.53859,https://panoptes-uploads.zooniverse.org/subject_location/f79854c9-c653-4110-8f39-8dab13337ad2.png,0.0
69564477191774624.png,3,"This is a galaxy cluster field containing a prominent, highly luminous elliptical galaxy surrounded by a dense population of red-sequence galaxies, suggesting a mature, virialized cluster environment.",216.71412755187816,42.76336485188465,526.1262,https://panoptes-uploads.zooniverse.org/subject_location/7f70b145-6d90-4c42-8415-dc2c5fe50272.png,0.1786
40133166551296286.png,3,"This is a galaxy displaying a clear, edge-on disk structure with a prominent central bulge, providing a high-quality profile for edge-on galactic analysis.",209.1646639882497,-1.654521654681861,206.1146,https://panoptes-uploads.zooniverse.org/subject_location/3670787d-d7f8-409f-a86b-21b3d0937cb0.png,0.0
40163819732886988.png,3,"This is a galaxy exhibiting morphological distortion and potential tidal features, suggesting an ongoing interaction or merger event.",219.8648509395278,-1.508461068188868,193.96841,https://panoptes-uploads.zooniverse.org/subject_location/0c720b70-c201-4d8e-aa61-ba154311289a.png,0.0
69577263309396014.png,3,"This is a merging galaxy system exhibiting clear morphological distortion and tidal interaction features, suggesting a significant gravitational encounter.",223.46754370723258,43.01228810023388,209.99428,https://panoptes-uploads.zooniverse.org/subject_location/660e979e-a265-4efd-81b5-34bc0671db2f.png,0.0
69607895016175116.png,3,"This is a merging galaxy system exhibiting clear tidal tails and distorted morphology, indicating a significant ongoing gravitational interaction.",237.670090377599,42.27289534834167,343.2651,https://panoptes-uploads.zooniverse.org/subject_location/0fa6b1fd-08c4-4495-8d92-42e16a75a35a.png,0.0
41228134103680653.png,3,"This is a galaxy pair showing a distinct color contrast between a blue, potentially star-forming galaxy and a redder, quiescent companion, indicating a likely interacting system.",218.83286113492352,-0.4683387860296951,241.18423,https://panoptes-uploads.zooniverse.org/subject_location/343d057c-13c3-4c82-8556-45e135cd89e8.png,0.0526
69568733504363965.png,3,"This is a galaxy exhibiting a distinct, elongated, and reddish morphological feature consistent with a tidal tail or a highly distorted interaction, suggesting a recent or ongoing merger event.",219.08773429616036,42.62347652530132,405.7052,https://panoptes-uploads.zooniverse.org/subject_location/4dc758f2-592a-43de-a4ed-ed049f78c853.png,0.0
41227446908911218.png,3,"This is a galaxy pair exhibiting signs of gravitational interaction, characterized by the close proximity and potential tidal distortion between the two central components.",219.87375606614015,-0.4945843892579578,230.2239,https://panoptes-uploads.zooniverse.org/subject_location/c009828a-8092-493a-85be-6f39cbe94eee.png,0.0
41218496197062257.png,2,"This is a galaxy field containing a prominent, slightly disturbed spiral galaxy with an elongated morphology, suggesting potential ongoing secular evolution or minor interaction.",217.02786055121976,-1.2888637144275592,192.2269,https://panoptes-uploads.zooniverse.org/subject_location/fc54e1a8-e3d0-4e7d-b1de-b3072b1599ce.png,0.0
41214531942250629.png,2,"This is a galaxy group containing a potential interacting pair, exhibiting subtle tidal distortion and proximity that suggests a gravitational encounter.",214.9665774359714,-0.42624809953572673,218.9201,https://panoptes-uploads.zooniverse.org/subject_location/8f83fb3d-ac9f-4bbf-895a-86d34786500a.png,0.0357
41218646520921542.png,2,"This is a galaxy interaction candidate, specifically a compact group or potential minor merger, featuring a prominent elliptical galaxy with a closely associated, distinctively red companion.",216.7880036533149,-0.6903244544992306,224.33374,https://panoptes-uploads.zooniverse.org/subject_location/8a609df1-d53c-485c-8997-30aa6c66c25c.png,0.087
70408751798051626.png,2,"This is a galaxy cluster containing multiple elliptical and lenticular galaxies, exhibiting a high-density environment conducive to gravitational interactions and potential merging events.",244.24127788218055,43.61525246739061,397.973,https://panoptes-uploads.zooniverse.org/subject_location/96d82343-973b-4a15-b169-a911251fec6b.png,0.0
70400239172880269.png,2,"This is a galaxy exhibiting a diffuse, disturbed morphology with potential tidal features, indicative of a post-merger or interacting system.",239.7944951252113,44.13057572608025,176.30997,https://panoptes-uploads.zooniverse.org/subject_location/963de26d-8282-4a61-831c-a460022b9f13.png,0.0
41228121218774557.png,2,"This is a galaxy group containing a central elliptical galaxy surrounded by several smaller, potentially interacting satellite galaxies, indicating a dense cluster environment.",218.88677072237587,-1.1139926428918856,253.59631,https://panoptes-uploads.zooniverse.org/subject_location/e38788ed-cd2b-42d4-9709-76598e58a5b9.png,0.0
41236917311768448.png,2,"This is a dense galaxy cluster field containing a variety of morphological types, including a notable edge-on spiral galaxy candidate that warrants further investigation for potential disk structure.",221.8014968783672,-1.1866029701684848,186.82281,https://panoptes-uploads.zooniverse.org/subject_location/0b3efb61-1652-4caf-a12c-fa87787390ae.png,0.0
41228142693604996.png,2,"This is a galaxy, specifically an irregular or disturbed spiral, showing asymmetric morphology and potential tidal features indicative of recent interaction or active star formation.",218.9567760453507,-0.2633309204155604,201.45717,https://panoptes-uploads.zooniverse.org/subject_location/19679dcb-c67f-4868-add2-baad78a179bb.png,0.0
41196664878295761.png,2,"This is a galaxy exhibiting a distinct, elongated, and diffuse morphology consistent with a post-merger elliptical system or a highly inclined disk galaxy, warranting further spectroscopic follow-up.",209.4070894454393,-0.36393955398021216,226.53665,https://panoptes-uploads.zooniverse.org/subject_location/cf167301-17f3-4363-845a-2a4438c77764.png,0.08
69612443386544376.png,2,"This is a galaxy cluster exhibiting a high density of small, potentially high-redshift, clumpy star-forming galaxies, which are significant for studying early galaxy evolution.",239.5030380800659,42.79704206608521,180.81715,https://panoptes-uploads.zooniverse.org/subject_location/bf232119-63d8-4c7f-99f5-9c3cc33ac295.png,0.0
70391292755990139.png,2,"This is a galaxy cluster containing multiple elliptical and lenticular galaxies, exhibiting a high density of members typical of a rich cluster environment.",235.96798118640498,43.45179411769158,459.17432,https://panoptes-uploads.zooniverse.org/subject_location/2709d191-cf5b-43bf-94c0-b8fc277a2ffb.png,0.0455
41219213456604135.png,2,"This is a galaxy pair exhibiting close-proximity interaction, suggesting a potential ongoing gravitational encounter between the two primary components.",216.0720788681393,-0.06267325909387596,192.42706,https://panoptes-uploads.zooniverse.org/subject_location/7e4b25e9-b25b-4852-aea2-bddddd6c214c.png,0.0
70382084346111988.png,2,"This is a galaxy cluster containing a central dominant elliptical galaxy surrounded by several smaller, potentially interacting satellite galaxies, indicating a complex gravitational environment.",232.59471115228746,43.48482964070428,217.79906,https://panoptes-uploads.zooniverse.org/subject_location/ee522309-944d-434a-a0c8-b7b3e12e5d82.png,0.0
69577254719482419.png,2,"This is a field of galaxies containing a prominent edge-on spiral galaxy with a distinct, elongated disk structure.",223.53469848617726,42.6423547852687,250.65823,https://panoptes-uploads.zooniverse.org/subject_location/ea1e8386-d1e2-4892-8778-05f6ce4411c6.png,0.0
41201342097687153.png,2,"This is a galaxy interaction candidate exhibiting a faint, elongated, and morphologically distorted companion galaxy in the lower right quadrant, suggesting a potential tidal interaction.",210.51855679978377,-0.11223984161643458,162.53452,https://panoptes-uploads.zooniverse.org/subject_location/645cf8cc-2f65-4a75-b9f5-2e224cc3b6b7.png,0.0
40159142513504349.png,2,"This is a galaxy cluster field containing a potential interacting galaxy pair exhibiting tidal distortion, suggesting a gravitational encounter.",218.59070654301942,-1.6610136296790088,252.06342,https://panoptes-uploads.zooniverse.org/subject_location/b7686f94-733a-4e9a-9d7a-11ff00f0a310.png,0.0
70395433104466915.png,2,"This is a galaxy cluster containing a prominent central elliptical galaxy surrounded by a high density of smaller, potentially interacting member galaxies, suggesting a rich cluster environment.",238.38257157192075,44.21396861214887,308.71075,https://panoptes-uploads.zooniverse.org/subject_location/49a08738-bec7-4a9c-97e2-80885957f6d0.png,0.1333
69604325898343762.png,2,"This is a galaxy cluster field containing a prominent, large elliptical galaxy with a distinct, diffuse halo and surrounding satellite galaxies, suggesting a potential group-scale interaction or central cluster member.",234.24802032574337,42.363702274182295,230.5126,https://panoptes-uploads.zooniverse.org/subject_location/9a664c57-8887-479f-8dee-be4d5a5f20ea.png,0.21739999999999998
70386752975562823.png,2,"This is a galaxy exhibiting a highly elongated, edge-on morphology with a distinct central bulge, potentially indicating an edge-on spiral or a disk galaxy with high inclination.",234.0453140107566,43.320004980105196,174.98018,https://panoptes-uploads.zooniverse.org/subject_location/a25e60db-38ed-4d1c-bc97-1c4ad72cc5fc.png,0.0
69621226594641100.png,2,"This is a galaxy exhibiting a highly edge-on, thin disk morphology, which is a prime candidate for detailed structural analysis of galactic disks and potential protoplanetary disk studies.",243.3578005725221,42.28795424896361,283.2213,https://panoptes-uploads.zooniverse.org/subject_location/aa0862d9-3fa2-4dbd-a86d-97302875e69e.png,0.0
69613130581307151.png,2,"This is a galaxy cluster exhibiting a high density of elliptical galaxies, suggesting a dynamically evolved environment with potential ongoing interactions.",238.29063928662703,42.73858727680506,784.93976,https://panoptes-uploads.zooniverse.org/subject_location/ca41c98f-871a-4ec4-a4ff-032499aebfc6.png,0.3125
41215201957121404.png,2,"This is a galaxy system exhibiting signs of a potential minor merger or interaction, characterized by a faint, distorted tidal feature connecting two nearby galactic components.",214.13340683517217,-1.1503363407103517,243.74026,https://panoptes-uploads.zooniverse.org/subject_location/0f4d264d-fbea-4ae9-8d0e-d7fc6f8f64f7.png,0.0
41187989044357057.png,2,"This is a galaxy exhibiting a distinct edge-on morphology with a prominent, extended disk structure, which is a classic example of a high-inclination spiral galaxy.",206.32141602480522,-1.1212697570238244,201.16382,https://panoptes-uploads.zooniverse.org/subject_location/4333edf9-f1c0-46f1-80d8-58f03e7ad660.png,0.0714
40127943871059415.png,2,"This is a galaxy exhibiting a clear, well-defined barred spiral structure with a prominent central bulge, representing a standard but well-resolved morphological type.",208.8242993744089,-1.7417956426723529,231.92313,https://panoptes-uploads.zooniverse.org/subject_location/c7ef45f0-b10d-4801-9609-04ba0caa0f64.png,0.22219999999999998
69568454331485301.png,2,"This is a galaxy group exhibiting a compact, potentially interacting system of small, clumpy galaxies, which warrants further investigation for signs of tidal interaction.",219.4445011946749,42.3182354723944,239.90794,https://panoptes-uploads.zooniverse.org/subject_location/d31c9cfc-68b5-46bb-a055-f52903dc1f53.png,0.0385
70377548860644925.png,2,"This is a galaxy pair exhibiting close proximity and potential gravitational interaction, suggesting a possible merging or cluster-member system.",230.75504143190034,43.46509825301974,226.26344,https://panoptes-uploads.zooniverse.org/subject_location/5070d41c-7610-4afe-8032-2c78866b9d76.png,0.1905
70343180532322239.png,2,"This is a galaxy exhibiting a highly elongated, edge-on morphology with a distinct central bulge, suggesting a potential edge-on spiral or disk galaxy of interest for structural analysis.",213.09264496866638,43.191566893578866,243.07306,https://panoptes-uploads.zooniverse.org/subject_location/f72b2c00-8fa0-4497-a5b5-13190dac6a2b.png,0.05
41236380440891881.png,2,"This is a galaxy interaction, specifically a potential minor merger, exhibiting a primary elliptical galaxy with a closely associated companion showing signs of tidal distortion.",222.66613810700883,-0.4662761021352224,215.01706,https://panoptes-uploads.zooniverse.org/subject_location/98105097-73a1-4373-88c8-b084176d501e.png,0.0
70412874966654905.png,2,"This is a galaxy exhibiting a highly inclined, edge-on morphology with a prominent, thin disk structure, which is useful for studying galactic rotation curves and dust lane extinction.",246.88176918844903,43.637479878009955,231.83655,https://panoptes-uploads.zooniverse.org/subject_location/e1f715fa-8562-4e93-baed-9d5885f47ba2.png,0.0909
41214669381203121.png,2,"This is a galaxy cluster field containing a prominent edge-on spiral galaxy exhibiting a distinct, elongated disk morphology that warrants further investigation for potential structural anomalies.",214.80045910779748,-0.43577755076479374,389.52472,https://panoptes-uploads.zooniverse.org/subject_location/7f129e7f-b77d-4224-ab5e-62360c0ee685.png,0.0741
70400376611826621.png,1,"This is a galaxy cluster containing multiple elliptical galaxies, which represents a standard, non-anomalous dense field of galaxies.",239.57887421754296,44.06953235831339,224.96411,https://panoptes-uploads.zooniverse.org/subject_location/07a93eef-6e6d-440d-b278-a870657626ad.png,0.0
70347196326762193.png,1,"This is a galaxy exhibiting an edge-on orientation with a prominent central bulge and a faint, extended disk, representing a standard spiral morphology.",215.97951201261955,44.5132157094601,428.41138,https://panoptes-uploads.zooniverse.org/subject_location/8d27d23c-db9a-4f59-995a-0bea0392bcac.png,0.0
69564198018899988.png,1,"This image contains a prominent, linear, saturated red streak characteristic of a satellite trail or cosmic ray artifact, which must be rejected.",217.2811261407588,42.606544057044275,387.13684,https://panoptes-uploads.zooniverse.org/subject_location/70bc2e09-e085-4c75-8126-34d17ee39e1e.png,0.0
70404482600566754.png,1,"This is a galaxy exhibiting a saturated, non-physical, and unnaturally colored central core, which is a classic signature of a CCD saturation artifact rather than a genuine astrophysical phenomenon.",241.93959304993962,43.376729907966755,430.3192,https://panoptes-uploads.zooniverse.org/subject_location/51cbfeb4-fd93-440d-aeba-943dedf0a81a.png,0.1429
70356129858738804.png,1,"This is a galaxy image containing a distinct, perfectly linear horizontal artifact line crossing the frame, which is a classic signature of a CCD readout or cosmic ray trail artifact.",219.56689337777144,44.48637394846895,448.76508,https://panoptes-uploads.zooniverse.org/subject_location/930fa837-772a-4958-9e21-d6f487557631.png,0.087
70342909949404573.png,1,"This image is rejected as an artifact because it displays a large, non-astrophysical, saturated red linear feature characteristic of sensor noise or a cosmic ray streak.",213.6001006928008,43.37109921209006,427.86896,https://panoptes-uploads.zooniverse.org/subject_location/ff92427e-6cfd-4e8f-91cb-8e6fc5040281.png,0.16670000000000001
70351568603474754.png,1,"This is an artifact image dominated by significant sensor noise or a flat-fielding error, resulting in a non-astronomical diffuse haze that obscures any potential scientific data.",217.86631566123103,43.372406824440574,313.37094,https://panoptes-uploads.zooniverse.org/subject_location/a0738a6c-6b77-4206-859b-a04cab581cfb.png,0.0
69559675418313333.png,1,"This is a galaxy exhibiting a clear edge-on morphology with a distinct, elongated disk structure, which is a standard galactic profile lacking significant anomalies.",215.61952175430008,43.05686409377359,241.3417,https://panoptes-uploads.zooniverse.org/subject_location/20247aee-1f71-443f-9dc5-2a3dbdd11909.png,0.0
41196793727315309.png,1,"This is a galaxy exhibiting a clear edge-on disk morphology with a prominent central bulge, representing a standard, undisturbed spiral galaxy.",209.2139138954009,-0.7265503009300074,263.5453,https://panoptes-uploads.zooniverse.org/subject_location/9d3d9b8d-cf1e-4f8c-9e4a-8890d8751e00.png,0.1176
41196505964503082.png,0,,209.56941610920876,-1.3785175955809197,235.09274,https://panoptes-uploads.zooniverse.org/subject_location/fc49cf43-d13e-4d43-aeec-bf6b089a6af6.png,0.0
41232240092411965.png,0,,220.67950537321093,-1.3013057219487343,161.8581,https://panoptes-uploads.zooniverse.org/subject_location/a88f7a0b-2a27-482e-84db-b83301b99af5.png,0.0
69577405043331229.png,0,,223.17772385090012,43.088669599583916,252.77737,https://panoptes-uploads.zooniverse.org/subject_location/adece108-fa93-43e8-8a08-843f1cdd6962.png,0.0
41214239884474613.png,0,,215.36799543032384,-1.0762460828523908,267.2606,https://panoptes-uploads.zooniverse.org/subject_location/4cb719a7-622e-4e67-8b5b-e89aa22fcf37.png,0.0455
69604334488280091.png,0,,234.07758394929775,42.71024588130924,259.77148,https://panoptes-uploads.zooniverse.org/subject_location/a2094a64-1d45-47d6-8ba4-5c0f906433f6.png,0.0
69617395483837347.png,0,,240.3459306219724,42.99797269545064,162.4585,https://panoptes-uploads.zooniverse.org/subject_location/b198be67-7cb8-49f5-b1fb-b1d0ceead104.png,0.0435
40163806847981116.png,0,,219.8774147166708,-1.9935140370736895,485.10486,https://panoptes-uploads.zooniverse.org/subject_location/291b0296-3342-4df2-b90c-8966dd90d584.png,0.0625
69577400748363722.png,0,,223.20725422293705,42.87333449090999,246.94672,https://panoptes-uploads.zooniverse.org/subject_location/cd8da019-758d-4d5e-bef4-0a1a1e2ae42e.png,0.0
70352118359288922.png,0,,216.9349007352194,43.41334517331614,265.1067,https://panoptes-uploads.zooniverse.org/subject_location/0ba40ff0-8401-42e1-bc2a-6df98043019a.png,0.0
41210121010834081.png,0,,213.4474505855654,-0.9787171650420364,183.23956,https://panoptes-uploads.zooniverse.org/subject_location/df966824-d02a-4769-a247-f66ef5b517cb.png,0.0
69625908109009086.png,0,,244.81745324271913,42.54394979709325,199.60881,https://panoptes-uploads.zooniverse.org/subject_location/19f98bf2-c533-4d98-89b1-17c8b8adc704.png,0.0
41228408981580992.png,0,,218.58014654490697,-0.5919475829556344,176.29626,https://panoptes-uploads.zooniverse.org/subject_location/e95bfc27-d169-4552-a901-c10a65636670.png,0.0
69582331370822739.png,0,,224.29949275451338,42.264115094726165,241.67448,https://panoptes-uploads.zooniverse.org/subject_location/96835aab-8339-4b49-beef-6ef1f9a0c457.png,0.0
69621372623524088.png,0,,243.2512603822048,42.5696105605217,158.41011,https://panoptes-uploads.zooniverse.org/subject_location/99acec85-4388-4864-9e5c-8c786940a4f7.png,0.0
40137289719905947.png,0,,211.04982344079056,-1.5925338769778645,224.95102,https://panoptes-uploads.zooniverse.org/subject_location/12d6a043-ae88-4983-a741-c2dc9570c390.png,0.0
69573144435774941.png,0,,221.09180884884123,43.060665863725,253.3631,https://panoptes-uploads.zooniverse.org/subject_location/9eb3458c-cf38-4ef4-9bfb-5bc5eb8a06b6.png,0.0
69600065290793456.png,0,,231.9736377196212,42.43330795715424,164.13689,https://panoptes-uploads.zooniverse.org/subject_location/92a21102-bcf9-44ea-8627-6126e72fb5d7.png,0.0
69590461743912854.png,0,,229.59661940525308,43.116501822158796,168.35019,https://panoptes-uploads.zooniverse.org/subject_location/74564015-22e4-410d-b36d-13d106c11ceb.png,0.0667
41237054750749049.png,0,,221.58358244514304,-1.1832823544640962,205.6568,https://panoptes-uploads.zooniverse.org/subject_location/29844d7f-ba77-4546-ad4f-191600c7ef24.png,0.0
41223452589317677.png,0,,217.78487739783995,-1.0102709907331247,221.81702,https://panoptes-uploads.zooniverse.org/subject_location/eac3abc1-fe30-4c70-8aa1-f13c71b8211e.png,0.0
70342501927510080.png,0,,214.4121129290931,43.52902884801947,247.96767,https://panoptes-uploads.zooniverse.org/subject_location/bb09a60e-2101-4a2c-80d6-8f018f93e82e.png,0.0
70382775835851718.png,0,,231.42253127876336,43.7491851776655,197.78482,https://panoptes-uploads.zooniverse.org/subject_location/2ec0192c-bb82-4241-a6e1-0a288da47eb9.png,0.1923
69594984344477048.png,0,,231.13117088996557,42.560877056485175,358.9297,https://panoptes-uploads.zooniverse.org/subject_location/adb1a3ed-fdbe-4451-8962-afa90ac30bfb.png,0.16670000000000001
70395291370541254.png,0,,238.74255739091146,43.97771119803683,153.86218,https://panoptes-uploads.zooniverse.org/subject_location/ed38985e-b2fc-424c-ac3e-1ad3d1d1bacc.png,0.0
41187843015470128.png,0,,206.56688798817123,-1.4590515963185238,250.23993,https://panoptes-uploads.zooniverse.org/subject_location/40d1fd05-f1e9-48a7-9c1a-45f98e1207fb.png,0.0
69608191368918981.png,0,,237.08449582953807,43.10659086383129,204.9458,https://panoptes-uploads.zooniverse.org/subject_location/a4ec9924-cbfc-42fa-964a-957e606fcaae.png,0.0
41231973804412652.png,0,,221.1549275418221,-0.9722271022859409,165.72745,https://panoptes-uploads.zooniverse.org/subject_location/4c8f45a7-8348-4661-b94a-71ef329d4578.png,0.1429
41237054750750356.png,0,,221.70106719229187,-1.1707875847615474,177.16754,https://panoptes-uploads.zooniverse.org/subject_location/89bf0320-b714-4162-9d81-803134b215df.png,0.0
70378510933325239.png,0,,229.06002465823943,43.56419111864113,200.4955,https://panoptes-uploads.zooniverse.org/subject_location/429eb9d8-f663-451e-9266-aef426a84fd0.png,0.0
70417964502901676.png,0,,247.7029234927557,43.846696129970724,175.23535,https://panoptes-uploads.zooniverse.org/subject_location/c24dc4ac-c575-4d13-bb5c-b077f0f9436b.png,0.0
69573268989826841.png,0,,220.81694662183537,42.54447999314638,258.15613,https://panoptes-uploads.zooniverse.org/subject_location/875e01df-3126-43b6-8c2f-deb6003d1d36.png,0.0
69604480517165410.png,0,,233.8635864796533,43.04743196988226,227.42123,https://panoptes-uploads.zooniverse.org/subject_location/b9da96f5-6072-4045-829e-c6ef06ab885d.png,0.0
41219325125749196.png,0,,215.8881079272763,-1.1388025995483702,161.79219,https://panoptes-uploads.zooniverse.org/subject_location/4a45ffab-6b4b-46b0-9d07-2e95d2219e07.png,0.0
70369577401345203.png,0,,225.30246442717205,43.46942197988733,192.21075,https://panoptes-uploads.zooniverse.org/subject_location/0a67e889-6ff6-4b41-aae2-624a0194ee02.png,0.0
41201312032911036.png,0,,210.50774665706874,-1.480849541282826,207.9755,https://panoptes-uploads.zooniverse.org/subject_location/85d6e345-9072-4f34-85fc-90f47c0a3497.png,0.0
70396107414334008.png,0,,237.19284993268545,43.66378924052724,153.09866,https://panoptes-uploads.zooniverse.org/subject_location/c87037c2-f957-460e-b6af-a0911b538b50.png,0.0
70347192031792450.png,0,,215.81856728010482,44.18850436122034,276.11893,https://panoptes-uploads.zooniverse.org/subject_location/1175fb5e-bbc5-4603-9c0c-0f1c18d4a034.png,0.0
69613121991372065.png,0,,238.11136939873637,42.32739900025278,305.01785,https://panoptes-uploads.zooniverse.org/subject_location/d6bcb1ca-5a13-4ddd-a44b-86ad4e7026c7.png,0.0
40159413096446906.png,0,,218.31849712615312,-1.765156191104944,434.31998,https://panoptes-uploads.zooniverse.org/subject_location/d924ac2e-7b3e-4db5-9ea1-5078c6c87914.png,0.0
69590440269074971.png,0,,229.60162202505268,42.188609617704955,249.20932,https://panoptes-uploads.zooniverse.org/subject_location/3c2ec11c-f079-4999-bedc-d831248a9115.png,0.0
41223864906161263.png,0,,217.12711673625316,-0.8980957903533683,174.70767,https://panoptes-uploads.zooniverse.org/subject_location/94548828-0bbc-4d53-afd4-a6186fe22706.png,0.0
41232523560248233.png,0,,220.42973207251524,-1.0112561158078626,196.23001,https://panoptes-uploads.zooniverse.org/subject_location/7f2e5f61-67b3-4d5e-b585-da691a0a0ab4.png,0.0
40168350923390963.png,0,,221.0600227555164,-1.6191646161392081,200.74219,https://panoptes-uploads.zooniverse.org/subject_location/c805a44c-bf01-4721-bab5-634e545af797.png,0.0
69577246129537567.png,0,,223.6391179483433,42.25561167271006,408.86566,https://panoptes-uploads.zooniverse.org/subject_location/f205dece-66e2-444e-bf3e-ed2ff6dc6a18.png,0.0
70404233492459403.png,0,,242.5393282651932,44.43883027160856,212.55981,https://panoptes-uploads.zooniverse.org/subject_location/0670be5e-f0f7-4cbc-95eb-5283a176865e.png,0.0
41232381826335054.png,0,,220.48998811654442,-1.0963791638294176,188.73708,https://panoptes-uploads.zooniverse.org/subject_location/ad7847cf-c21d-4d8a-898d-eeac6204c3b5.png,0.0
70400372316833757.png,0,,239.52823573968226,43.817070028278266,177.85323,https://panoptes-uploads.zooniverse.org/subject_location/ab26457b-7003-4a5b-9d87-44c806fe1d3e.png,0.0
41215077403096577.png,0,,214.191536744154,-0.6175418636193654,165.50705,https://panoptes-uploads.zooniverse.org/subject_location/0334a326-97d2-4ab2-b48a-45916e5a5ed9.png,0.0
69590861175881526.png,0,,228.73522990734216,42.666857869171366,193.30135,https://panoptes-uploads.zooniverse.org/subject_location/a057bb42-10c2-4f78-abd2-df5c8e64c5ba.png,0.0435
69630997645254006.png,0,,245.71249730099657,42.69113441561903,178.05661,https://panoptes-uploads.zooniverse.org/subject_location/f8fa9de0-cadc-4dfa-88bf-19c99bd36c68.png,0.0
70356396146707065.png,0,,219.1623224637176,44.00195043518844,290.21152,https://panoptes-uploads.zooniverse.org/subject_location/ef09f5f9-8b64-4863-a96e-84a86182213e.png,0.0
40128493626877046.png,0,,208.1387244410408,-1.7097033136795108,226.93549,https://panoptes-uploads.zooniverse.org/subject_location/2a8e4c7c-a7f0-4417-b829-5b2e5362e529.png,0.0
69626049842938801.png,0,,244.52803960574357,42.801431210559315,158.5443,https://panoptes-uploads.zooniverse.org/subject_location/08dfd247-1713-424e-84a3-96d2b9d31114.png,0.0
70378236055414286.png,0,,229.65591327894313,43.52875946155315,154.68776,https://panoptes-uploads.zooniverse.org/subject_location/49dda72d-17f1-4e42-961d-630b14550b7a.png,0.0
70387032148438646.png,0,,233.5270216244548,43.562316317777736,225.39664,https://panoptes-uploads.zooniverse.org/subject_location/3ecf16df-fded-49e6-a348-b6dae5cdae0a.png,0.0
69616974577031983.png,0,,241.20284507788023,42.50017113428284,140.844,https://panoptes-uploads.zooniverse.org/subject_location/5bdc2b05-6651-45d2-a6a0-b7c6bbcf8b71.png,0.0
70399835445946264.png,0,,240.6427946002884,44.4510074461768,324.0323,https://panoptes-uploads.zooniverse.org/subject_location/1430c56b-ddb5-4f82-8efa-3004694c3c9d.png,0.0417
40145664906121084.png,0,,214.66194095611564,-1.9841675864980721,399.19965,https://panoptes-uploads.zooniverse.org/subject_location/ccf17e32-5412-43a2-bfe2-8a8fc30527e1.png,0.0
41232265862219744.png,0,,220.77491412284286,-0.132408395579047,170.00803,https://panoptes-uploads.zooniverse.org/subject_location/26202acf-c9d0-4d9e-b667-8ec3c28c8557.png,0.0
41187993339324988.png,0,,206.2223491853841,-0.9169913899493599,214.31137,https://panoptes-uploads.zooniverse.org/subject_location/11ba3877-2be7-4fdd-83c6-0f98dda9358e.png,0.0
70347591463755634.png,0,,214.99300991670333,43.71072603756272,246.97513,https://panoptes-uploads.zooniverse.org/subject_location/ee723d3b-8b64-4141-82e1-ece5dcde0571.png,0.0
70408751798055911.png,0,,244.41658753097624,43.68075307465842,252.4213,https://panoptes-uploads.zooniverse.org/subject_location/03efc834-4754-40b2-a063-88d20b8e0410.png,0.0
41228009549619402.png,0,,219.12792212846742,-0.08692192868704059,223.45532,https://panoptes-uploads.zooniverse.org/subject_location/327ffbbd-4d05-424f-8325-31d8d7bd8dd6.png,0.0
41206264130209801.png,0,,211.37479671290328,-1.2154413643650606,199.67784,https://panoptes-uploads.zooniverse.org/subject_location/274a99de-6548-4714-a427-50c764509b4b.png,0.0
69577529597388273.png,0,,222.99554415838983,42.608843913167455,546.9002,https://panoptes-uploads.zooniverse.org/subject_location/71a43952-4924-4d4f-a9db-8f55952ebdbd.png,0.0385
70413300168396317.png,0,,246.0798563480488,44.223076903891915,152.71288,https://panoptes-uploads.zooniverse.org/subject_location/5196d563-a86b-4241-82fb-77ba150242a8.png,0.0
70409292963936366.png,0,,243.31851170436195,43.297291668634195,214.72813,https://panoptes-uploads.zooniverse.org/subject_location/0c72098c-c0a3-43a5-bbdd-79171a0ff202.png,0.0
70404345161612168.png,0,,242.20823243695895,43.344600759434506,147.38763,https://panoptes-uploads.zooniverse.org/subject_location/57643df4-1204-409d-9b02-d0628a059607.png,0.0
69577937619260142.png,0,,222.19259022726894,42.45587600378445,214.68114,https://panoptes-uploads.zooniverse.org/subject_location/ddb2d1ac-b13a-4548-b650-cd2e807f3748.png,0.0
70347608643604738.png,0,,215.14063204713597,44.47426238586843,244.7668,https://panoptes-uploads.zooniverse.org/subject_location/eda1ba59-56d6-4fe3-ae57-51928d30b80c.png,0.0
41210679356559293.png,0,,212.71682400321507,-0.5877519396155949,150.41922,https://panoptes-uploads.zooniverse.org/subject_location/e830a9cb-368d-4bc0-80c2-6044393cf872.png,0.0
70386478097633722.png,0,,234.74261656007576,43.30207459654865,150.59718,https://panoptes-uploads.zooniverse.org/subject_location/559e5bb0-c7db-43b3-baa8-9c40e76295b3.png,0.0
41206277015108993.png,0,,211.31305040414176,-0.6783976732582053,184.911,https://panoptes-uploads.zooniverse.org/subject_location/e740058a-dfb1-4e84-9fe4-f43bc9df0c64.png,0.0588
40177147016400144.png,0,,223.98538587607032,-1.7336025845111596,678.5631,https://panoptes-uploads.zooniverse.org/subject_location/0dcd17fd-6a95-4d79-af1a-f1a837aa6f41.png,0.037000000000000005
70355687477109412.png,0,,220.46774484509376,43.2229243717169,521.0969,https://panoptes-uploads.zooniverse.org/subject_location/d69431ac-ef90-48b1-9db3-586125f29f9d.png,0.21739999999999998
70369044825399409.png,0,,226.16391247268348,44.21349022353405,269.28387,https://panoptes-uploads.zooniverse.org/subject_location/ba90edbc-d78b-4a19-9b16-4a3a94d2c18d.png,0.0
70347325175779497.png,0,,215.4886261562023,44.008992408017384,210.17633,https://panoptes-uploads.zooniverse.org/subject_location/ec23d704-cea2-469d-97e9-f2f0b91c6124.png,0.0
41223027387557372.png,0,,218.27520051254572,-1.4642268913329108,180.18771,https://panoptes-uploads.zooniverse.org/subject_location/30054a01-3c93-403c-8006-f7a0cedb6418.png,0.0667
69635253957856644.png,0,,247.87974228615047,42.59960962023484,167.08972,https://panoptes-uploads.zooniverse.org/subject_location/311d37e6-573f-4c2f-b618-e77eba7a5718.png,0.0
41201196068794077.png,0,,210.66176377745555,-0.5923760726370437,217.51768,https://panoptes-uploads.zooniverse.org/subject_location/8688f4b0-04bf-4097-8e3c-0118b5bfd190.png,0.0
69634558173150568.png,0,,249.24006930827807,42.2683906967243,205.64717,https://panoptes-uploads.zooniverse.org/subject_location/cca72802-2c81-4546-ac6d-114a1b260754.png,0.10529999999999999
41219050247844648.png,0,,216.23617001736534,-1.095170718008532,158.37086,https://panoptes-uploads.zooniverse.org/subject_location/926bbf99-60de-409f-8af3-c91fd2b36688.png,0.0
40146227546838458.png,0,,213.82591062977366,-1.560298233190446,238.37048,https://panoptes-uploads.zooniverse.org/subject_location/4671f177-710e-40b3-a575-2832aab730d1.png,0.0526
40127948166028608.png,0,,208.8088289342623,-1.5713095605311704,208.88933,https://panoptes-uploads.zooniverse.org/subject_location/f68cc13d-e7be-4f69-9de6-49cc50f336f2.png,0.0
70373992627723315.png,0,,227.36264991875586,44.21680874610088,198.6685,https://panoptes-uploads.zooniverse.org/subject_location/ba970821-e169-4c77-ae92-e717b36b49bd.png,0.08
40163682293930238.png,0,,219.88903757753948,-1.5413623962443674,204.5971,https://panoptes-uploads.zooniverse.org/subject_location/e6ec1fb1-ddeb-40bd-a4bc-ad86e792543b.png,0.0
41232536445154241.png,0,,220.43178939360175,-0.34873950546713206,207.1798,https://panoptes-uploads.zooniverse.org/subject_location/a94dfaf9-60a4-4b29-87d6-6eb425100358.png,0.0588
69569416404159369.png,0,,217.85828705329774,42.32567303200203,254.61433,https://panoptes-uploads.zooniverse.org/subject_location/eb40a135-23a7-49e6-baaf-dc76c2e0a8cb.png,0.047599999999999996
40132479356535063.png,0,,210.2136426106554,-1.617862284496016,272.97668,https://panoptes-uploads.zooniverse.org/subject_location/28602676-a99f-48c8-95b7-1bcd1fd00c66.png,0.0
70417148459121764.png,0,,249.14461404293803,44.342007746094495,236.84467,https://panoptes-uploads.zooniverse.org/subject_location/730850fa-045b-4a9b-9a69-03da7425a971.png,0.0556
41231849250362817.png,0,,221.35746672594465,-0.38477628222199156,230.80234,https://panoptes-uploads.zooniverse.org/subject_location/523ec06a-a16f-4e3f-80ed-8330a288057a.png,0.05
40132479356530802.png,0,,210.1638613580861,-1.6925536926423443,206.94388,https://panoptes-uploads.zooniverse.org/subject_location/5a465360-7deb-476d-bbc4-72c9fef822f0.png,0.36
70391563338935324.png,0,,235.44916040630886,43.34063206184149,135.75015,https://panoptes-uploads.zooniverse.org/subject_location/c40042ab-fe46-4111-bfed-343a0261e8e2.png,0.0
70382913274803387.png,0,,231.06957595344232,43.69335153977007,176.70654,https://panoptes-uploads.zooniverse.org/subject_location/04a0085f-651a-4dce-9a71-52643fd80a64.png,0.0833
69608869973746933.png,0,,235.8966319316438,42.737978601296625,144.08904,https://panoptes-uploads.zooniverse.org/subject_location/af153b5f-18da-4005-bc38-5d9e119c9348.png,0.0
70347058887807624.png,0,,216.12780543615224,44.399914371959355,246.25558,https://panoptes-uploads.zooniverse.org/subject_location/1e7deaeb-439e-491a-aa8c-b28de20857f2.png,0.0
69569016972206097.png,0,,218.41387685085365,42.952674422306174,294.07785,https://panoptes-uploads.zooniverse.org/subject_location/87c9c026-b50d-4257-a162-2b91a62c3515.png,0.0
69621501472567074.png,0,,242.9539850531032,42.26026202280687,304.16824,https://panoptes-uploads.zooniverse.org/subject_location/21e3c6e6-c5bf-44dc-b725-cd875daf96d3.png,0.0
70386911889356165.png,0,,233.9965942768898,44.3095183940152,194.9839,https://panoptes-uploads.zooniverse.org/subject_location/0802aa2f-5089-46dd-8e04-41754ae7ee35.png,0.0
70404620039512266.png,0,,241.67527424841768,43.236089075703426,133.53905,https://panoptes-uploads.zooniverse.org/subject_location/6490095d-f2f6-4920-bf99-0aec1bcc04e3.png,0.0
69573810155702244.png,0,,219.8343956513673,42.249284697828294,385.20856,https://panoptes-uploads.zooniverse.org/subject_location/ac88d37c-d371-47dc-adf0-152498db0381.png,0.0
41205731554264307.png,0,,212.05649184894935,-0.49706796885242027,193.84702,https://panoptes-uploads.zooniverse.org/subject_location/491419fd-c5e7-4ab1-968c-9a71252970e2.png,0.0
70369182264361898.png,0,,225.9343488029364,44.31704000469117,389.90546,https://panoptes-uploads.zooniverse.org/subject_location/cc9b67ab-bd32-4602-9f40-bc8ddabd4237.png,0.0
41228129808689560.png,0,,218.87540077764046,-0.6591013826595298,185.8161,https://panoptes-uploads.zooniverse.org/subject_location/5904ce83-3fa6-47f9-a4af-3f377b801d45.png,0.0
69590590592939517.png,0,,229.3352715655917,42.84653558830172,173.07642,https://panoptes-uploads.zooniverse.org/subject_location/3e9ef735-88b0-4697-88de-594dd559ada6.png,0.0
41200908305990953.png,0,,211.06196682841522,-1.0388527633259261,173.94473,https://panoptes-uploads.zooniverse.org/subject_location/0bb4fc16-942d-4dbe-ab16-31351a97deda.png,0.0
41205327827310888.png,0,,212.50923925451363,-0.15373134832769997,158.97722,https://panoptes-uploads.zooniverse.org/subject_location/a02df35b-0cc9-45d2-a1db-7f039fe6020d.png,0.04
41193220314519986.png,0,,206.71340852505122,-0.7835815548884622,199.4148,https://panoptes-uploads.zooniverse.org/subject_location/07956bc0-3219-4baf-9ee3-a405df8c4574.png,0.0
70417543596093231.png,0,,248.32255229796704,43.598444959194865,160.59735,https://panoptes-uploads.zooniverse.org/subject_location/d3bef932-2f6d-4de6-a132-cb85a34b4b29.png,0.0
69609003117737758.png,0,,235.7400937238146,42.63322761145547,152.47575,https://panoptes-uploads.zooniverse.org/subject_location/3cc2eddc-8afd-45ec-926d-73575b645975.png,0.0
69577817360171708.png,0,,222.6268213702741,43.06418271082082,269.7783,https://panoptes-uploads.zooniverse.org/subject_location/e2016004-66c3-473e-b062-ac305151fbbc.png,0.087
70378394969204962.png,0,,229.36302301727704,44.46590559594145,199.76442,https://panoptes-uploads.zooniverse.org/subject_location/a964fd81-8308-4c6f-be0c-9a524c9ab018.png,0.0
70386362133544115.png,0,,234.9091974478256,44.33520503088848,205.55281,https://panoptes-uploads.zooniverse.org/subject_location/94aa5be7-fd52-41e2-b484-e3b6b9e39657.png,0.07690000000000001
70404083168615620.png,0,,242.84745747723673,43.970709119720944,234.84007,https://panoptes-uploads.zooniverse.org/subject_location/a6c2bc79-d7e0-492e-9d9b-2ca6dfe714c0.png,0.32
69586055107476925.png,0,,227.47047870890813,42.85467587209324,177.7631,https://panoptes-uploads.zooniverse.org/subject_location/f4503715-1aeb-42ae-8a4f-f2af02f89650.png,0.0
69573002701836242.png,0,,221.18840611259887,42.96437545519749,233.37376,https://panoptes-uploads.zooniverse.org/subject_location/632f5b56-79fb-4040-a723-6097bbfcc852.png,0.0
69569150116192035.png,0,,218.156167911753,42.760763686834686,302.27924,https://panoptes-uploads.zooniverse.org/subject_location/88de430b-50f4-4d23-b12f-210ac3304296.png,0.0
70417968797866634.png,0,,247.62122333735272,44.00767687744437,165.92767,https://panoptes-uploads.zooniverse.org/subject_location/0415b22d-dbb8-4c11-85a2-a46d6b241e71.png,0.0
41218766780001583.png,0,,216.58582944797192,-1.4598317430577694,195.51971,https://panoptes-uploads.zooniverse.org/subject_location/99b8417c-7e58-4a81-a8b3-93dd2c7ff6c9.png,0.0
70382655576736030.png,0,,231.52417205962627,44.35112984218151,367.43073,https://panoptes-uploads.zooniverse.org/subject_location/a52a1c81-2feb-4022-a565-7ca97bbde8fe.png,0.0
70413420427504776.png,0,,245.7292557165473,43.478112230991776,184.48419,https://panoptes-uploads.zooniverse.org/subject_location/4d5d880a-98f8-439a-b93b-67f45655e9e0.png,0.0833
70404074578674610.png,0,,242.78075759560548,43.512011971935635,222.72614,https://panoptes-uploads.zooniverse.org/subject_location/a7d4a62e-9d94-491c-b7cd-322073665d11.png,0.0
41228009549621157.png,0,,219.12924742454214,-0.05948122881031577,205.40547,https://panoptes-uploads.zooniverse.org/subject_location/e2502b68-afe6-416a-a231-cde92f1c41b4.png,0.0
40154602733066685.png,0,,217.33122288686408,-1.8893986742020503,233.66693,https://panoptes-uploads.zooniverse.org/subject_location/400506e7-c367-4125-b6a1-620d5b6903c1.png,0.0526
70373580310866308.png,0,,228.0729980836552,44.26668784548471,195.08525,https://panoptes-uploads.zooniverse.org/subject_location/2a1bcfcd-f6eb-4d5f-a140-333dcdd9af92.png,0.0
41210121010831873.png,0,,213.55949498000936,-1.014423453666666,220.45802,https://panoptes-uploads.zooniverse.org/subject_location/5e036c40-9723-4b9d-aa1b-8058d7d139c0.png,0.0
70364496455035195.png,0,,224.522202614504,43.76170789835341,213.16121,https://panoptes-uploads.zooniverse.org/subject_location/6ff25bb5-a5fe-4323-a655-0c1569de8cc3.png,0.0
70417681035066571.png,0,,248.20464977482504,43.550907046367804,169.17789,https://panoptes-uploads.zooniverse.org/subject_location/423f559d-9cde-43cd-b82d-40d73ff0e2c2.png,0.0
70365467117638670.png,0,,222.76674082583628,44.028680576565876,299.2668,https://panoptes-uploads.zooniverse.org/subject_location/0f5ddb53-47cd-4ea4-9148-dc2e417093f2.png,0.0
40133029112338719.png,0,,209.41047506136567,-1.7578317663608116,200.13791,https://panoptes-uploads.zooniverse.org/subject_location/2478962a-603f-4674-8530-4998aa222163.png,0.0526
70417148459114309.png,0,,249.06025389998757,44.224584995069755,201.8664,https://panoptes-uploads.zooniverse.org/subject_location/3560db61-c57c-4251-81d6-c2e3ec73b05f.png,0.0
70347187736831575.png,0,,215.85708354503728,44.13863695390673,284.6019,https://panoptes-uploads.zooniverse.org/subject_location/5aba6a1c-b70a-4df3-8dfd-a23ce23ee31c.png,0.1176
41240782782358172.png,0,,223.98782481231734,-0.36641139237979903,201.25998,https://panoptes-uploads.zooniverse.org/subject_location/bfe32cef-b29b-4c03-8670-08d7acd9493a.png,0.08
41196639108494387.png,0,,209.38760033512384,-1.4681231593587045,263.95123,https://panoptes-uploads.zooniverse.org/subject_location/6b737943-cf2c-4349-b95a-de27eb47b6b0.png,0.0
70351869251177690.png,0,,217.48495167963486,44.37634285980104,381.1606,https://panoptes-uploads.zooniverse.org/subject_location/a77cb8eb-c73f-455b-bc35-8615462f2e32.png,0.0
70365183649797685.png,0,,223.2742029312622,43.71465310761828,381.8773,https://panoptes-uploads.zooniverse.org/subject_location/4d4a69b9-9e13-4bd9-8d00-42d4f73fde46.png,0.0
70395832536437704.png,0,,237.62702463186196,43.780665218068314,162.16644,https://panoptes-uploads.zooniverse.org/subject_location/5ec9c35e-b8b6-4d76-b710-6c6af10842ef.png,0.0
69590586297965345.png,0,,229.33492652341064,42.54678345272046,61.498695,https://panoptes-uploads.zooniverse.org/subject_location/7b15bb3b-4aba-4776-914a-6bafcd506701.png,0.0
41214257064351037.png,0,,215.34503691503787,-0.28779899398356584,226.08035,https://panoptes-uploads.zooniverse.org/subject_location/9b286564-5537-40e3-8cf7-3f230abbab75.png,0.04
40167663728619064.png,0,,222.02728137490405,-1.6910944519341033,202.53122,https://panoptes-uploads.zooniverse.org/subject_location/b5f3eb23-aa3c-4cd7-9c02-6887db32c127.png,0.04
70360661049238069.png,0,,221.3170023711364,44.31938160608574,315.7624,https://panoptes-uploads.zooniverse.org/subject_location/9d05228f-5371-4277-b256-7ea6d113dd4d.png,0.0417
41218771074967296.png,0,,216.60695308470167,-1.3174622845515715,223.3549,https://panoptes-uploads.zooniverse.org/subject_location/13cf2bcf-4f71-41e7-83c0-92a74dd61592.png,0.0357
41223731762170195.png,0,,217.34117492848256,-0.7953476050762673,158.25658,https://panoptes-uploads.zooniverse.org/subject_location/6545108e-11d0-4804-8551-b58840884507.png,0.0
41209979276915295.png,0,,213.70233698647274,-1.1276822603932648,160.60219,https://panoptes-uploads.zooniverse.org/subject_location/f2557290-01dd-4aca-9572-882d64526503.png,0.0
69599794707855133.png,0,,232.43921179128665,42.65754414349963,174.43921,https://panoptes-uploads.zooniverse.org/subject_location/9aa63a4d-4626-48a6-b0c6-083839c43d23.png,0.0
69616837138060419.png,0,,241.31252986717834,42.568915135505456,149.9651,https://panoptes-uploads.zooniverse.org/subject_location/52d4c4bd-ef72-42a3-bb9e-df4897e2f58f.png,0.0
70408489805046770.png,0,,244.73747730018428,44.194823990207716,568.12854,https://panoptes-uploads.zooniverse.org/subject_location/b0538fb2-b78c-41dd-9d50-3ad30100c804.png,0.0
41231990984282356.png,0,,221.03932259865348,-0.21347297042722713,166.14418,https://panoptes-uploads.zooniverse.org/subject_location/aab04cb6-aad4-45c7-ac58-ead0dbeae1d7.png,0.0
70404091758518197.png,0,,242.69889615159582,44.2779866451044,286.747,https://panoptes-uploads.zooniverse.org/subject_location/bf704d4f-80a6-4517-9417-836371d373b4.png,0.0
70422358254448093.png,0,,249.58719361815264,43.69137066245544,234.03912,https://panoptes-uploads.zooniverse.org/subject_location/719cfb73-eaeb-4dd5-a31c-3074c9385d82.png,0.0
70347174851926594.png,0,,215.84691819167654,43.51315505876011,301.0888,https://panoptes-uploads.zooniverse.org/subject_location/2154f179-a57f-47e2-94c0-d3b15f22b9d5.png,0.0
70347600053693292.png,0,,214.99305223033343,44.081403681535505,252.88794,https://panoptes-uploads.zooniverse.org/subject_location/7ac8fd53-0b6d-4bdb-a8f2-ede13c893f7a.png,0.0
41187860195333329.png,0,,206.4970748477791,-0.8352396110666438,225.36191,https://panoptes-uploads.zooniverse.org/subject_location/ce17ea68-b532-48aa-b769-df4541de6dfb.png,0.0
69560212289247720.png,0,,214.49337322604055,42.54284818191309,216.26393,https://panoptes-uploads.zooniverse.org/subject_location/c2628581-7d95-40b9-ae97-7eec92dcb828.png,0.0
70387032148410757.png,0,,233.55104481633046,43.42030039331885,125.97596,https://panoptes-uploads.zooniverse.org/subject_location/d77464cf-758b-4fe7-9f04-3e50b168980b.png,0.0
70404345161605666.png,0,,242.35932554182975,43.256848622529006,215.31668,https://panoptes-uploads.zooniverse.org/subject_location/cb2f589a-8a2a-4e3d-8992-74fead3b92f4.png,0.0
41241173624379330.png,0,,223.43272853038513,-1.3460572485072784,167.96715,https://panoptes-uploads.zooniverse.org/subject_location/d492f094-d13e-4aa5-9757-d3fce04b2668.png,0.0
70373421397069512.png,0,,228.20587326782967,43.23177598166031,226.77037,https://panoptes-uploads.zooniverse.org/subject_location/e19d90a7-7cd9-4981-8a61-e3cc8ba093e0.png,0.0
69591127463849469.png,0,,228.19899174590248,42.25419259254714,229.64241,https://panoptes-uploads.zooniverse.org/subject_location/49c4bfc5-2471-433e-8b07-87ba7adecd55.png,0.0
69560487167153998.png,0,,213.9250064026856,42.53591493249072,203.61147,https://panoptes-uploads.zooniverse.org/subject_location/ee7a2cd7-1e7f-4513-bf7d-d3e8bfbc46b4.png,0.0
41218779664900691.png,0,,216.68310166982025,-0.9659538254259027,216.28757,https://panoptes-uploads.zooniverse.org/subject_location/218e6836-0db5-4eb7-a72f-0d465d53a81f.png,0.0
70386641306410197.png,0,,234.3541642800999,44.38847666044551,395.18573,https://panoptes-uploads.zooniverse.org/subject_location/cab04c31-8129-4331-b46c-9844a6002ee0.png,0.0
69600211319678227.png,0,,231.7309414238686,42.738652281338695,171.09225,https://panoptes-uploads.zooniverse.org/subject_location/58e3bdab-7e6c-4ac7-8d70-e292a8edb02c.png,0.0
70400088849016338.png,0,,239.93729967845672,43.46197675033595,208.20624,https://panoptes-uploads.zooniverse.org/subject_location/afb832e2-f864-4a52-83d2-a8c6cf4270a8.png,0.0
70356112678866544.png,0,,219.72934524588644,43.61813611039718,397.29486,https://panoptes-uploads.zooniverse.org/subject_location/9a704e7e-6adb-43df-abea-93d0fce91d34.png,0.0
69582052197929808.png,0,,224.76265424663129,42.084981901900115,282.786,https://panoptes-uploads.zooniverse.org/subject_location/e232ac05-c262-4493-917d-28d71ccbd799.png,0.0
70418247970742930.png,0,,247.14202007563102,44.23992247830229,208.71022,https://panoptes-uploads.zooniverse.org/subject_location/3ebbe00c-3f72-4ee9-b269-95f88b300186.png,0.0556
70387457350195950.png,0,,232.97797955980127,44.017827736374755,197.18253,https://panoptes-uploads.zooniverse.org/subject_location/8d3485b0-568e-4ed2-a64e-f2b841c78bc7.png,0.047599999999999996
70356254412786857.png,0,,219.33096951196,43.80321867302751,263.83963,https://panoptes-uploads.zooniverse.org/subject_location/3a8b1838-6379-4458-a88b-4ef73095c6b8.png,0.0
70387178177322457.png,0,,233.43698989099454,43.8326273129767,179.1749,https://panoptes-uploads.zooniverse.org/subject_location/a0d48cd1-d2e0-40ff-aee7-d8a3344a8d15.png,0.0
69555135637882432.png,0,,213.71160243012577,42.891963207516135,242.07112,https://panoptes-uploads.zooniverse.org/subject_location/01b2316a-a37f-4ae7-9d82-e5a3b869f3c0.png,0.0
69603655883445502.png,0,,235.56955731001028,43.0666838346382,200.43675,https://panoptes-uploads.zooniverse.org/subject_location/b3c34d84-4b9a-42eb-b0d8-9a5e8451c11c.png,0.0
70364646778868053.png,0,,224.1333221570793,44.30740766358879,221.30824,https://panoptes-uploads.zooniverse.org/subject_location/a36eaee7-c2ee-4157-a32b-ef4716ff7e27.png,0.0
40172061775128235.png,0,,223.59690548084896,-1.6093700117238463,199.525,https://panoptes-uploads.zooniverse.org/subject_location/970904a9-9dbb-4a7c-86e2-755499d30225.png,0.0
69599661563860733.png,0,,232.66130971006584,42.745903669416975,213.57355,https://panoptes-uploads.zooniverse.org/subject_location/f2e3dada-6753-46d0-a604-a816b9133864.png,0.0
41192271126747152.png,0,,207.89280217326763,-0.27536326978089665,255.39459,https://panoptes-uploads.zooniverse.org/subject_location/aabb14a0-1bb9-43ea-90c8-304073c459b7.png,0.0
40168350923390250.png,0,,221.132212874425,-1.6318172771192423,190.64325,https://panoptes-uploads.zooniverse.org/subject_location/ef909873-f95a-46cf-bb5b-0f55c34eaa12.png,0.0
70373996922685767.png,0,,227.19970436601633,44.39006189222193,237.99753,https://panoptes-uploads.zooniverse.org/subject_location/1aad26ee-cb00-4bab-a0f0-4b8fd7ee3f0d.png,0.0625
70413691010445865.png,0,,245.26991789761297,43.32677647785281,191.70184,https://panoptes-uploads.zooniverse.org/subject_location/febb943f-ab1f-4e6b-a5f3-aa12cf81c3e8.png,0.0
69625903814024572.png,0,,244.78602939964838,42.425387247100694,240.8333,https://panoptes-uploads.zooniverse.org/subject_location/70655d44-6902-4087-892f-36b76fd19e01.png,0.0
41223164826514940.png,0,,218.1484321891358,-1.4141041994509354,188.02267,https://panoptes-uploads.zooniverse.org/subject_location/1db0d812-34c7-466e-8d2d-bb93c70537ed.png,0.0435
69590311420060891.png,0,,229.66644333926948,42.617472079039956,181.0415,https://panoptes-uploads.zooniverse.org/subject_location/8174db56-ae19-42b0-b2f6-b3120ffebbe1.png,0.04
69559946001252612.png,0,,214.93463343360608,42.86557073085905,210.76425,https://panoptes-uploads.zooniverse.org/subject_location/52934b16-68b5-4e22-af5e-e74edd911a8e.png,0.0
70408897826946521.png,0,,244.0980498909766,44.097235818961124,172.15715,https://panoptes-uploads.zooniverse.org/subject_location/7ee5b615-9e5e-4a11-be36-c9cb6bff8a9d.png,0.0
69564885213665618.png,0,,215.9331216747513,42.555697640718165,238.89987,https://panoptes-uploads.zooniverse.org/subject_location/dc0503c9-4a06-4605-88db-5d51c2049273.png,0.0
70342390258349183.png,0,,214.54960144665188,44.53415733663625,452.3061,https://panoptes-uploads.zooniverse.org/subject_location/0d154c28-4421-4c9b-a219-e0ab4f8064d9.png,0.0909
69577525302422539.png,0,,223.1172305063244,42.45587012103452,227.85086,https://panoptes-uploads.zooniverse.org/subject_location/5d9e06e5-4d24-4db3-87ca-1ea52ed9564c.png,0.0571
70369435667428925.png,0,,225.46068220961314,43.31980811084449,173.3233,https://panoptes-uploads.zooniverse.org/subject_location/32fcf63a-df91-4763-b068-5dfcbc3d569b.png,0.0
41201062924805303.png,0,,210.89713340903157,-0.4196795883072869,410.01868,https://panoptes-uploads.zooniverse.org/subject_location/fbfae47d-b803-43b2-98b0-3c1837b98939.png,0.35479999999999995
70373567425969320.png,0,,228.1152632180896,43.74766508330465,172.38618,https://panoptes-uploads.zooniverse.org/subject_location/a8ca5f3c-597e-4fb5-9d7a-f2fafc6d6fc9.png,0.0
41205306352492354.png,0,,212.54501322175025,-1.2057089674834387,152.12044,https://panoptes-uploads.zooniverse.org/subject_location/7cb08c83-57bc-49f8-837d-4cee32ade958.png,0.0
40176734699541971.png,0,,224.59467503298927,-1.7109318883511737,211.98024,https://panoptes-uploads.zooniverse.org/subject_location/1e624e6d-0ece-4197-bdb4-387995198abf.png,0.125
69626054137902169.png,0,,244.5443078471979,42.95912068671239,210.35553,https://panoptes-uploads.zooniverse.org/subject_location/e23886bf-a57f-4915-a3e0-927418a89d18.png,0.0
69626187281883140.png,0,,244.39667199452174,42.67751901701985,176.72963,https://panoptes-uploads.zooniverse.org/subject_location/167e9176-bb8b-48fb-a0db-340f6c8b9f5f.png,0.0
40150350715444520.png,0,,215.71452339178052,-1.5370855437832684,191.78394,https://panoptes-uploads.zooniverse.org/subject_location/92253e24-04a0-4fb1-a93c-1f03eda58588.png,0.0
41231707516464677.png,0,,221.47349612402186,-0.615870352949111,198.09514,https://panoptes-uploads.zooniverse.org/subject_location/fe5a8a7c-8f2f-46fe-a5c4-6b21d8dbceb5.png,0.0
41227567167991057.png,0,,219.5649383882835,-1.2906187163394558,201.02493,https://panoptes-uploads.zooniverse.org/subject_location/579c51c9-52d3-4652-8341-31970c7ec2a2.png,0.0
41236938786614406.png,0,,221.83756670443728,-0.10367912016694288,164.7331,https://panoptes-uploads.zooniverse.org/subject_location/09bd65bc-6a11-4002-8c66-2c858d66f89e.png,0.0
41187855900373083.png,0,,206.43920030667866,-0.903787683256777,396.09747,https://panoptes-uploads.zooniverse.org/subject_location/7729cd29-eea9-4323-ae45-2d6b68d96e47.png,0.0
70404345161608412.png,0,,242.33236801496776,43.29640907467723,182.34894,https://panoptes-uploads.zooniverse.org/subject_location/8e3e454c-c4c4-4f39-92f1-b4947584e359.png,0.0
41192820882568385.png,0,,207.238619334841,-0.17531680867544888,147.06284,https://panoptes-uploads.zooniverse.org/subject_location/c47e937c-1a37-4966-b2b6-9a1b076c64eb.png,0.0
70351864956198240.png,0,,217.46740932606792,44.264984727704615,293.47147,https://panoptes-uploads.zooniverse.org/subject_location/4891b961-1b97-44aa-9872-1c11375e5737.png,0.0
41231836365484447.png,0,,221.2484796594803,-0.9825423238065547,192.80511,https://panoptes-uploads.zooniverse.org/subject_location/d7e7c161-10d6-4990-8eb7-944938b63239.png,0.0526
69586179661520524.png,0,,227.13161868136785,42.246440990916994,222.75403,https://panoptes-uploads.zooniverse.org/subject_location/a9359902-bf2d-40b8-96a4-ade4610afeef.png,0.0
70378090026529537.png,0,,229.89195658091143,43.21260308763893,214.60773,https://panoptes-uploads.zooniverse.org/subject_location/17ea58dd-d804-4913-ad32-343cca28c24f.png,0.0
70408743208118805.png,0,,244.3175648112953,43.281824275266814,156.38809,https://panoptes-uploads.zooniverse.org/subject_location/4c878f59-53d2-467a-bfd3-f94c15399cb9.png,0.0
69573543867731281.png,0,,220.37341473691325,42.533806246340156,243.92365,https://panoptes-uploads.zooniverse.org/subject_location/efd08242-db02-4b8b-ad04-b74f047b5d26.png,0.0588
69564606040770916.png,0,,216.44843562294417,42.367391324796834,234.32741,https://panoptes-uploads.zooniverse.org/subject_location/34778ce5-cf9f-47ea-87bb-eb6ceed05a47.png,0.0556
41228125513741922.png,0,,218.9776546088329,-0.9044280895908654,241.992,https://panoptes-uploads.zooniverse.org/subject_location/7a47b83c-54dc-4acc-8efa-e095c48a0e46.png,0.0
70408760387986406.png,0,,244.31574924124786,43.988526538500075,179.4643,https://panoptes-uploads.zooniverse.org/subject_location/2189647e-8088-4f14-8fa0-8e8eff9ec741.png,0.0
41231844955416455.png,0,,221.34344993347176,-0.6241154645771322,190.04568,https://panoptes-uploads.zooniverse.org/subject_location/e834a061-52ad-48cd-9e44-33ab6ddfc456.png,0.0
70391421605019084.png,0,,235.56532140157879,43.208660853914246,130.30072,https://panoptes-uploads.zooniverse.org/subject_location/d5a31e30-4bc4-46d0-a314-216f84169bed.png,0.0526
40132483651495817.png,0,,210.06672522684764,-1.5193504215175566,199.57974,https://panoptes-uploads.zooniverse.org/subject_location/4900918e-0255-428e-bf6d-978234beefc6.png,0.0
70346895679054622.png,0,,216.46241491663463,43.362925781023954,415.40387,https://panoptes-uploads.zooniverse.org/subject_location/012e4eee-51c4-47c8-a427-0e89933bd5b1.png,0.0526
70391705072857673.png,0,,235.1057393449254,43.528867215995305,142.46317,https://panoptes-uploads.zooniverse.org/subject_location/3cb71c6a-13fa-40e7-b13e-a181f56392bb.png,0.0
41205873288177082.png,0,,211.82915185697115,-0.43375397362681284,171.19438,https://panoptes-uploads.zooniverse.org/subject_location/8633c3b0-29af-4849-917c-1d4ea9ed452f.png,0.0
41240632458506298.png,0,,224.34373070541736,-0.8708219649596656,159.52492,https://panoptes-uploads.zooniverse.org/subject_location/1c192179-202d-45d7-b827-6edc4f1caf19.png,0.0
41227429729031419.png,0,,219.8415765500133,-1.3931922982587426,187.40222,https://panoptes-uploads.zooniverse.org/subject_location/9993582a-9958-453c-a1a4-e14bff15bb83.png,0.0
40137431453795551.png,0,,210.7890510020652,-1.5602180439544175,194.38496,https://panoptes-uploads.zooniverse.org/subject_location/6540372d-d463-4e40-8d52-845fdcf2616f.png,0.0
70413429017443216.png,0,,245.7750451072489,43.92881039314263,216.60979,https://panoptes-uploads.zooniverse.org/subject_location/844d308e-0529-4da4-a2d0-dd7b1c01a991.png,0.0
41193100055436857.png,0,,206.83956842379095,-0.026656819351567888,212.81361,https://panoptes-uploads.zooniverse.org/subject_location/581eff25-48e3-4ff1-a1f6-3ba2f7dcce81.png,0.0
41201754414542829.png,0,,210.00371716097254,-0.1392769807651964,281.4138,https://panoptes-uploads.zooniverse.org/subject_location/237cc8d0-98fd-4702-b4d3-a920cc64dfd8.png,0.0
41227429729040273.png,0,,219.87955991984958,-1.2658709398645431,406.48132,https://panoptes-uploads.zooniverse.org/subject_location/061b28f6-7cd3-4e98-bf83-5a8b9e6fb12f.png,0.23809999999999998
70422349664514090.png,0,,249.73950823083936,43.35487880346602,243.2385,https://panoptes-uploads.zooniverse.org/subject_location/bda4d484-12a2-4629-bd66-032990909ab6.png,0.0
69607907901075087.png,0,,237.666766705807,42.70446929885059,177.00436,https://panoptes-uploads.zooniverse.org/subject_location/aa38a8e5-f5cc-42a1-a0e9-7a2edb3845a3.png,0.23809999999999998
70399942820132539.png,0,,240.2847676599551,43.15423404058605,154.29843,https://panoptes-uploads.zooniverse.org/subject_location/c85ef1e5-58f1-4f20-a547-67e5b34ec869.png,0.0
41214531942254394.png,0,,215.04167582673466,-0.3754368839839188,384.24014,https://panoptes-uploads.zooniverse.org/subject_location/55a3f860-67aa-4aea-880c-ebc18799cb83.png,0.0556
41196523144370712.png,0,,209.5837411738522,-0.6454880329680033,192.96725,https://panoptes-uploads.zooniverse.org/subject_location/714fa28f-d353-4633-8b18-4895f1151c57.png,0.0
41223323740309318.png,0,,218.00490268967565,-0.49757881844570334,192.92365,https://panoptes-uploads.zooniverse.org/subject_location/5e0432de-2e3a-4f43-bd55-f51c3e4efb8c.png,0.0
70391318525792357.png,0,,235.80922444784693,44.56179476479133,227.54135,https://panoptes-uploads.zooniverse.org/subject_location/808ad2ed-1251-48bd-a88c-3755b3be542a.png,0.0
41241169329414003.png,0,,223.46788026495358,-1.479579857612766,189.36186,https://panoptes-uploads.zooniverse.org/subject_location/60b0ba7f-5f57-4f0c-99e3-ba1a10451692.png,0.0
41214093855585065.png,0,,215.4694986012167,-1.4109489437699567,258.14093,https://panoptes-uploads.zooniverse.org/subject_location/6ee6b31e-2457-410a-83a4-4798e180daee.png,0.0
41232798438165535.png,0,,220.07218902622643,-0.8379093021026629,157.58849,https://panoptes-uploads.zooniverse.org/subject_location/77c53666-77d7-4ab3-89ef-277484938ab3.png,0.0526
69555401925854782.png,0,,213.34345950747166,42.531161654015136,286.6654,https://panoptes-uploads.zooniverse.org/subject_location/5ba8a1b5-bda4-482f-8b82-a6608bee011a.png,0.0
41236380440859748.png,0,,222.58479652100073,-0.5727146830403331,175.16202,https://panoptes-uploads.zooniverse.org/subject_location/2a7b3b3b-fc68-44bb-a0f5-288f107fce2e.png,0.0
41201312032912336.png,0,,210.64276735344268,-1.4604003684429647,381.63614,https://panoptes-uploads.zooniverse.org/subject_location/ce5c566a-852f-427f-b23b-ba4f32cdf5db.png,0.0
40163265682115271.png,0,,220.58546555948567,-1.5855429344036043,198.78961,https://panoptes-uploads.zooniverse.org/subject_location/8ba64f57-1e23-48df-befa-83e21f4a7e04.png,0.0
40123958141408809.png,0,,206.80747769283434,-1.7213468517360015,195.94243,https://panoptes-uploads.zooniverse.org/subject_location/36ec5469-3e58-464f-bb4d-c9245728597b.png,0.0
41210249859858928.png,0,,213.31321624688707,-1.2140147199664197,214.20499,https://panoptes-uploads.zooniverse.org/subject_location/ab5246ca-17b3-493c-ae36-a7d45e5ded7b.png,0.0
69595400956311232.png,0,,230.43979964858164,42.81053583324116,168.84512,https://panoptes-uploads.zooniverse.org/subject_location/cabff5ab-8028-4dbf-8783-2b08c4ae0030.png,0.0
70391168201948332.png,0,,236.06867461963913,44.11094431437129,234.5032,https://panoptes-uploads.zooniverse.org/subject_location/f4943b42-2258-4b74-8281-ddec0a7dd845.png,0.21739999999999998
70391022173060052.png,0,,236.50972710848924,43.72444187951593,201.96269,https://panoptes-uploads.zooniverse.org/subject_location/6b28c8c6-2f2a-428b-bcff-c9782cefe3ab.png,0.0
69608324512911849.png,0,,236.90557511620915,43.00048299166428,186.60648,https://panoptes-uploads.zooniverse.org/subject_location/35181534-cb43-4f8a-94dd-616832a3b41d.png,0.0
69559666828406688.png,0,,215.54489280461036,42.843161385162595,253.92337,https://panoptes-uploads.zooniverse.org/subject_location/56fa70d5-43e0-4d11-9e71-2ed2bf33516c.png,0.0
70356125563775844.png,0,,219.59612007667513,44.3237860111288,319.20972,https://panoptes-uploads.zooniverse.org/subject_location/d1fb1fe2-262f-439a-91ae-df381f9eef8f.png,0.0
69595400956303833.png,0,,230.406758096622,42.726491710024774,249.63951,https://panoptes-uploads.zooniverse.org/subject_location/ff9e7bd3-d7ae-4c7f-bb21-03d6013bad06.png,0.1481
70413278693587794.png,0,,246.1004820071883,43.346080881500995,199.20195,https://panoptes-uploads.zooniverse.org/subject_location/d72b3856-890d-4289-a1ee-cdd9310b7814.png,0.10529999999999999
69590861175876305.png,0,,228.6604009152019,42.592440129688164,240.23853,https://panoptes-uploads.zooniverse.org/subject_location/92b9842e-ae24-4f66-b0b3-90aa86686ccc.png,0.0
69569008382267686.png,0,,218.5961562537852,42.512782179943315,226.89789,https://panoptes-uploads.zooniverse.org/subject_location/758463bb-aba0-4e02-a4d7-99ebe61f5552.png,0.0
40168076045475475.png,0,,221.45582184068877,-1.7565752075738996,258.65155,https://panoptes-uploads.zooniverse.org/subject_location/9f513b3b-25fd-45ec-8070-91b979a30840.png,0.0
40132475061565720.png,0,,210.06661530537963,-1.7834779640238123,204.09291,https://panoptes-uploads.zooniverse.org/subject_location/f4981c35-5d66-49ed-9a78-0c5c3eece8cb.png,0.0
70413029585477914.png,0,,246.72549239407067,44.40381451707541,253.3299,https://panoptes-uploads.zooniverse.org/subject_location/b45cec94-5977-4776-90ea-3f29bce79c8a.png,0.0667
41223048862396604.png,0,,218.42657540794184,-0.5903531919958046,176.3606,https://panoptes-uploads.zooniverse.org/subject_location/75feba81-8294-4da7-8bf2-eb655e306606.png,0.04
40133024817375697.png,0,,209.3000187522503,-1.8258083950678792,383.53275,https://panoptes-uploads.zooniverse.org/subject_location/fb16f4d0-1872-42ce-8a49-346efd1e505d.png,0.10710000000000001
70360502135425963.png,0,,221.6133651843177,43.30379821267495,213.77158,https://panoptes-uploads.zooniverse.org/subject_location/ac5b2bf2-3001-41ae-b1ee-7b670bf2ddf4.png,0.0
41218792549816138.png,0,,216.71732602974498,-0.29306612437123547,238.85333,https://panoptes-uploads.zooniverse.org/subject_location/a77454a4-8fd9-455a-a748-419d9c9b41dd.png,0.1
69555406220840729.png,0,,213.42277884343596,42.683127774705824,465.93353,https://panoptes-uploads.zooniverse.org/subject_location/b4ed7811-b7ce-40e1-b4ef-c7befcf507b7.png,0.0
70404615744556479.png,0,,241.84603613279805,43.228666454047364,153.64932,https://panoptes-uploads.zooniverse.org/subject_location/4a510850-4d1d-4318-a72b-79cff58acd9a.png,0.0
69635258252826352.png,0,,247.84760616511647,42.81528094365364,237.55078,https://panoptes-uploads.zooniverse.org/subject_location/0ebeef42-809d-429f-96d7-2ddccd48490f.png,0.0
41192954026557253.png,0,,207.0300091820521,-0.2920889048704083,193.60086,https://panoptes-uploads.zooniverse.org/subject_location/b4569ebd-9606-48bc-b419-978be4dc7456.png,0.0
41205465266285078.png,0,,212.47275120060823,-0.23778810733465108,151.04376,https://panoptes-uploads.zooniverse.org/subject_location/1b8a65d0-aac9-47c4-8678-68841f23c393.png,0.0
41192657673806521.png,0,,207.44054790205837,-1.3363425373279516,218.4632,https://panoptes-uploads.zooniverse.org/subject_location/4fc8ca5e-9b49-4fe7-94ee-278a12725ab9.png,0.0
41201878968592839.png,0,,209.72523720095185,-0.7678281579859705,146.66716,https://panoptes-uploads.zooniverse.org/subject_location/1a199a4a-66e2-4565-b924-9ccddfa7713c.png,0.0
70400372316863878.png,0,,239.48773740332808,43.908926365822076,151.38594,https://panoptes-uploads.zooniverse.org/subject_location/17ebf645-012d-42e8-944f-05cfceb18538.png,0.07690000000000001
70369044825399532.png,0,,226.40796036761586,44.2162273855706,193.2024,https://panoptes-uploads.zooniverse.org/subject_location/d0542489-cb61-42ca-830e-24b7f53d0065.png,0.0
69569296145076630.png,0,,218.04544148399748,43.107660956010264,446.53503,https://panoptes-uploads.zooniverse.org/subject_location/e55f0004-a73d-418a-9f66-60f98b949a23.png,0.0625
40146223251871022.png,0,,213.75605299961194,-1.7605663451673126,263.29926,https://panoptes-uploads.zooniverse.org/subject_location/c2a1aac0-0f17-47ef-8cd1-e16d09ccd300.png,0.0
41223877791091424.png,0,,217.23465726177315,-0.28605075564537147,419.0924,https://panoptes-uploads.zooniverse.org/subject_location/fc01b982-55f6-4e82-84fe-ad34302f3edc.png,0.0556
41187727051353494.png,0,,206.64493777357416,-0.5310338071319315,217.8789,https://panoptes-uploads.zooniverse.org/subject_location/bfd3a580-6aaf-4d91-b7e7-d23862e1ffe1.png,0.0
69590307125087029.png,0,,229.6493400638779,42.34146094849303,220.42357,https://panoptes-uploads.zooniverse.org/subject_location/9c030e49-0830-4c77-8deb-66a85f527c8d.png,0.0
70347591463753686.png,0,,214.97236207028166,43.67254358835299,260.85245,https://panoptes-uploads.zooniverse.org/subject_location/9be83aae-6474-4f99-94be-22ca0125f42b.png,0.0
70390889029067275.png,0,,236.72658884226337,43.83122542698465,151.85976,https://panoptes-uploads.zooniverse.org/subject_location/d3e18292-9d4f-43f1-89a7-df38bdb92036.png,0.0
70413832744360392.png,0,,245.19561423540708,43.41849578354363,204.36717,https://panoptes-uploads.zooniverse.org/subject_location/35e7a228-082e-43fc-8ac4-7f272cd88b42.png,0.0
41192133687800212.png,0,,208.13524464756512,-0.15066779653005927,193.84715,https://panoptes-uploads.zooniverse.org/subject_location/1bebf305-4aed-4332-924f-525092108693.png,0.0667
69594992934410955.png,0,,231.3028589996329,42.93546199415214,158.36557,https://panoptes-uploads.zooniverse.org/subject_location/8be33acf-0807-4a15-9c3c-c004368af376.png,0.047599999999999996
70355966649986452.png,0,,219.82844450019837,43.38381231029841,283.5205,https://panoptes-uploads.zooniverse.org/subject_location/172b152b-2d51-45b2-a298-afcc6d7cf8c1.png,0.0
41196656288362860.png,0,,209.46860336434568,-0.7584419494469989,204.22192,https://panoptes-uploads.zooniverse.org/subject_location/ee23225a-b761-4878-aeb0-716095b63b8a.png,0.0
70347046002905809.png,0,,216.0955464936645,43.83482948364741,295.46945,https://panoptes-uploads.zooniverse.org/subject_location/7fbbfc29-3d65-473a-9edd-48912d8304c8.png,0.0667
70391859691660931.png,0,,234.91734270791144,44.32748693769013,139.04205,https://panoptes-uploads.zooniverse.org/subject_location/8d803feb-32e7-44ef-8031-02f02c7b15d4.png,0.0
69555397630912595.png,0,,213.21532525719618,42.478858243760214,299.2354,https://panoptes-uploads.zooniverse.org/subject_location/1f76ad03-ee56-44a2-b642-8015a52d0d47.png,0.047599999999999996
69568450036522235.png,0,,219.6373104481689,42.25164771057753,258.9271,https://panoptes-uploads.zooniverse.org/subject_location/505e9c70-9f9b-4ecc-96e6-6e4127676557.png,0.0
70418110531790590.png,0,,247.36971902241604,44.24539938877463,329.84973,https://panoptes-uploads.zooniverse.org/subject_location/f0474004-c52f-4bca-9f84-c03e15aa1b20.png,0.08
41219458269732163.png,0,,215.81686901666708,-1.3520564971148787,243.19807,https://panoptes-uploads.zooniverse.org/subject_location/2dfccd0c-f71e-4c8e-80f4-e5015eee006a.png,0.0
70342381668423681.png,0,,214.5037855942748,44.24454510258257,274.1084,https://panoptes-uploads.zooniverse.org/subject_location/03e0febb-73f8-4c43-a85b-9f9f5fdfa6c8.png,0.0
69599670153794556.png,0,,232.65123128214327,43.097151083162984,157.47731,https://panoptes-uploads.zooniverse.org/subject_location/c57494bf-2406-4ddb-8c7c-bf75d18aca4f.png,0.0
70364767037975108.png,0,,224.11475088245675,43.59003697309295,210.45047,https://panoptes-uploads.zooniverse.org/subject_location/37fc7d40-9b6b-4e76-8f93-18471dd40519.png,0.0
41205589820316238.png,0,,212.17298380720567,-0.7147440149529126,148.16202,https://panoptes-uploads.zooniverse.org/subject_location/3c84ff37-3f2a-4c9a-a01d-7509d7c0ae9d.png,0.0
70391434489921588.png,0,,235.65966085940045,43.76389543707445,128.62393,https://panoptes-uploads.zooniverse.org/subject_location/6f80645e-8eae-4de6-9d29-37437a97eb8f.png,0.0
70413149844563438.png,0,,246.4771157589959,43.68132922113961,212.66049,https://panoptes-uploads.zooniverse.org/subject_location/1a8e5ace-9ba5-4092-9506-db689961c453.png,0.0
70351568603475177.png,0,,217.86631544109784,43.388602059764864,550.592,https://panoptes-uploads.zooniverse.org/subject_location/f3cf16d0-304d-4132-adec-951a2ce9f5e6.png,0.0
70347716017808972.png,0,,214.85602495319748,43.19203719623778,220.01271,https://panoptes-uploads.zooniverse.org/subject_location/472bb692-3c23-4aae-ac0e-6ad53cf850db.png,0.0588
41197343483130016.png,0,,208.58181017466956,-0.7357608490525092,1102.5035,https://panoptes-uploads.zooniverse.org/subject_location/3dea7965-6e0e-4e2d-924f-655f0e9b98d4.png,0.125
40155152488887129.png,0,,216.68552973241424,-1.779822768167901,194.29916,https://panoptes-uploads.zooniverse.org/subject_location/71f113c5-ce84-4f9c-b8cc-36a5db1cc28c.png,0.0
41192537414704152.png,0,,207.56223075602043,-0.5190169044820957,184.9415,https://panoptes-uploads.zooniverse.org/subject_location/47f38641-d6bc-4051-8a13-52f37ed679f0.png,0.0
69568591770439463.png,0,,219.38085381480786,42.34802622487151,249.72446,https://panoptes-uploads.zooniverse.org/subject_location/877e0c49-e96d-4d88-a485-581b10c255b6.png,0.0
69634974784976688.png,0,,248.24759692626782,42.3671680958313,222.78616,https://panoptes-uploads.zooniverse.org/subject_location/3bd5988d-b647-40f6-bb1e-abcba259778d.png,0.0
69612993142328571.png,0,,238.32919488587368,42.723732573072496,156.71736,https://panoptes-uploads.zooniverse.org/subject_location/0909d75d-f4fa-421b-a987-0abe4e9d6b3c.png,0.0
69600060995820765.png,0,,232.00670567804067,42.19021467915093,576.4236,https://panoptes-uploads.zooniverse.org/subject_location/ecc20aa2-ad9a-4b0f-95ca-593dc11b3836.png,0.0
69564618925693873.png,0,,216.47890374726558,42.95622660407502,269.6011,https://panoptes-uploads.zooniverse.org/subject_location/d3c630ef-e023-4ca8-a322-961afce6cf73.png,0.0
41236101268004788.png,0,,222.92653302628602,-0.8203528034240314,143.5637,https://panoptes-uploads.zooniverse.org/subject_location/7e3eb660-d2cf-4d69-acb3-f46ff2817418.png,0.0
41223856316249773.png,0,,217.2262407602826,-1.256010424892281,217.5822,https://panoptes-uploads.zooniverse.org/subject_location/2d6c0ff6-e0aa-48f3-9aab-e8f30df40aa6.png,0.0
69586733712280039.png,0,,226.16048786334096,42.34335177175409,216.26749,https://panoptes-uploads.zooniverse.org/subject_location/e8add85a-7df8-440f-a34b-5bc8a36adc81.png,0.0
70417401862193701.png,0,,248.68633937610446,43.40884621679369,200.0059,https://panoptes-uploads.zooniverse.org/subject_location/15415615-7d01-4d74-aae7-a526ab887cac.png,0.0
70404229197495067.png,0,,242.57763730162213,44.256560778155546,202.32,https://panoptes-uploads.zooniverse.org/subject_location/ce12bf79-45f1-456e-acbb-2791a2edba17.png,0.2
70364483570134251.png,0,,224.4939597586709,43.191019203910834,730.98615,https://panoptes-uploads.zooniverse.org/subject_location/24d81133-9134-4827-b4f1-9f7a2e589772.png,0.0385
70408627244001714.png,0,,244.56287762194836,44.22145378064922,212.78835,https://panoptes-uploads.zooniverse.org/subject_location/4747b59b-c55d-4acf-9782-4a47d6c93c4b.png,0.0
70364621009086899.png,0,,224.36294768165422,43.1980561996374,192.87054,https://panoptes-uploads.zooniverse.org/subject_location/14e9edc4-188c-4b62-be5e-087f9d53c89f.png,0.0
41241031890465642.png,0,,223.7228305018716,-1.4089324098414984,168.76393,https://panoptes-uploads.zooniverse.org/subject_location/d81c4b5a-5c7a-4cfb-b314-6a4c644e0560.png,0.0
69626329015807046.png,0,,244.21347584222966,42.91241092469781,195.03549,https://panoptes-uploads.zooniverse.org/subject_location/d613b67e-26ad-42db-955e-94d4608d2c1a.png,0.0
41218796844779534.png,0,,216.75067467720282,-0.1906445609043486,187.7712,https://panoptes-uploads.zooniverse.org/subject_location/4eceb210-8162-45b0-9cb0-1f4b58281593.png,0.0
69599111808050327.png,0,,233.66373223344564,42.77760225372155,186.41374,https://panoptes-uploads.zooniverse.org/subject_location/9085cdd6-c3aa-4d95-832e-20d205d79548.png,0.0
41231711811439326.png,0,,221.47746287303218,-0.3569889701884737,239.53983,https://panoptes-uploads.zooniverse.org/subject_location/30e98a8b-593b-4c2a-82df-a45c1d040c0a.png,0.0
69582627723561860.png,0,,223.78690936593085,43.08612003489542,237.46683,https://panoptes-uploads.zooniverse.org/subject_location/79bf7381-d4bd-4093-98c0-1ff28c0e7924.png,0.0
41201462356770622.png,0,,210.3776210064802,-0.8458938337777505,180.97359,https://panoptes-uploads.zooniverse.org/subject_location/76e5dc7c-7516-46dc-a399-d45dc3fffe49.png,0.0
70404091758520879.png,0,,242.77135504922262,44.322639377980586,115.41823,https://panoptes-uploads.zooniverse.org/subject_location/1e7ce7a9-6896-405d-a496-e3ebcf11436d.png,0.0
70387186767259064.png,0,,233.5012027113734,44.242679045394354,214.46457,https://panoptes-uploads.zooniverse.org/subject_location/60b1aaaf-d07f-404d-a549-799bb9ab2311.png,0.0
40154607028013613.png,0,,217.30132773284615,-1.7078311432514208,262.77158,https://panoptes-uploads.zooniverse.org/subject_location/e0538682-0738-47e3-bcbf-cbad8c5099f1.png,0.0
41219338010658923.png,0,,215.83685009656256,-0.5473205729770776,181.19388,https://panoptes-uploads.zooniverse.org/subject_location/bfec47f2-7704-4e11-a68f-de3001fc3d11.png,0.0526
70373434281980569.png,0,,228.219907468808,43.89318654261396,183.70496,https://panoptes-uploads.zooniverse.org/subject_location/020bceb3-fe8c-4c67-8070-947d92a04a22.png,0.0
41232669589143151.png,0,,220.1375734720531,-0.5219120231142361,205.37589,https://panoptes-uploads.zooniverse.org/subject_location/db716ed0-6d07-4f12-810a-8b7f9070c2fd.png,0.0
70400097438948364.png,0,,240.0207337071182,43.807025520911,187.16304,https://panoptes-uploads.zooniverse.org/subject_location/f22276f6-84ec-4a6e-83f9-dfe13f66c49e.png,0.0
40159417391402199.png,0,,218.28299489957865,-1.7612520259623319,347.82135,https://panoptes-uploads.zooniverse.org/subject_location/b1239f55-d9ed-4ec2-8a22-48674610360d.png,0.0556
70386890414521053.png,0,,233.7798977023246,43.390101173834715,151.05695,https://panoptes-uploads.zooniverse.org/subject_location/cad422b5-5ddc-4e5c-ac23-7042e635957f.png,0.0
41201058629840744.png,0,,210.97620455315666,-0.5637655056639046,216.14238,https://panoptes-uploads.zooniverse.org/subject_location/77e5079b-05da-4c69-a2e1-55f79e9846b3.png,0.0667
70373301137987745.png,0,,228.64583940940068,44.0279561871961,164.96777,https://panoptes-uploads.zooniverse.org/subject_location/edde6728-c9a2-4553-a288-c0b0301b2857.png,0.0
70391700777882777.png,0,,235.07196934117584,43.24057525569161,172.90556,https://panoptes-uploads.zooniverse.org/subject_location/a501aad7-81b6-4547-b530-2a1d60cc1be8.png,0.0
70413287283516006.png,0,,246.14640709108022,43.65762176202148,210.641,https://panoptes-uploads.zooniverse.org/subject_location/af77e15c-fa7a-425b-9a87-739122bc0a3e.png,0.0
69621102040613793.png,0,,243.6442505372403,42.816446568870774,160.53412,https://panoptes-uploads.zooniverse.org/subject_location/83c2251f-2cf0-4d0a-9e26-2e1de831546a.png,0.0
40155148193917294.png,0,,216.60449638845606,-1.9615656200664835,264.18484,https://panoptes-uploads.zooniverse.org/subject_location/00f51d56-1947-43a7-99c6-055f346834d3.png,0.087
41201479536633769.png,0,,210.36092081005773,-0.20117576397472636,171.10133,https://panoptes-uploads.zooniverse.org/subject_location/f164bd29-9168-48f4-b0e5-8e346d52cc43.png,0.0
69612589415428383.png,0,,239.25519434628472,43.09061898869759,180.26569,https://panoptes-uploads.zooniverse.org/subject_location/24501768-6ea4-483d-83a8-aa34c721123d.png,0.0
41214119625390029.png,0,,215.51327400113854,-0.40700941129670776,225.25894,https://panoptes-uploads.zooniverse.org/subject_location/cedc7f07-cebf-4a77-8181-e5f3af88fd3d.png,0.0
69582481694682110.png,0,,224.06973852327408,42.78476357962122,515.83685,https://panoptes-uploads.zooniverse.org/subject_location/e98bd4dc-a6ed-40c7-8d52-68fe4ce25dfb.png,0.0625
69600069585762286.png,0,,231.88610742270592,42.60890288495385,179.93748,https://panoptes-uploads.zooniverse.org/subject_location/e90e47e8-2e4b-4c6f-a542-36a2d46293f5.png,0.0
41237059045721490.png,0,,221.72447180142476,-0.9043239099465308,207.04666,https://panoptes-uploads.zooniverse.org/subject_location/3445ebb6-98b5-490a-8e84-36076330be99.png,0.0
69568312597562222.png,0,,219.77531060818907,42.19947679705947,294.73514,https://panoptes-uploads.zooniverse.org/subject_location/7681af93-8d5d-4bbd-8df4-f028a1c8ab5f.png,0.0
69630168716577680.png,0,,247.22866179398187,42.635156773206646,187.795,https://panoptes-uploads.zooniverse.org/subject_location/2f6d9bb1-a637-4e78-b498-575579e5bb3b.png,0.0
41240628163531780.png,0,,224.34759358353554,-1.1673001238285594,173.27936,https://panoptes-uploads.zooniverse.org/subject_location/e9142d00-c1e2-4438-91ec-69d41f7b6d5f.png,0.0
70378090026526714.png,0,,229.73274540936708,43.16532498449647,155.06294,https://panoptes-uploads.zooniverse.org/subject_location/33c8e040-ace6-4a15-98dc-9557b9a14ec9.png,0.0
41219076017619569.png,0,,216.20539154321114,-0.08550825114254623,142.69377,https://panoptes-uploads.zooniverse.org/subject_location/404c373e-1a39-41c0-ad6e-f9988b73fc0c.png,0.0
70400526935672999.png,0,,239.1431504251242,44.56116732632155,216.62723,https://panoptes-uploads.zooniverse.org/subject_location/19631602-e601-41ac-a842-dbd75575aae7.png,0.0
41223602913179662.png,0,,217.6271250568781,-0.3836909171045607,185.55676,https://panoptes-uploads.zooniverse.org/subject_location/f105597a-1a61-46e8-8fea-5e6d39a33fc0.png,0.0
69560341138266277.png,0,,214.24335586312807,42.2032675682293,314.3637,https://panoptes-uploads.zooniverse.org/subject_location/a4c3ce4c-8a6f-4bdf-8b70-d98d35775a6a.png,0.0526
70404495485467366.png,0,,242.0626796267167,43.87277253284606,173.97266,https://panoptes-uploads.zooniverse.org/subject_location/00f8841c-9e48-4325-9825-77689e24cd71.png,0.0
41227571462962389.png,0,,219.58436819339144,-1.0554729029286245,215.86015,https://panoptes-uploads.zooniverse.org/subject_location/9d234536-a72c-4f49-81f8-0c8a5bb2727d.png,0.11109999999999999
69573548162702093.png,0,,220.29273909075397,42.766167138254936,240.06401,https://panoptes-uploads.zooniverse.org/subject_location/e604f323-d0ae-4089-a154-ef232d290184.png,0.0
70417260128271690.png,0,,248.89491450689263,43.20490346346184,204.4911,https://panoptes-uploads.zooniverse.org/subject_location/0802cc87-ecdc-436d-a758-756023bbae7e.png,0.0
69586596273347545.png,0,,226.5790064240647,42.330363784145135,237.06085,https://panoptes-uploads.zooniverse.org/subject_location/89322584-3fd1-43ee-82a4-e14b9d3c325d.png,0.0
41236376145917428.png,0,,222.54474542223278,-0.7051877528743822,201.45003,https://panoptes-uploads.zooniverse.org/subject_location/0c28e5f1-b733-4bb8-ae62-5fd44ecc165d.png,0.0
69564339752817018.png,0,,217.06745999913082,42.719012192900884,236.30176,https://panoptes-uploads.zooniverse.org/subject_location/de9705d9-4031-4cd2-bf79-2ca40ff06b88.png,0.0
41232261567243429.png,0,,220.7146572614757,-0.4301979304478193,213.30164,https://panoptes-uploads.zooniverse.org/subject_location/f118149f-bdd0-44ee-9cb6-297e1f78aae0.png,0.0
70347046002903378.png,0,,216.18595374535315,43.790993896612584,255.21867,https://panoptes-uploads.zooniverse.org/subject_location/02424769-00d0-4f5d-864e-09c0de5f8e16.png,0.0741
70417565070941395.png,0,,248.30176201615546,44.40465897526039,236.44962,https://panoptes-uploads.zooniverse.org/subject_location/1529e0ae-e45c-49ae-8f0c-784215c750b0.png,0.0
70356267297688870.png,0,,219.45589559378018,44.409452569630695,433.89532,https://panoptes-uploads.zooniverse.org/subject_location/40e69c33-8437-40e1-a9fa-6133c6433d14.png,0.0
41205727259264701.png,0,,212.1207384386554,-0.8045593861558131,155.68657,https://panoptes-uploads.zooniverse.org/subject_location/9fa169b3-dd20-45d1-b3dd-99e5e85415f1.png,0.0
70418243675776421.png,0,,247.1431122627391,44.05387672699544,204.62666,https://panoptes-uploads.zooniverse.org/subject_location/ed412e7a-02ac-4c3e-9366-5b6def15af90.png,0.04
69569016972186609.png,0,,218.516905514642,42.97666007947142,346.46,https://panoptes-uploads.zooniverse.org/subject_location/8d094274-19ec-4505-97f5-3560dd73a7e8.png,0.0
70400221993010740.png,0,,239.7314511431797,43.342679041886726,171.6568,https://panoptes-uploads.zooniverse.org/subject_location/98be2b95-ab0b-435a-87dc-04e8a4bc3980.png,0.0
70396116004277890.png,0,,237.24950496208152,44.16076411948657,182.30939,https://panoptes-uploads.zooniverse.org/subject_location/0cf16c70-c539-4b5d-a7d1-aea5e0ccdf0f.png,0.0
41201466651728384.png,0,,210.30711864580738,-0.8352644346678338,879.207,https://panoptes-uploads.zooniverse.org/subject_location/302a2565-6fe7-4dd3-b952-20cc1bd8eab3.png,0.42110000000000003
41214927079244854.png,0,,214.38597973028894,-1.0726420013574813,174.91467,https://panoptes-uploads.zooniverse.org/subject_location/972533bc-ffe5-43eb-a0fa-c7c65263d1ac.png,0.0
41227429729043248.png,0,,219.74124790430784,-1.2229696529205158,192.71936,https://panoptes-uploads.zooniverse.org/subject_location/26bf9db5-0c99-42b5-96db-844269663b39.png,0.0
41205856108313068.png,0,,211.80255969850737,-1.0644765866696857,268.1007,https://panoptes-uploads.zooniverse.org/subject_location/a7b796d3-007c-4890-bf7a-e369dca6f1de.png,0.0
70356263002726850.png,0,,219.4336628024221,44.30249505046472,299.65576,https://panoptes-uploads.zooniverse.org/subject_location/3478d301-257d-4fbe-a39b-cf65480b9457.png,0.0
69595817568133784.png,0,,229.738209958429,42.968675684338294,178.28365,https://panoptes-uploads.zooniverse.org/subject_location/83698330-4c15-48d8-bcb1-e3ef0a8fcfd3.png,0.0
40137294014841723.png,0,,211.06683426484378,-1.5678562520357235,191.09167,https://panoptes-uploads.zooniverse.org/subject_location/afcbe9f5-6b99-464f-9965-6059593c23ce.png,0.0
40132341917579658.png,0,,210.3737822593977,-1.5874411772480685,227.38025,https://panoptes-uploads.zooniverse.org/subject_location/62d472bb-e677-4983-82af-e49e34ace1bb.png,0.0
40176867843510500.png,0,,224.53422956120363,-1.855255146513071,238.4156,https://panoptes-uploads.zooniverse.org/subject_location/c9e856cc-2854-4bc7-bf40-0a3c558e3062.png,0.0
40167938606534850.png,0,,221.61707418230196,-1.592778247640424,239.7357,https://panoptes-uploads.zooniverse.org/subject_location/0331c9c3-b7ab-465b-a25f-8fc7648f7640.png,0.1875
69621368328554303.png,0,,243.1858532909161,42.331637803516124,187.81982,https://panoptes-uploads.zooniverse.org/subject_location/66e382d2-6a21-4761-9ab3-f150b735b074.png,0.0
69578212497183710.png,0,,221.81152593977797,42.34584163819381,146.00813,https://panoptes-uploads.zooniverse.org/subject_location/b864e6e1-0954-4528-92f0-f1feda424841.png,0.0
70391026468031287.png,0,,236.54337251699656,43.95498308460357,149.43187,https://panoptes-uploads.zooniverse.org/subject_location/a5734723-fa4e-4456-945d-b162ba358853.png,0.07690000000000001
70382522432750428.png,0,,231.96283562837033,44.55416240480299,278.90936,https://panoptes-uploads.zooniverse.org/subject_location/50914e16-43ae-4dd8-88c0-ae06da37616c.png,0.0
70364492160060659.png,0,,224.55476397105645,43.43309554380072,217.97375,https://panoptes-uploads.zooniverse.org/subject_location/abc956cc-52e2-406e-834b-bc1b8d400dc5.png,0.0
69603647293510394.png,0,,235.4478682369047,42.69148871560995,154.27315,https://panoptes-uploads.zooniverse.org/subject_location/56a4c923-7339-441e-9b19-be12ebdb72a3.png,0.0
41236934491667482.png,0,,221.92241739990754,-0.37457718539412554,188.52676,https://panoptes-uploads.zooniverse.org/subject_location/59325612-8f58-44b1-bae4-46f4d0bb0124.png,0.0
70351293725560775.png,0,,218.4355430168893,43.25134224387721,239.7195,https://panoptes-uploads.zooniverse.org/subject_location/528c3990-4eed-446a-bb65-d42eb3d586bf.png,0.0
40141129420660618.png,0,,213.3564642510459,-2.0129299285459092,216.3275,https://panoptes-uploads.zooniverse.org/subject_location/435809ae-6e76-4e29-a5c5-ac7a05a2eace.png,0.0
69599932146803819.png,0,,232.11201774082392,42.576241061292706,178.35242,https://panoptes-uploads.zooniverse.org/subject_location/6dbfdae5-e503-4620-9173-f242b8ed2de7.png,0.0455
69634979079945271.png,0,,248.43538395101416,42.580443690347245,198.63818,https://panoptes-uploads.zooniverse.org/subject_location/a033affc-2fa5-4145-a087-ddd32fd5e663.png,0.0
70364487865103302.png,0,,224.60588227530374,43.401300908447034,172.78938,https://panoptes-uploads.zooniverse.org/subject_location/b1fea0ea-f4ac-43bf-8c60-4f60fd0c627f.png,0.0
69577125870463755.png,0,,223.7472525833195,43.03293023585091,418.07376,https://panoptes-uploads.zooniverse.org/subject_location/80f983af-8b1f-4788-903e-24441f994e01.png,0.0526
70404766068411161.png,0,,241.5513015799209,43.71027570193858,154.80504,https://panoptes-uploads.zooniverse.org/subject_location/15daf553-33f6-48de-8002-9987d1385849.png,0.0
41196789432351343.png,0,,209.30064693993674,-0.8724451454052313,147.77429,https://panoptes-uploads.zooniverse.org/subject_location/8472c245-f699-4966-b96a-f2503fcd0499.png,0.0455
70400651489736510.png,0,,239.04397279548647,44.10797024375491,160.2236,https://panoptes-uploads.zooniverse.org/subject_location/878ec94a-71de-413e-986e-220f8e460e5c.png,0.0
41223057452334887.png,0,,218.3544547858322,-0.13028526513576397,202.2915,https://panoptes-uploads.zooniverse.org/subject_location/f57ecb9f-2c4c-4353-bfe4-bc49983ace55.png,0.0435
70417569365905923.png,0,,248.3379927324489,44.59491241070899,407.6013,https://panoptes-uploads.zooniverse.org/subject_location/1ae7bcf2-622c-4661-b9bc-7e62ecbed2d6.png,0.0455
70413553571497480.png,0,,245.68614625681374,43.39845747309815,226.67752,https://panoptes-uploads.zooniverse.org/subject_location/e0999563-1ad6-46b0-a738-234e20f7628d.png,0.0
70342660841276300.png,0,,214.16486582069345,44.37163698225086,266.19662,https://panoptes-uploads.zooniverse.org/subject_location/44aa5282-7bdd-4a55-9a3e-fe79dc59f227.png,0.05
41192245356922706.png,0,,207.88614493600903,-1.3647937737201905,156.41309,https://panoptes-uploads.zooniverse.org/subject_location/e4fb69fd-6ca3-41f1-8a8d-7cb7e86afb24.png,0.0
70417681035066291.png,0,,248.04879709586362,43.54959556776377,155.50626,https://panoptes-uploads.zooniverse.org/subject_location/eeab210f-b13a-4e52-bbcb-34d6fa7a9549.png,0.0
70369311113375841.png,0,,225.8407573951685,43.88038331042087,242.31516,https://panoptes-uploads.zooniverse.org/subject_location/7793cdc9-a75f-497b-a9c3-fd29bccb3923.png,0.0
70418093351917627.png,0,,247.37819516865378,43.437942988723535,198.42868,https://panoptes-uploads.zooniverse.org/subject_location/2f57aad8-1270-4f67-9556-d1e5a71d3886.png,0.0
40132758529377212.png,0,,209.7324605360168,-1.5654831318632179,213.2608,https://panoptes-uploads.zooniverse.org/subject_location/f05f2a1e-fd0d-4357-ab8c-bf75a2ca1000.png,0.0
70395686507515895.png,0,,237.84435675447168,43.29230637364683,145.08199,https://panoptes-uploads.zooniverse.org/subject_location/18c07398-19ec-43f9-8fbe-d82595efa0f6.png,0.0
69568596065412864.png,0,,219.24547640507618,42.64145203808941,273.6836,https://panoptes-uploads.zooniverse.org/subject_location/77f3b529-926a-4091-bb70-797d16d497ab.png,0.0
41214948554058956.png,0,,214.47828346604692,-0.1159011444461348,139.95747,https://panoptes-uploads.zooniverse.org/subject_location/431314db-e785-43ec-a34c-7e4d70ac3c36.png,0.0
70404370931411759.png,0,,242.39389663708283,44.39458094949691,199.51886,https://panoptes-uploads.zooniverse.org/subject_location/4752410a-9463-4d31-9f2a-01c0ff87e07c.png,0.0909
70391833921877390.png,0,,235.02823240979478,43.19378151496263,166.61853,https://panoptes-uploads.zooniverse.org/subject_location/fb20959e-2e7c-42db-ac51-fcb44c76c8f3.png,0.0556
41237054750756635.png,0,,221.71763117840308,-1.0862882898648947,239.51175,https://panoptes-uploads.zooniverse.org/subject_location/ec90129c-2cda-4806-8ca4-3941920bdf50.png,0.0
70342493337579119.png,0,,214.43117238808262,43.18795937597681,349.18646,https://panoptes-uploads.zooniverse.org/subject_location/714cd43b-29a9-4d1b-b4e6-2663aebfe2cf.png,0.0
40132754234439196.png,0,,209.6989820329265,-1.6511413420320302,209.88536,https://panoptes-uploads.zooniverse.org/subject_location/11c7e845-fb78-4d63-87bd-ed707fc2bc0d.png,0.0
70369315408346073.png,0,,225.8696096457213,44.11122238553443,196.5997,https://panoptes-uploads.zooniverse.org/subject_location/6fadfd00-3a0b-444a-8cf7-edfa5460bf8c.png,0.0
40154744466985671.png,0,,217.262150006929,-1.7475988429461826,229.2481,https://panoptes-uploads.zooniverse.org/subject_location/83c4c8ff-9e8f-4cf4-ae34-773c598e7040.png,0.0
70400514050779197.png,0,,239.33914211021187,44.02761814185317,402.59128,https://panoptes-uploads.zooniverse.org/subject_location/32e25d36-a66a-49b5-a4c7-478490085a0e.png,0.0
41237076225588603.png,0,,221.65648654122168,-0.18822528362951713,183.27184,https://panoptes-uploads.zooniverse.org/subject_location/6b7158e9-983d-47be-912e-3c29964cc55a.png,0.0
70342523402343874.png,0,,214.45825022503513,44.43678781890445,390.8189,https://panoptes-uploads.zooniverse.org/subject_location/81473bc8-70f4-427d-953c-8c96018ae4e2.png,0.0
69630714177417424.png,0,,246.14103622311004,42.41775561646635,223.95563,https://panoptes-uploads.zooniverse.org/subject_location/0c0e2fdd-d8d4-4612-9901-d8375d96fc98.png,0.1176
70364917361826035.png,0,,223.66608870026744,44.059149168264454,382.2934,https://panoptes-uploads.zooniverse.org/subject_location/6e3879c9-cfa8-4b6b-a506-e9bb4ecb17d6.png,0.11109999999999999
69634433619100637.png,0,,249.34992147088718,42.84341592388477,163.70465,https://panoptes-uploads.zooniverse.org/subject_location/5b9ffcfa-d0a8-4308-a597-49d7eb579da7.png,0.0
70396098824398214.png,0,,237.08298215601138,43.24013436812237,177.59744,https://panoptes-uploads.zooniverse.org/subject_location/5c46e148-13f3-41d4-86a7-5eed432e111d.png,0.0
69599244952040078.png,0,,233.49259568669305,42.61093154840143,264.3938,https://panoptes-uploads.zooniverse.org/subject_location/f8018550-e83b-44b4-a484-b7246016a7bd.png,0.0
69630581033424947.png,0,,246.41436135497017,42.501271997242185,224.47537,https://panoptes-uploads.zooniverse.org/subject_location/37f14bd1-35f9-4552-b256-04b45fe4fbd1.png,0.22219999999999998
69582468809772506.png,0,,224.0168223989933,42.23531951667602,289.4746,https://panoptes-uploads.zooniverse.org/subject_location/c1746469-4af9-4458-95d9-6ce72627f678.png,0.0
70395428809503326.png,0,,238.55176057065398,44.053985432385005,187.07848,https://panoptes-uploads.zooniverse.org/subject_location/f6306569-90a5-42bf-88a4-3fa7d08b0b87.png,0.0
41192520234856133.png,0,,207.5127168025518,-1.3051090603302666,187.22173,https://panoptes-uploads.zooniverse.org/subject_location/d974a826-a6b7-494c-838b-93d4859dba43.png,0.0
70378369199399238.png,0,,229.38037611259819,43.303410543888795,217.2449,https://panoptes-uploads.zooniverse.org/subject_location/f3ab297c-e843-4e09-b234-5861280cbf55.png,0.129
70365462822672809.png,0,,222.7557008993565,43.96215214489717,327.2,https://panoptes-uploads.zooniverse.org/subject_location/b4c75769-0409-48aa-bbb0-421bf68d585d.png,0.0
70373838008902835.png,0,,227.53047355701543,43.464153413358694,199.41513,https://panoptes-uploads.zooniverse.org/subject_location/35221224-3b35-4c79-a5ab-91eee259532d.png,0.1333
69603913581489825.png,0,,234.8750396102922,42.431749609198356,200.24359,https://panoptes-uploads.zooniverse.org/subject_location/42c80c27-0175-443f-8c4a-ecdc741e68ad.png,0.0
70409176999826901.png,0,,243.48063777009622,44.332492660687045,187.7315,https://panoptes-uploads.zooniverse.org/subject_location/bf433ca5-e66a-4e12-b617-8ff05081b02c.png,0.0
41201054334868667.png,0,,210.84821840499188,-0.8029143946630105,258.26773,https://panoptes-uploads.zooniverse.org/subject_location/a4055fd8-d7a9-478c-98fe-67fa2619464a.png,0.129
69586183956487000.png,0,,227.23599338052506,42.344937288507836,198.52328,https://panoptes-uploads.zooniverse.org/subject_location/140200f5-9716-4d99-a121-7c1a1d534172.png,0.0
69586463129360432.png,0,,226.82238269838413,42.495402914228954,206.1807,https://panoptes-uploads.zooniverse.org/subject_location/5c56db31-2b5b-4743-bccb-1065eef3844b.png,0.0
70400496870918329.png,0,,239.30959190113964,43.38222377372309,167.79816,https://panoptes-uploads.zooniverse.org/subject_location/33756ff0-986c-46a6-a8ed-562647273062.png,0.0556
40132616795465309.png,0,,209.98739315386786,-1.5862924619634051,244.59706,https://panoptes-uploads.zooniverse.org/subject_location/102db542-2840-434e-af4e-119215b7ea53.png,0.0
70386911889352778.png,0,,233.91989938299508,44.254458009204185,175.76846,https://panoptes-uploads.zooniverse.org/subject_location/47e34515-d886-4e3b-98f6-3d672758222e.png,0.0
69568316892531166.png,0,,219.777556671435,42.32762208804042,299.07214,https://panoptes-uploads.zooniverse.org/subject_location/b2dd258a-2d31-49aa-8b57-3a31af8c3a36.png,0.0
41197347778100831.png,0,,208.59391058938584,-0.4675559501335529,150.2902,https://panoptes-uploads.zooniverse.org/subject_location/dd2292d4-efd5-452e-b164-f99e287d3908.png,0.0
69568458626460227.png,0,,219.47117630980497,42.606402530210076,331.68317,https://panoptes-uploads.zooniverse.org/subject_location/cf0251a2-443d-49f4-a9f2-7a999a51f6cc.png,0.0
69599670153796048.png,0,,232.72300200907313,43.11588345507779,158.65948,https://panoptes-uploads.zooniverse.org/subject_location/eff5d861-8022-4127-b1dd-bfa09419b37f.png,0.07690000000000001
69616983166973179.png,0,,241.17065062253448,42.928650687834065,142.88129,https://panoptes-uploads.zooniverse.org/subject_location/b29b342f-add6-4cb5-92a0-d9f2fe54cde3.png,0.0
69573552457665254.png,0,,220.36987929329626,42.86721696910727,226.0899,https://panoptes-uploads.zooniverse.org/subject_location/51c83ba8-bdfe-4a7b-a433-9e1bfb954c5c.png,0.0
41214527647279711.png,0,,214.99729434387572,-0.6502422974022333,189.73633,https://panoptes-uploads.zooniverse.org/subject_location/d52c0611-0315-48f3-93f3-5bf64ef25071.png,0.0
69613121991364596.png,0,,238.06023097844312,42.309190659086724,280.60797,https://panoptes-uploads.zooniverse.org/subject_location/127fbdea-87d5-410d-ab74-79030e2c19c5.png,0.0
70343047388354829.png,0,,213.26405319500304,43.35441320982776,270.39133,https://panoptes-uploads.zooniverse.org/subject_location/454c3e7f-6155-4ed4-b44b-afe875a48016.png,0.0
70378102911428346.png,0,,229.94143960573248,43.69369970072523,200.6492,https://panoptes-uploads.zooniverse.org/subject_location/0fbd6aff-c219-465b-978f-265b4d066a47.png,0.0
41209979276919497.png,0,,213.6335183559442,-1.0550000037170513,178.94618,https://panoptes-uploads.zooniverse.org/subject_location/1a549aee-6ebf-49d2-b1b9-dafa2e737be4.png,0.0
41218904218931562.png,0,,216.5414698155171,-1.4834064134161455,221.508,https://panoptes-uploads.zooniverse.org/subject_location/40859b17-564e-4602-9328-4ae65188e8de.png,0.0
41241036185427434.png,0,,223.6259404181431,-1.3240319552762072,209.71503,https://panoptes-uploads.zooniverse.org/subject_location/e91f935f-9f4b-45f0-aa66-55eae329d1a3.png,0.0
41210666471689076.png,0,,212.8563148273519,-1.0384597001534193,256.81738,https://panoptes-uploads.zooniverse.org/subject_location/5478a1f7-2738-4649-a3b6-043c2b859f94.png,0.0
41219054542782714.png,0,,216.38582962341752,-1.0221084509204839,217.25616,https://panoptes-uploads.zooniverse.org/subject_location/a89dcae5-f054-4e20-af06-9887f540e0b0.png,0.0
40172332358066172.png,0,,223.22720886377707,-1.858746970596174,434.34448,https://panoptes-uploads.zooniverse.org/subject_location/418fe4b4-3797-4b0c-8afd-47d7c10277cb.png,0.0
41228254362762259.png,0,,218.6675757505117,-1.2509002882387845,195.98988,https://panoptes-uploads.zooniverse.org/subject_location/4423c9c6-1c55-43e1-ae53-189987dd7df5.png,0.0
69626603893719845.png,0,,243.68029127528447,42.98428359351757,202.74947,https://panoptes-uploads.zooniverse.org/subject_location/2fd60ef3-e25a-4304-a791-d8e5f8e15e3b.png,0.09519999999999999
41201333507751041.png,0,,210.476968233283,-0.5399052815334755,158.16058,https://panoptes-uploads.zooniverse.org/subject_location/43168c21-f45c-410a-8cea-b68383cd6137.png,0.0
70365179354829961.png,0,,223.21494848490607,43.50094729231105,287.98834,https://panoptes-uploads.zooniverse.org/subject_location/f0753245-fbcc-4427-88ac-976060ac1559.png,0.0
70347462614733616.png,0,,215.3442951597183,44.0238394090609,428.75464,https://panoptes-uploads.zooniverse.org/subject_location/3e5d51bb-5917-46db-a733-25aaf499b9d8.png,0.0
41236500699965408.png,0,,222.3862944939676,-1.3965871302218238,162.76147,https://panoptes-uploads.zooniverse.org/subject_location/28a61b03-8ce9-4690-9a4d-5f0bbaedefdf.png,0.0
41223594323242858.png,0,,217.5762695882998,-0.7927176189102597,216.42384,https://panoptes-uploads.zooniverse.org/subject_location/81ac7f1a-1fbf-4f7f-9ad4-0536b37baf63.png,0.0
69568737799327425.png,0,,219.14494771596773,42.69765976463501,245.96246,https://panoptes-uploads.zooniverse.org/subject_location/1c246109-bd25-40ae-8cce-d7d414e1c2ce.png,0.1379
41209979276915486.png,0,,213.65526627477658,-1.1236796161656324,155.12888,https://panoptes-uploads.zooniverse.org/subject_location/944d9b88-ab08-4986-829b-d24fa78c2077.png,0.0
70351718927321014.png,0,,217.73708755445267,43.79635132401602,403.51276,https://panoptes-uploads.zooniverse.org/subject_location/dc9fd65d-e7c9-4a0b-a734-aeeebf43c27e.png,0.0333
69560491462120172.png,0,,214.16364236174917,42.688447706459826,205.35767,https://panoptes-uploads.zooniverse.org/subject_location/343911a8-515c-4600-a60c-8151835fc28f.png,0.0
69590728031890484.png,0,,229.0861698946399,42.767219506383576,175.88998,https://panoptes-uploads.zooniverse.org/subject_location/26f9c9f4-256c-47d1-9fb8-1ad308cecc06.png,0.0
40133166551296457.png,0,,209.23876646708942,-1.6481341820864235,731.8684,https://panoptes-uploads.zooniverse.org/subject_location/f9be55d2-4df7-4c91-b28a-c96d855b1b5e.png,0.0435
41205572640471733.png,0,,212.14558950123188,-1.435162276688895,198.00961,https://panoptes-uploads.zooniverse.org/subject_location/c13c0293-e078-451d-b863-04f83ade5e11.png,0.05
70386632716477114.png,0,,234.53407857529172,44.019445275108204,159.465,https://panoptes-uploads.zooniverse.org/subject_location/ce81166f-166e-4ad2-aa34-863ed6410cab.png,0.0
69560616016177710.png,0,,213.9186065997846,42.29098171610554,252.82379,https://panoptes-uploads.zooniverse.org/subject_location/b9e20fbb-71f2-4ca9-be6e-8f3d1ae8f9c0.png,0.0
41236930196679555.png,0,,221.8617931182708,-0.4866870660124532,328.16046,https://panoptes-uploads.zooniverse.org/subject_location/f90de072-4c55-4d42-a10b-7f928618d7fe.png,0.0
70386495277524041.png,0,,234.73980259432,44.012166698258106,179.58334,https://panoptes-uploads.zooniverse.org/subject_location/f34e0daf-ce4b-4024-a374-2489e108dcdd.png,0.0667
70373563131001863.png,0,,228.1322856811458,43.57106189402554,152.8415,https://panoptes-uploads.zooniverse.org/subject_location/6f5042af-5a5c-43b4-989a-d201935381f8.png,0.0
70346891384084538.png,0,,216.2708131876197,43.14365073018995,211.43767,https://panoptes-uploads.zooniverse.org/subject_location/59f4d2da-4d21-4f25-a6f4-6e34088d24ae.png,0.0
41222902833489913.png,0,,218.48346084057857,-0.8386060590709956,177.27765,https://panoptes-uploads.zooniverse.org/subject_location/71749ae3-7a3e-4e6c-90ea-406478ccb156.png,0.0
70382238964930687.png,0,,232.4399344953194,44.20415939483157,194.67795,https://panoptes-uploads.zooniverse.org/subject_location/2d5f2883-c1dd-4e7b-8ee9-3668a993c683.png,0.0
69590590592937247.png,0,,229.34657877540306,42.815801626314645,170.43806,https://panoptes-uploads.zooniverse.org/subject_location/c43ed284-03fc-42c0-983b-df96269588c8.png,0.0
41214922784277164.png,0,,214.38190478607592,-1.2252104257894978,157.75577,https://panoptes-uploads.zooniverse.org/subject_location/64ddb60e-8bdb-4400-8c29-c4e9e150ef21.png,0.0
41201204658728411.png,0,,210.6823539156608,-0.19467831241532538,263.67377,https://panoptes-uploads.zooniverse.org/subject_location/8709c973-3fe7-4e97-89b3-3660516ef411.png,0.0741
41192820882566974.png,0,,207.20616176529936,-0.19471466245158187,156.71771,https://panoptes-uploads.zooniverse.org/subject_location/f0184136-ff16-4893-846f-fccf864dc900.png,0.0
70364505044962763.png,0,,224.51806355631626,44.03822523336971,276.76645,https://panoptes-uploads.zooniverse.org/subject_location/8350ae76-e429-4f2d-97a2-448ecc1623b2.png,0.0
70377686299596741.png,0,,230.65431934321532,43.44586350935278,202.74841,https://panoptes-uploads.zooniverse.org/subject_location/b7cac4c0-2203-43c5-b094-066f9da80358.png,0.0714
69634991964842522.png,0,,248.41165736470379,43.08761766842635,174.59512,https://panoptes-uploads.zooniverse.org/subject_location/49304b06-3b0e-4940-9110-11f7ad8f8da8.png,0.0
69617532922785053.png,0,,240.04277478102532,42.91754910218315,171.9748,https://panoptes-uploads.zooniverse.org/subject_location/6cbe7098-f5af-43c8-9752-27d3654b9b29.png,0.087
69599382390983905.png,0,,233.31257595119672,42.49213012421318,165.34113,https://panoptes-uploads.zooniverse.org/subject_location/c702c9c8-684a-4dbd-8395-be1514d93d2a.png,0.0
69565026947584809.png,0,,215.89386397498754,42.689274373823444,325.53058,https://panoptes-uploads.zooniverse.org/subject_location/eb850168-a8ab-4e9e-a6c0-4bc65689280a.png,0.0
70400226287980267.png,0,,239.61600158212565,43.57343420076744,148.22275,https://panoptes-uploads.zooniverse.org/subject_location/d9784b23-2192-433f-8a84-cfac1d35ee78.png,0.0
41205589820337503.png,0,,212.22659604706132,-0.7808482815107515,180.1952,https://panoptes-uploads.zooniverse.org/subject_location/460e9bca-e953-4de2-829a-b8979e8ffa4a.png,0.0
41205585525373551.png,0,,212.22046170095666,-0.8804618982334976,279.66104,https://panoptes-uploads.zooniverse.org/subject_location/5161305d-d359-495b-ae94-86878b4db86c.png,0.0588
69594992934413074.png,0,,231.33417618339527,42.9621157311287,177.09053,https://panoptes-uploads.zooniverse.org/subject_location/2a64aff5-88fd-41da-b0ac-88085a0b2e1c.png,0.0
41193069990674833.png,0,,206.84573023607308,-1.2331247089521489,173.95514,https://panoptes-uploads.zooniverse.org/subject_location/68b84c78-9f0e-438b-aaae-736793a11a9f.png,0.0
70383046418789412.png,0,,230.95172947983548,43.54878114792524,154.4378,https://panoptes-uploads.zooniverse.org/subject_location/c7b47c61-6d3e-41d4-afa0-34811f9a85e9.png,0.0
41223177711416078.png,0,,218.10300961135937,-0.9478355217012856,229.40974,https://panoptes-uploads.zooniverse.org/subject_location/a0590d7f-d34e-4bbd-94c4-90b91e89e532.png,0.0
69613401164222594.png,0,,237.77552147913377,42.55228617847015,143.70912,https://panoptes-uploads.zooniverse.org/subject_location/adda6c30-62ad-4afc-b896-67c128e0cbe4.png,0.0
41196669173265353.png,0,,209.43367189083014,-0.12512344133160663,258.5286,https://panoptes-uploads.zooniverse.org/subject_location/f01735ba-db6b-41c3-9097-bcc2303e1a2e.png,0.047599999999999996
70399964294972360.png,0,,240.3035005442094,44.14305204621537,215.30771,https://panoptes-uploads.zooniverse.org/subject_location/1d244842-5884-4232-9ee2-ce904fdbbf60.png,0.0
41210391593774479.png,0,,213.15092039872584,-1.1749598727587758,194.73875,https://panoptes-uploads.zooniverse.org/subject_location/a50b598c-b5b7-4a6c-b573-43283d2c9db0.png,0.05
40133166551290959.png,0,,209.16309445827315,-1.7589344448871502,221.50674,https://panoptes-uploads.zooniverse.org/subject_location/64841830-01f3-4fdb-9a26-066009dd3326.png,0.0
69635245367916596.png,0,,247.84724579188833,42.13221815357353,391.51508,https://panoptes-uploads.zooniverse.org/subject_location/1eecb051-f3d0-4581-87d4-afd069314349.png,0.0
40155023639860289.png,0,,216.892330363728,-1.5528140533290968,236.47336,https://panoptes-uploads.zooniverse.org/subject_location/935a317d-944d-4a66-88ce-75e918a95b86.png,0.0
70391043647885530.png,0,,236.38537990249552,44.598252642922134,301.91864,https://panoptes-uploads.zooniverse.org/subject_location/b42c9fe6-2769-4bca-9924-565dbcd13276.png,0.0
69569141526253324.png,0,,218.15476137534762,42.318135684753805,332.22192,https://panoptes-uploads.zooniverse.org/subject_location/b790249a-0256-485c-b9e8-507400f11979.png,0.0
70378373494364170.png,0,,229.42219084277153,43.4717902933403,196.22366,https://panoptes-uploads.zooniverse.org/subject_location/53d397be-bb72-489e-9efe-769032a7ea49.png,0.0
69639798033249869.png,0,,249.63999344101467,42.981904481053334,208.25166,https://panoptes-uploads.zooniverse.org/subject_location/842dfb2a-92a5-4c90-b996-ddf3987a8705.png,0.0526
41218921398823770.png,0,,216.4463752978943,-0.7894290703344042,151.34099,https://panoptes-uploads.zooniverse.org/subject_location/cb4ce71b-c39c-4642-8f20-12295be6a1ec.png,0.0
41240920221318440.png,0,,223.93164729878706,-0.2856302860031864,182.76414,https://panoptes-uploads.zooniverse.org/subject_location/8a7bcdeb-72df-4a47-9447-c348de6e12b5.png,0.0
70395690802510264.png,0,,237.83974186469803,43.52292305018152,231.30194,https://panoptes-uploads.zooniverse.org/subject_location/074ddc02-f333-458c-8cd5-adb471b84f2f.png,0.0588
69586196841396032.png,0,,227.34652829719593,42.98747566460243,165.72408,https://panoptes-uploads.zooniverse.org/subject_location/43505a23-12a5-42e5-a162-39d4acf3d112.png,0.0
70343051683324391.png,0,,213.24440179711047,43.53833239899405,258.51144,https://panoptes-uploads.zooniverse.org/subject_location/312da03a-85cd-499e-ac9f-484c3b006dab.png,0.0
41192932551714483.png,0,,206.9777018349602,-1.3346950900206005,347.31647,https://panoptes-uploads.zooniverse.org/subject_location/8c30c603-8c44-4a4e-88e0-a3b9c9c8d3f3.png,0.30770000000000003
41209721578877168.png,0,,214.02814874931636,-0.42883090798746354,425.1726,https://panoptes-uploads.zooniverse.org/subject_location/fba51433-3074-427d-bcde-8f505ab00249.png,0.0
40150625593349944.png,0,,215.3190442106612,-1.5491879146997063,230.36711,https://panoptes-uploads.zooniverse.org/subject_location/cf767498-5f19-47db-87fd-56430bb34e0a.png,0.0
41224002345131347.png,0,,217.12340171997457,-0.9686242906134616,210.77606,https://panoptes-uploads.zooniverse.org/subject_location/1afc376c-c8ec-4019-911b-d9d282e3644d.png,0.0
70386890414518289.png,0,,233.82945700755437,43.34533484772279,147.18793,https://panoptes-uploads.zooniverse.org/subject_location/7e2d7c58-5b91-402c-9e9a-a3ca5a14bc32.png,0.0526
70413841334299940.png,0,,245.12165222319857,43.86117759934244,219.6539,https://panoptes-uploads.zooniverse.org/subject_location/f19fde72-ca66-4d2b-b708-ca576364c716.png,0.0
69569021267167435.png,0,,218.45378562775124,43.056335428807884,406.8524,https://panoptes-uploads.zooniverse.org/subject_location/6e2e3937-505c-45ef-9fb5-d0437d33d57e.png,0.0
70387307026338087.png,0,,233.24793513815592,43.43170294646703,185.83252,https://panoptes-uploads.zooniverse.org/subject_location/899bd299-372e-46f4-a4dc-a6e82aa9c644.png,0.0
69560074850291269.png,0,,214.7489660431826,42.50317942066241,228.44133,https://panoptes-uploads.zooniverse.org/subject_location/c1e949f2-90b5-4884-b0eb-202048219633.png,0.0
41219187686796362.png,0,,216.1063394523085,-1.1297858722482934,203.75961,https://panoptes-uploads.zooniverse.org/subject_location/3a7507e8-9ccb-4a62-b3df-90b0022d6471.png,0.0
70365196534701950.png,0,,223.11446573220587,44.34535174292202,259.0365,https://panoptes-uploads.zooniverse.org/subject_location/3a9db47e-eff7-4eb1-82f4-dc0357c9c9be.png,0.125
40155289927834431.png,0,,216.47636195889544,-1.8819600213891932,507.82343,https://panoptes-uploads.zooniverse.org/subject_location/596eaef9-5a2b-4a39-a6ac-ed40f1b87b64.png,0.0
41231844955423843.png,0,,221.2300501593975,-0.5104123634783347,239.25658,https://panoptes-uploads.zooniverse.org/subject_location/4c44bc76-14d0-4158-928e-ba9e75749fe1.png,0.0526
69621505767531190.png,0,,242.83057350717752,42.44070034685247,214.4447,https://panoptes-uploads.zooniverse.org/subject_location/158a207a-e8fa-4272-b809-d354b02bab3b.png,0.0
41196531734307616.png,0,,209.54650339148577,-0.23033566952073098,197.93071,https://panoptes-uploads.zooniverse.org/subject_location/854e468c-e620-4838-906f-def708be9be5.png,0.0
70413136959667797.png,0,,246.48515524658143,43.17903079382056,244.36568,https://panoptes-uploads.zooniverse.org/subject_location/666bc5ea-c633-4660-a54b-90c3414d5760.png,0.0435
41236389030820848.png,0,,222.52706991325394,-0.1696650462720355,234.02658,https://panoptes-uploads.zooniverse.org/subject_location/05d35b84-3fe3-4a28-8aac-556f46da8578.png,0.0
40150625593352690.png,0,,215.24260669636453,-1.5009511543324427,221.4026,https://panoptes-uploads.zooniverse.org/subject_location/9c62ae66-dd61-4979-b92c-f6556fb8d60c.png,0.0
70404091758548692.png,0,,242.7349705215052,44.340029355019034,277.24258,https://panoptes-uploads.zooniverse.org/subject_location/2a799a92-ccfb-4a9e-bd32-9200b8510a8e.png,0.07690000000000001
70399693712032001.png,0,,240.81331659992344,44.31449832033958,176.65584,https://panoptes-uploads.zooniverse.org/subject_location/e3bdc223-717d-4139-ac6a-d2d94caaafaf.png,0.0
41218766780002018.png,0,,216.59040559737906,-1.4532612878277376,417.6376,https://panoptes-uploads.zooniverse.org/subject_location/d1325746-8a4c-4bac-8fdc-84b8db779635.png,0.15789999999999998
41218925693795658.png,0,,216.44229236607603,-0.5503223857639288,213.2547,https://panoptes-uploads.zooniverse.org/subject_location/836414ad-99a4-461b-9d47-d8310c5bee59.png,0.0
41236509289902237.png,0,,222.41537530282736,-0.9677363057658797,214.56653,https://panoptes-uploads.zooniverse.org/subject_location/75b8f4c1-9098-4eef-bbbc-f0aed3558746.png,0.0
70408614359102180.png,0,,244.56393870990894,43.693519617220204,251.79071,https://panoptes-uploads.zooniverse.org/subject_location/5707b703-f7b5-477a-99b7-659d21f4d660.png,0.11109999999999999
69629902428602975.png,0,,247.52567694093636,42.98757653200378,228.81119,https://panoptes-uploads.zooniverse.org/subject_location/8c243822-9333-4ec9-a94f-dbff8f48ac33.png,0.0
69559950296239966.png,0,,215.0427466118206,43.10514032429828,243.03659,https://panoptes-uploads.zooniverse.org/subject_location/4b02e495-657e-4716-9149-631831017612.png,0.0
70360089818585294.png,0,,222.40714430795984,43.33966529059638,432.95734,https://panoptes-uploads.zooniverse.org/subject_location/31ecad33-f3f2-448c-af9f-5fc1b50146e1.png,0.0
