object_name,filename,object_type,redshift,matched_source,avg_score,ref_count,papers_used,literature_summary,why_notable,likely_visual_reason
NAME Knot in M87 Jet,4000715985116,PoG,,SIMBAD,26.333333333333332,499,2026A&A...705A.139S;2026ApJ..1006L..18P;2026ApJ...996L..22P;2026ApJ...997..151M;2026ApJ...998..129E;2026ApJ...999...19T;2026ApJ...999..169R;2026ApJ...999..215S,"The M87 jet is a well-studied relativistic outflow featuring several bright knots, most notably 'HST-1,' which has been monitored extensively by the Hubble Space Telescope and Chandra. These knots are sites of intense particle acceleration and synchrotron emission, exhibiting significant flux variability and superluminal proper motion. Research focuses on understanding the jet's internal structure, magnetic field configuration, and the mechanisms driving these flaring episodes.","These knots are scientifically significant because they allow for the direct observation of relativistic jet dynamics, including superluminal motion and shock-driven particle acceleration, providing critical tests for magnetohydrodynamic models of black hole outflows.","In Hubble images, the M87 jet appears as a striking, bright, collimated beam of light extending from the galaxy's core, with the knots appearing as distinct, high-intensity 'beads' or localized bright spots along this linear structure."
2MASS J07371703+6535579,4000746208966,HXB,,SIMBAD,0.0,344,2026ApJ...997..179D;2026A&A...706A..82B;2026ApJ..1000...18V;2026ApJ..1000...80H;2026A&A...707A.161C;2026A&A...709A.138H;2026ApJ..1002..123L;2025ApJ...978...35F,"The provided literature does not contain any information regarding the object 2MASS J07371703+6535579. The abstracts provided focus exclusively on supernova studies (SN 2023ixf, SN 2024ggi, SN 2022jli, SN 2004dj), gamma-ray emission in star-forming galaxies, and H.E.S.S. observations of composite galaxies. There is no mention of this specific 2MASS source in the provided text.","The literature provided offers no information on this object, so its scientific notability cannot be determined from the given context.",The literature provides no clue to the visual appearance of this object.
NGC  1806,4000956167013,GlC,,SIMBAD,0.0,165,2026A&A...705A..94N;2025MNRAS.541.1434C;2025AJ....170...92T;2024A&A...681A..42M;2024ApJ...969...21W;2024A&A...689A.162N;2024MNRAS.534.2499N;2024ApJ...976..191P,"NGC 1806 is a star cluster located in the Large Magellanic Cloud (LMC). It is frequently included in broader studies of Magellanic Cloud star clusters, particularly those investigating stellar populations, binary star fractions, and kinematic properties using Hubble Space Telescope data. Research involving this cluster often focuses on its role as an intermediate-age or massive cluster, contributing to our understanding of cluster dynamics and evolution within the LMC environment.","NGC 1806 is notable as a well-studied example of an intermediate-age massive star cluster in the LMC, serving as a key data point for comparative studies on binary star fractions, cluster mass, and stellar population dynamics.","The literature does not explicitly describe the visual appearance of NGC 1806 in a way that would explain a specific interest score, though as a dense, massive star cluster in the LMC, it likely presents as a compact, spherical, or slightly elliptical grouping of stars against the background of the LMC field."
IC 2810,4001075509873,G,0.03401268,NED,35.0,160,2025ApJ...983..178S;2025ApJ...981..194L;2024A&A...686A.223P;2024A&A...686A.151C;2024A&A...681A..16T;2023MNRAS.519.5149D;2023MNRAS.518.1022S;2023A&A...669A..87D,"IC 2810 is a galaxy that has been identified in studies of isolated galaxy mergers and interacting systems. It is frequently included in catalogs of merging galaxies, where it serves as a subject for analyzing multi-wavelength photometry, stellar masses, and star formation rates. Research involving IC 2810 often focuses on its role as a laboratory for understanding galaxy evolution in isolated environments and the morphological disturbances associated with merger stages.","IC 2810 is notable as a well-defined example of an isolated merging galaxy system, making it a valuable case study for isolating the effects of mergers on galaxy evolution without the complications of dense cluster environments.","The object's appearance in Hubble imagery likely caught the model's attention due to its clear morphological signatures of interaction, such as tidal tails, distorted spiral arms, or overlapping galactic components typical of a merging system."
NVSS J193222-040000,4000771102120,rG,,SIMBAD,45.333333333333336,122,2026A&A...705A..59R;2026ApJ...997..150F;2026ApJ...999...25R;2025MNRAS.538..426V;2025ApJ...988...17R;2025ApJ...991..166Z;2024MNRAS.531.2304V;2023A&A...669A..87D,"The provided literature does not contain any information regarding the specific object NVSS J193222-040000. The abstracts provided discuss general methodologies for studying infrared-luminous galaxies, AGN activity, and star formation, but do not reference this particular source.","As the provided literature does not mention this object, it is not possible to determine its specific scientific significance or why it might be considered notable based on these texts.",The provided literature offers no information regarding the visual appearance of this object.
SLACS SDSS J2300+0022,4001419089460,gLS,,SIMBAD,0.0,75,2025RAA....25f5015Y;2025MNRAS.541....1S;2024MNRAS.527.4183Z;2024MNRAS.52710480N;2024MNRAS.530.1474T;2024MNRAS.532.2248F;2024MNRAS.532.2441H;2024MNRAS.534.1077C,"SLACS SDSS J2300+0022 is a confirmed galaxy-galaxy strong lensing system identified as part of the Sloan Lens ACS (SLACS) survey. It is frequently included in statistical samples used to study the mass distribution of massive elliptical galaxies, the nature of dark matter, and the properties of subhaloes. Researchers utilize Hubble Space Telescope imaging of this and similar systems to constrain mass profiles, test gravitational theories, and refine automated lens modeling pipelines.","It is scientifically notable as a member of the SLACS sample, which serves as a critical laboratory for testing cosmological models, specifically regarding the distribution of dark matter versus baryonic matter in massive elliptical galaxies.","The object's appearance is characterized by the classic morphology of a strong gravitational lens, featuring a foreground massive elliptical galaxy that distorts the light of a background source into arcs or rings, which is the primary feature that attracts automated detection and analysis pipelines."
ESO 255-7,4000904587828,EmG,,SIMBAD,39.0,73,2026A&A...707A..68Y;2025ApJ...991..166Z;2025MNRAS.543.2463M;2023A&A...669A..87D;2023A&A...679A.131R;2022ApJS..258...29C;2022ApJS..259...37S;2022A&A...664A.158R,"The provided literature consists of broad studies of galaxy populations, including active galaxies, luminous infrared galaxies, and AGN catalogs, but does not contain specific information or analysis regarding ESO 255-7.","The provided abstracts do not mention this object specifically, so it is not possible to determine its scientific notability from the available text.",The literature provides no information regarding the visual appearance of this object.
SLACS SDSS J1250+0523,4001414973166,gLS,,SIMBAD,8.0,71,2026A&A...705A..13M;2026A&A...705A.150H;2025ApJ...990...51K;2025RAA....25f5015Y;2025MNRAS.541....1S;2025A&A...704A..63T;2024MNRAS.52710480N;2024MNRAS.530.1474T,"SLACS SDSS J1250+0523 is a member of the Sloan Lens ACS (SLACS) survey, a well-studied collection of massive elliptical galaxies that act as strong gravitational lenses. It is frequently utilized in large-scale statistical studies to investigate the mass distribution, dark matter profiles, and stellar kinematics of early-type galaxies. Research involving this object often focuses on refining cosmological parameters like the Hubble constant (H0) and testing gravitational theories by combining high-resolution Hubble Space Telescope imaging with spectroscopic velocity dispersion data.","It is scientifically notable as a high-quality gravitational lens used to calibrate the 'lensing-mass fundamental plane' and to constrain the mass-sheet degeneracy, which is critical for accurate time-delay cosmography.","The object's appearance in Hubble imaging likely features a prominent, massive elliptical foreground galaxy acting as a lens, surrounded by the distorted, arc-like images of a background galaxy, which is the hallmark of the SLACS lens sample."
[B56] C,4000715986106,PoG,,SIMBAD,48.333333333333336,70,2019ApJ...879....8S;2018A&A...612A.106S;2018A&A...612A.106S;2016ApJ...832....3A;2016ApJ...823...86A;2016ApJ...832....3A;2014ApJ...788L..19C;2010ApJ...721.1783N,"Knot C is a prominent feature within the kiloparsec-scale relativistic jet of the nearby radio galaxy M87. It has been extensively studied alongside other jet knots (such as HST-1, A, B, and D) to understand the physics of active galactic nuclei jets, including particle acceleration, magnetic field structures, and synchrotron emission. Research on Knot C often involves multi-wavelength spectral energy distribution (SED) modeling to determine the energy distribution of relativistic electrons and the role of magnetic fields in jet dynamics.","Knot C is notable as a distinct, high-energy emission component within one of the most famous and well-resolved astrophysical jets in the universe, serving as a laboratory for testing relativistic magnetohydrodynamic models.","The object is likely visually striking due to its appearance as a bright, distinct knot or 'blob' of emission within the highly collimated, prominent jet extending from the core of the giant elliptical galaxy M87."
Bol  37,4000843345411,GlC,,SIMBAD,0.0,67,2026A&A...709A.218M;2025AJ....169..174C;2021ApJ...907...18R;2021A&A...645A.115W;2021ApJ...912..112W;2021A&A...649A.138W;2019ApJ...879...69T;2017MNRAS.468.4513M,"Bol 37 is a globular cluster located in the galaxy M31 (Andromeda). The provided literature does not contain specific studies or detailed characterizations of Bol 37 itself, as the abstracts focus on broader surveys of M31's stellar populations, such as red supergiants, emission-line nebulae, and general star cluster catalogs. Consequently, there is no specific information available regarding its individual properties or scientific history within the provided text.",The provided abstracts do not contain information regarding why Bol 37 is scientifically notable.,The literature provides no information regarding the visual appearance of Bol 37.
2MASS J03285101+3118184,4001302773713,Or*,,SIMBAD,0.0,67,2025ApJS..276...22Y;2025AJ....169..155W;2025A&A...699A.145D;2025A&A...704A..36M;2024A&A...689A.267M;2023AJ....165...51R;2023ApJS..265...12Q;2023ApJS..265...12Q,"2MASS J03285101+3118184 is identified as a young stellar object (YSO). The provided literature focuses on broad surveys of YSO populations, accretion rates, and kinematics within the solar neighborhood, rather than specific, individual studies of this particular object. It is typical of the low-mass, pre-main-sequence stars studied in the context of star formation and protoplanetary disk evolution.",There is no specific literature indicating that this object is scientifically notable or unusual; it appears to be a standard member of the large populations of young stellar objects identified in recent Gaia and spectroscopic surveys.,The literature provides no information regarding the specific visual appearance of this object in Hubble imagery.
LEDA  166649,4000923602698,AGN,,SIMBAD,0.0,65,2026A&A...705A..59R;2025ApJ...988...17R;2025ApJ...988..185G;2024MNRAS.527.2963L;2024A&A...686A..48N;2023A&A...669A..87D;2023ApJ...943..168M;2023A&A...673A..13M,"The provided literature consists of broad surveys of active galactic nuclei (AGN), luminous infrared galaxies (LIRGs), and ultraluminous infrared galaxies (ULIRGs). None of the provided abstracts contain specific information or observations regarding LEDA 166649.","The provided literature does not contain specific information about this object, so it is not possible to determine why it is scientifically notable based on these texts.",The literature gives no clue to this object's visual appearance.
ESO  77-14,4000720423480,IG,,SIMBAD,44.0,59,2025ApJ...981..194L;2025ApJ...991..166Z;2025MNRAS.543.2463M;2022A&A...664A.158R;2021ApJS..257...35C;2020MNRAS.498.4790K;2019ApJ...870..104S;2018A&A...617A.130I,"ESO 77-14 is identified as a source within the IRAS Revised Bright Galaxy Sample (RBGS), a collection of dusty, infrared-luminous galaxies. Literature concerning this sample generally characterizes these objects as luminous infrared galaxies (LIRGs) or interacting/merging systems that exhibit high star formation rates. Studies of this population often focus on the interstellar medium properties, the infrared-radio correlation, and the evolutionary transition between starburst-dominated phases and active galactic nuclei (AGN) activity.","ESO 77-14 is scientifically notable as part of the IRAS Revised Bright Galaxy Sample, which serves as a critical laboratory for studying the physics of galaxy mergers, the triggering of starbursts, and the relationship between infrared luminosity and radio continuum emission.","Given its classification as an interacting galaxy (IG) and its inclusion in studies of merger sequences, the object likely exhibits a disturbed morphology, such as tidal tails, bridges, or a chaotic, multi-nucleated appearance characteristic of merging systems."
SLACS SDSS J1205+4910,4001415925883,gLS,,SIMBAD,50.0,56,2025RAA....25f5015Y;2024MNRAS.527.4183Z;2024MNRAS.52710480N;2024MNRAS.532.2441H;2024MNRAS.534.1077C;2023MNRAS.521.6005E;2022MNRAS.517.3275E;2021MNRAS.504.1340G,"SLACS SDSS J1205+4910 is identified as a member of the Sloan Lens ACS (SLACS) sample, a significant collection of galaxy-galaxy strong gravitational lenses observed with the Hubble Space Telescope. The provided literature focuses on the SLACS sample as a whole, utilizing it for statistical studies on dark matter subhalo detection, the mass density profiles of early-type galaxies, and the development of automated lens modeling techniques. Consequently, the available abstracts do not contain specific information or unique scientific findings pertaining to this individual object.","It is scientifically notable as part of the SLACS sample, which serves as a critical benchmark for testing dark matter models and understanding the mass distribution of early-type galaxies through strong gravitational lensing.","While the literature does not describe this specific object's appearance, as a strong lens, it likely features a foreground elliptical galaxy distorting a background source into a visible Einstein ring, arc, or multiple images."
NGC  6791  3003,4001449138395,RG*,,SIMBAD,0.0,54,2024AJ....167..208W;2023ApJS..266....4L;2023A&A...677A..21K;2022AJ....163..152S;2022ApJ...926..154S;2022ApJS..259...35A;2022ApJ...929...29G;2022AJ....163..229S,"NGC 6791 3003 is an individual star identified as a red giant, frequently studied within the context of large-scale galactic surveys like APOGEE and Kepler. It serves as a data point in broader investigations concerning stellar evolution, asteroseismology, and chemical abundance calibrations (such as [C/N]-age relationships). Research involving this object typically utilizes it as part of a larger sample to refine models of the Milky Way's chemical and structural history.","This object is notable primarily as a constituent of the well-studied, metal-rich open cluster NGC 6791, which is a key benchmark for testing stellar evolution models and galactic chemical enrichment.",The literature provides no specific information regarding the visual appearance of this individual star in a Hubble image; it is likely indistinguishable from other point-source stars in such fields.
ESO 320-14,4000807291374,AG?,,SIMBAD,0.0,49,2026ApJ..1005L..44L;2025A&A...695A.226T;2025AJ....169..247F;2025A&A...698A.208L;2023A&A...670A..92M;2023MNRAS.518.5893K;2021MNRAS.507.3246H;2020MNRAS.491.2506D,"The provided literature does not contain specific information regarding ESO 320-14. The papers discuss general studies of nearby dwarf galaxies, including their stellar metallicity gradients, gas-phase metallicity, baryonic feedback, and nucleation fractions, as well as broader surveys of stellar populations and machine learning applications in astronomy. ESO 320-14 is not mentioned in any of the provided abstracts.",There is no information in the provided literature to suggest that this object is scientifically notable.,The literature provides no information regarding the visual appearance of this object.
IC 2810B,4001075509423,rG,,SIMBAD,34.0,46,2025ApJ...981..194L;2025ApJ...983..178S;2024A&A...686A.223P;2023MNRAS.519.5149D;2023ApJS..268...17K;2023ApJS..269....3M;2022ApJS..259...37S;2020ApJ...892...18K,"The provided literature does not contain specific information or studies regarding IC 2810B. The papers discuss broad astronomical topics such as quasar evolution, circumgalactic medium anisotropies, X-ray emission in galaxies, dual AGN, and galaxy catalogs, but none of these excerpts mention this specific object.",There is no information in the provided literature to suggest why this object is scientifically notable.,The literature provides no clue to the visual appearance of this object.
Bol  42,4000771725830,GlC,,SIMBAD,0.0,46,2026A&A...709A.218M;2025AJ....169..174C;2021A&A...645A.115W;2019ApJ...879...69T;2016ApJ...824...42C;2016AJ....152...45C;2015AJ....149...56M;2015RAA....15.1392C,"Bol 42 is a globular cluster located in the Andromeda Galaxy (M31), cataloged as part of the Bologna catalog of M31 globular clusters. It has been included in various spectroscopic and photometric surveys of M31's star cluster system, which aim to characterize the metallicity, age, and kinematics of the galaxy's halo and disk populations. Studies involving Bol 42 typically utilize it as a data point to understand the formation history and chemical evolution of the M31 globular cluster system.","It is notable primarily as a confirmed member of the extensive globular cluster system of M31, serving as a tracer for the galaxy's structural and chemical evolution.","The literature does not provide specific details on the visual appearance of Bol 42, but as a globular cluster, it likely appears as a compact, dense, and roughly spherical grouping of stars in high-resolution imaging."
ESO  60-16,4000736487611,G,,SIMBAD,33.0,45,2025ApJ...981..194L;2025ApJ...991..166Z;2022A&A...664A.158R;2021MNRAS.506.5935R;2021ApJS..257...35C;2018A&A...617A.130I;2018Natur.563..214K;2018AJ....156..295P,"ESO 60-16 is identified as a galaxy within the IRAS Revised Bright Galaxy Sample (RBGS), a collection of dusty, star-forming galaxies. It is frequently studied in the context of the Great Observatories All-sky LIRG Survey (GOALS), which investigates the properties of Luminous Infrared Galaxies (LIRGs). Research on this population focuses on the interplay between star formation, active galactic nuclei (AGN) activity, and the merger-driven evolution of galaxies, particularly regarding how gas and dust obscure central black holes.","It is notable as a member of the RBGS and GOALS samples, which are critical for understanding the late stages of galaxy mergers and the mechanisms that fuel supermassive black holes in dusty, infrared-luminous environments.","The literature does not provide specific details on the visual appearance of ESO 60-16, but as a LIRG/merger, it likely exhibits complex, disturbed morphology, such as tidal tails or multiple nuclei, which are characteristic of this class of objects."
Bol 180,4001209438435,GlC,,SIMBAD,0.0,44,2025AJ....169..174C;2022ApJS..259...35A;2021A&A...645A.115W;2021AJ....161..167A;2019ApJ...879...69T;2016ApJ...824...42C;2016AJ....152...45C;2015AJ....149...56M,"Bol 180 is a globular cluster located in the Andromeda Galaxy (M31). It is frequently included in large-scale spectroscopic and photometric surveys of M31's star cluster system, such as those conducted by LAMOST, which aim to determine the ages, metallicities, and masses of these clusters to better understand the formation and evolution of M31. The literature treats it as a data point within these broader catalogs rather than the subject of an individual, dedicated study.","Bol 180 is notable primarily as a constituent member of the M31 globular cluster system, which serves as a critical laboratory for studying the chemodynamical history and assembly of the Andromeda galaxy.","The literature does not provide specific details regarding the visual appearance of Bol 180 in Hubble imagery; it is likely identified in such images as a compact, point-like or slightly extended source characteristic of a globular cluster."
NGC  6090E,4001151364346,AGN,,SIMBAD,30.666666666666668,43,2024A&A...682A.174M;2023A&A...669A..87D;2023ApJS..266...15M;2022ApJ...935..170A;2022A&A...666A.186D;2021ApJ...914..121A;2021A&A...655A..17S;2020ApJ...890L..12D,"The provided abstracts do not contain specific information regarding the object NGC 6090E. While the literature discusses general topics such as Markarian galaxies, compact obscured nuclei, Lyα emission in star-forming galaxies, and supermassive black hole binaries, none of these excerpts mention this specific object. Consequently, there is no information available in the provided text to synthesize a summary of its properties or scientific context.",The provided literature does not contain information on why this specific object is notable.,The provided literature gives no clue to the visual appearance of this object.
Bol 298,4001163931268,GlC,,SIMBAD,0.0,43,2023MNRAS.518.5778L;2019ApJ...879...69T;2018AstBu..73..318S;2016ApJ...824...42C;2016AJ....152...45C;2016AJ....152..208F;2015RAA....15.1392C;2012AJ....143..132W,"Bol 298, also known as MGC6, is a globular cluster located in the vicinity of the Andromeda Galaxy (M31). It has been studied using medium-resolution integrated-light spectroscopy to determine its fundamental stellar population parameters, including age, metallicity, helium content, and detailed chemical abundances. These analyses are part of broader efforts to compare the globular cluster systems of M31 and the Milky Way to better understand galactic formation and evolution.",It is scientifically notable as a target for detailed chemical abundance studies that help characterize the M31 globular cluster system and provide comparative data against Galactic globular clusters.,"The provided literature does not describe the specific visual appearance of this object, which is a standard globular cluster."
[VV2006] J095917.2+015019,4000982309764,QSO,,SIMBAD,12.0,41,2023ApJS..268...34D;2023ApJS..268...34D;2022ApJS..258...11W;2022ApJS..258...11W;2022ApJ...925...34C;2022ApJ...925...34C;2022A&A...664A.117D;2020ApJ...888...78S,"The object [VV2006] J095917.2+015019 is identified as a QSO within the COSMOS field. It is included in large-scale astronomical catalogs, such as COSMOS2020 and COSMOS-DASH, which characterize the photometric and structural properties of galaxies and AGN across wide fields. The provided literature does not contain specific, individual studies for this object, as it is treated as one of many sources in large statistical samples used to study galaxy evolution.","This object is notable as a representative member of the COSMOS survey datasets, which are critical for studying the co-evolution of supermassive black holes and their host galaxies. It is not individually highlighted as an anomaly or a specific target of interest in the provided abstracts.","The literature provides no specific information regarding the visual appearance of this object. As a QSO, it likely appears as a point-like, high-luminosity source, which is a common feature that often attracts attention in image-scoring models."
ACS-GC 20101989,4000859157713,rG,,SIMBAD,0.0,41,2024A&A...689A.327W;2023A&A...673A..67G;2022ApJ...925...34C;2022ApJ...925...34C;2022A&A...664A.117D;2021ApJ...913..103D;2021ApJS..256...44V;2021ApJ...923...11V,"ACS-GC 20101989 is an object identified within the COSMOS field, appearing in large-scale structural and spectroscopic catalogs such as the COSMOS-DASH survey and the LEGA-C survey. These surveys utilize Hubble Space Telescope imaging to measure structural parameters like Sérsic indices and sizes for thousands of galaxies, or to provide structural priors for stellar dynamical modeling. The literature does not discuss ACS-GC 20101989 as an individual target of study, but rather as a data point within these broader statistical samples of galaxies at intermediate redshifts.","The object is not individually notable in the provided literature; it is part of a large statistical ensemble used to study galaxy evolution, structural scaling relations, and the fundamental plane of galaxies.","The literature provides no specific information regarding the visual appearance of this object, as it is only mentioned as a catalog entry within large survey datasets."
COSMOS2015 483580,4001181021246,G,,SIMBAD,44.0,38,2024ApJ...961..118K;2024ApJ...974..305W;2022ApJ...925...34C;2022ApJ...925...34C;2022ApJS..259...37S;2022ApJ...925...34C;2021ApJ...913..103D;2021ApJS..256...44V,"COSMOS2015 483580 is a galaxy identified within the COSMOS field, frequently included in large-scale statistical surveys such as LEGA-C and COSMOS-DASH. These studies utilize the object as part of a broader sample to analyze galaxy evolution, structural properties, and star formation histories at intermediate redshifts (z ~ 0.6–1.0). There is no literature available that discusses this specific object as an individual target of interest; it is treated strictly as a data point within massive galaxy population studies.","This object is not individually notable in the provided literature; it is significant only as a member of large, K-band selected galaxy catalogs used to benchmark galaxy evolution models.","The provided literature does not contain specific information regarding the visual appearance of this object, so it is not possible to speculate on why it might have caught an image-scoring model's attention."
[NLA2015] aegis 544,4000771105456,AGN,,SIMBAD,37.0,37,2026AJ....171..191M;2025MNRAS.544.4505L;2025ApJ...980..230T;2025ApJS..281...49T;2024MNRAS.533.3937M;2023ApJ...944...78N;2022A&A...667A..30V;2022ApJ...928..169F,"The provided literature does not contain specific information regarding the object '[NLA2015] aegis 544'. The search results focus on unrelated topics such as JWST observations of brown dwarfs, AGN torus evolution at cosmic noon, and star formation efficiency in distant galaxies. Consequently, there is no available literature to synthesize regarding this specific object.","The literature provided does not mention this object, so its scientific notability cannot be determined from the given sources.",The literature gives no clue to the visual appearance of this object.
Bol 141,4001099505161,GlC,,SIMBAD,0.0,37,2025AJ....169..174C;2022ApJS..259...35A;2021A&A...645A.115W;2019ApJ...879...69T;2016ApJ...824...42C;2016AJ....152...45C;2015AJ....149...56M;2015RAA....15.1392C,"Bol 141 is a globular cluster located in the Andromeda Galaxy (M31). It is frequently included in large-scale spectroscopic and photometric surveys of M31's star cluster system, such as those conducted by LAMOST, which aim to characterize the ages, metallicities, and masses of these objects to better understand the formation and evolution of the M31 galaxy. Studies involving Bol 141 typically treat it as a data point within these broader catalogs rather than the subject of individual, dedicated research.","Bol 141 is notable primarily as a confirmed member of the extensive globular cluster system of M31, serving as a tracer for the galaxy's structural and chemical evolution.","The literature does not provide specific details regarding the unique visual appearance of Bol 141; it is likely identified in images simply as a compact, point-like or slightly extended stellar concentration typical of globular clusters in M31."
Cl* Westerlund    1      W      28,4001450293999,s*b,,SIMBAD,0.0,35,2026A&A...708A.209C;2024A&A...682A..49G;2024A&A...682A..49G;2023A&A...674A..15L;2022A&A...664A.146N;2022MNRAS.516.1289N;2022A&A...664A.146N;2022MNRAS.516.1289N,"Westerlund 1 (Wd1) is one of the most massive and youngest star clusters in the Milky Way, serving as a critical laboratory for studying high-mass stellar evolution. It contains a dense population of massive stars, including numerous OB stars and red supergiants, and has been the subject of extensive spectroscopic and X-ray surveys to determine its distance, age, and star-formation history. Recent studies have utilized Gaia data and multi-epoch spectroscopy to refine its distance to approximately 4.0-4.2 kpc and investigate its complex, potentially non-monolithic star-formation history.","Westerlund 1 is scientifically notable for being the most massive young stellar cluster in the Milky Way, providing a unique environment to observe the feedback and gravitational interactions of massive stars in a dense, starburst-like setting.","The literature does not provide specific details on the visual appearance of the individual star 'W 28' in a Hubble image, though the cluster itself is a dense, crowded field of massive stars often obscured by high foreground extinction."
[DAC2007] C6,4001272716059,Cl*,,SIMBAD,8.0,34,2017MNRAS.465.3461Z;2017MNRAS.465.3461Z;2017MNRAS.465.3461Z;2011ApJ...731...92R;2011ApJ...731...92R;2011ApJ...731...92R;2011ApJ...731...92R;2011ApJ...731...92R,"The provided literature does not contain specific information regarding the object '[DAC2007] C6'. The abstracts provided discuss unrelated topics, such as the kinematics of ionized and molecular gas in luminous infrared interacting galaxies and the unification model for Active Galactic Nuclei (AGN) in Seyfert galaxies. Consequently, there is no scientific consensus or description available for this specific object in the provided text.",The scientific significance of this object cannot be determined from the provided literature.,The literature provides no information regarding the visual appearance of this object.
ACS-GC 20042925,4000955139438,rG,,SIMBAD,0.0,34,2024ApJ...961..118K;2023A&A...673A..67G;2022ApJ...925...34C;2022ApJ...928..126S;2022A&A...664A.117D;2022ApJS..258...11W;2021ApJ...913..103D;2021ApJS..256...44V,"ACS-GC 20042925 is an entry in the COSMOS galaxy catalogs, which are used extensively in large-scale extragalactic surveys like LEGA-C, COSMOS-DASH, and COSMOS2020. These surveys utilize the COSMOS field to study the evolution of massive galaxies, star formation histories, and AGN activity at redshifts between 0.6 and 1.0. The object is part of a large dataset of galaxies used to analyze structural properties, dynamical masses, and stellar populations, rather than being the subject of an individual, targeted study.",This object is not individually notable in the provided literature; it is one of thousands of galaxies included in statistical samples used to characterize the broader galaxy population in the COSMOS field.,"The literature provides no specific information regarding the visual appearance of this object, as it is only mentioned as a data point within large-scale survey catalogs."
1RXS J172759.7+542146,4000723830874,Sy1,,SIMBAD,0.0,34,2024ApJ...963...30L;2022ApJS..259...37S;2021MNRAS.500.2871S;2020ApJ...897..111Z;2019MNRAS.487.1823L;2019ApJS..243...21L;2018AJ....155...17C;2018ApJS..235...40L,"1RXS J172759.7+542146 is classified as a Seyfert 1 galaxy, a type of active galactic nucleus characterized by broad emission lines in its optical spectrum. While it appears in large-scale statistical surveys of AGN populations—such as those analyzing SDSS DR7 data for broad-line AGN samples—there is no specific literature dedicated to the individual properties or unique characteristics of this object. It is generally studied only as a data point within broader catalogs of accreting supermassive black holes.",This object is not individually notable in the provided literature; it is simply one of many Seyfert 1 galaxies included in large-scale spectroscopic surveys used to study AGN demographics and black hole mass scaling relations.,"The literature provides no specific information regarding the visual appearance of this object, so it is unclear what features might have attracted the attention of an image-scoring model."
SDSS J100012.43+014057.8,4000972701959,QSO,,SIMBAD,31.0,33,2022ApJ...925...34C;2022ApJS..258...11W;2020ApJ...888...78S;2020ApJ...894...24K;2020ApJS..250....8L;2019ApJ...878...11Z;2018ApJS..239...22S;2017A&A...597A..79P,"SDSS J100012.43+014057.8 is a quasar identified within the Sloan Digital Sky Survey (SDSS) and COSMOS field datasets. It is included in large-scale catalogs used for statistical studies of active galactic nuclei (AGN), such as investigations into host galaxy properties, star formation rates, and AGN variability. There is no specific literature dedicated to this individual object, as it serves as one data point among many in broader extragalactic surveys.","This object is not individually notable in the provided literature; it is scientifically significant primarily as a member of large, uniform samples used to constrain models of galaxy evolution and AGN physics.",The provided literature does not contain information regarding the specific visual appearance of this object in Hubble imagery.
2MASS J09563645+6900280,4000838912058,QSO,,SIMBAD,13.0,32,2023MNRAS.524.1909J;2023ApJ...947...31H;2022A&A...657A.138T;2022ApJ...931..154R;2022A&A...657A.138T;2021MNRAS.505.1954Z;2020MNRAS.492..719T;2020ApJS..249...17R,"The provided literature does not contain specific information regarding the object 2MASS J09563645+6900280. The papers provided discuss general quasar populations, X-ray binary classification, and large-scale quasar catalogs (such as SDSS DR14), but they do not mention this specific identifier.",There is no information in the provided literature to suggest this object is scientifically notable or unusual.,"The literature provides no information regarding the appearance of this object, so it is impossible to speculate on what features might have caught the attention of an image-scoring model."
Cl* Westerlund    1      W       6a,4001450295566,s*b,,SIMBAD,0.0,32,2026A&A...708A.209C;2024A&A...682A..49G;2022A&A...660A..89R;2022A&A...664A.146N;2022MNRAS.516.1289N;2022A&A...660A..89R;2022A&A...664A.146N;2022MNRAS.516.1289N,"Westerlund 1 (Wd1) is one of the most massive and youngest star clusters in the Milky Way, serving as a critical laboratory for studying high-mass star evolution. It contains a dense population of massive stars, including numerous Wolf-Rayet stars and red supergiants, and has been the subject of extensive multi-wavelength surveys to determine its distance, age, and binary fraction. Recent studies have utilized Gaia astrometry, VLT spectroscopy, and Chandra X-ray data to characterize the cluster's members and resolve ongoing debates regarding its age and star-formation history.","Westerlund 1 is scientifically notable for being the most massive young star cluster in the Milky Way, providing a unique environment to observe the feedback and evolution of massive stars in a dense, starburst-like setting.","The literature does not provide specific details regarding the visual appearance of the individual star W 6a in Hubble imagery, though the cluster itself is known for its high density of massive, luminous stars and significant foreground extinction."
ACS-GC 12007926,4000969600118,Sy2,,SIMBAD,0.0,32,2026A&A...709A.234N;2021A&A...647A..89N;2020ApJ...888...78S;2019A&A...631A...9B;2015MNRAS.454.1332S;2013ApJS..204...21M;2013MNRAS.429.3449R;2012ApJS..202....6G,"ACS-GC 12007926 is identified as a Seyfert 2 (Sy2) galaxy, a type of active galactic nucleus (AGN) characterized by narrow emission lines in its optical spectrum. It is included in the Advanced Camera for Surveys Active Galactic Nuclei (ACS-AGN) catalog, which compiles host galaxies imaged by the Hubble Space Telescope to study the relationship between AGN activity, star formation, and host galaxy properties. Research involving this catalog typically examines correlations between AGN luminosity, stellar mass, and star formation rates to understand the co-evolution of supermassive black holes and their host galaxies.","This object is notable as part of a large, systematically studied sample of AGN host galaxies, which allows astronomers to statistically analyze the feedback mechanisms between nuclear activity and star formation across cosmic time.","The literature does not provide specific details regarding the visual appearance of this individual object, though it is part of a catalog of HST-imaged galaxies selected for morphological study."
ACS-GC 20158217,4001173091568,Sy1,,SIMBAD,33.0,31,2024ApJ...961..118K;2023ApJS..268...34D;2022ApJS..258...11W;2022ApJ...925...34C;2022ApJ...925...34C;2022A&A...664A.117D;2021ApJS..256...44V;2020ApJ...888...78S,"ACS-GC 20158217 is identified as a Seyfert 1 (Sy1) galaxy within the Advanced Camera for Surveys Active Galactic Nuclei (ACS-AGN) catalog. It is part of a broader sample of AGN host galaxies studied to understand the correlations between star formation rates, AGN luminosity, and host galaxy properties like stellar mass. Research using this catalog suggests that AGN host galaxies often lie below the star-forming main sequence, potentially indicating negative feedback processes that suppress star formation.","This object is notable as a specific example of an active galactic nucleus (AGN) host galaxy used to investigate the co-evolution of supermassive black holes and their host galaxies, particularly regarding the link between stellar mass growth and AGN activity.","The literature does not provide specific details regarding the visual appearance of this individual object; however, as a Seyfert 1 galaxy, it likely exhibits a bright, point-like nuclear source characteristic of an unobscured AGN, which would be a prominent feature in Hubble imaging."
2MASS J16470892-4549585,4001450299919,s*r,,SIMBAD,0.0,30,2026A&A...708A.209C;2025A&A...693A.120G;2024A&A...682A..49G;2023A&A...674A..15L;2022A&A...660A..89R;2022A&A...664A.146N;2022MNRAS.516.1289N;2022MNRAS.517.3749R,"2MASS J16470892-4549585 is a stellar object located within the field of Westerlund 1, one of the most massive young star clusters in the Milky Way. The provided literature focuses extensively on the characterization of Westerlund 1 as a whole, including its distance, age, and population of massive stars, rather than detailing this specific individual source. The cluster is a critical laboratory for studying high-mass star evolution, binary systems, and star formation history, but specific information regarding this individual 2MASS source is not explicitly detailed in the provided abstracts.","This object is notable primarily for its association with the Westerlund 1 supermassive star cluster, a region of intense star formation and high-mass stellar evolution that serves as a benchmark for understanding massive star populations in the Galaxy.",The literature provides no specific information regarding the visual appearance of this individual object in Hubble imagery.
ACS-GC 20054778,4001195841023,Sy2,,SIMBAD,0.0,30,2026A&A...705A.209L;2022ApJS..258...11W;2022ApJ...925...34C;2021ApJ...909...56L;2021A&A...654A.165V;2020ApJ...888...78S;2020A&A...641A.155V;2019ApJ...878...11Z,"ACS-GC 20054778 is identified as a Seyfert 2 (Sy2) galaxy within the COSMOS field. It is included in the Advanced Camera for Surveys Active Galactic Nuclei (ACS-AGN) catalog, which characterizes the host galaxies of AGN across a wide redshift range (0.2 < z < 2.5). The literature regarding this specific object primarily focuses on its inclusion in large-scale statistical studies of AGN host galaxy properties, such as star formation rates, stellar mass, and the relationship between AGN activity and host galaxy evolution.","This object is notable as a representative member of the Seyfert 2 population within the COSMOS survey, serving as a data point in studies investigating the co-evolution of supermassive black holes and their host galaxies.","The literature does not provide specific details regarding the visual appearance of this object in Hubble images, other than its classification as an AGN host galaxy within the ACS-GC catalog."
Cl* Westerlund    1      W      20,4001450284634,s*r,,SIMBAD,0.0,30,2026A&A...708A.209C;2025A&A...693A.120G;2025A&A...700A..60L;2024A&A...682A..49G;2023A&A...674A..15L;2022A&A...664A.146N;2022MNRAS.516.1289N;2022MNRAS.517.3749R,"Westerlund 1 (Wd1) is the most massive known young stellar cluster in the Milky Way, serving as a critical laboratory for studying massive star evolution and star formation in extreme environments. It is characterized by a dense population of massive stars, including numerous OB stars, red supergiants, and Wolf-Rayet stars, and is subject to significant foreground extinction. Recent studies using JWST and Chandra have mapped its stellar population down to the brown dwarf regime, investigated its complex nebular emission, and refined its age and distance estimates, which suggest a complex, multi-episode star formation history rather than a single burst.","Westerlund 1 is scientifically notable as the closest supermassive star cluster to the Sun, making it the premier benchmark for understanding the feedback mechanisms, stellar evolution, and star-planet formation processes within high-density, starburst-like environments.","The image likely caught the model's attention due to the cluster's high stellar density and the presence of extensive, complex nebular emission features revealed by recent high-resolution infrared imaging."
ACS-GC 20103640,4001064386804,rG,,SIMBAD,34.0,29,2024ApJ...961..118K;2024A&A...690A.150B;2022ApJ...925...34C;2021ApJS..256...44V;2020ApJ...888...78S;2019ApJ...878...11Z;2019A&A...627A.142V;2017ApJ...841..102S,"ACS-GC 20103640 is an entry within the Advanced Camera for Surveys General Catalog (ACS-GC), which serves as a foundational dataset for large-scale extragalactic surveys in the COSMOS field. The provided literature utilizes this catalog to assemble samples for statistical studies regarding galaxy evolution, such as AGN host galaxy properties, star formation histories, and structural parameters. There is no specific information or individual analysis provided for this object in the literature, as the studies focus on aggregate population trends rather than individual sources.",There is no evidence in the provided literature that this object is scientifically notable; it appears to be a standard galaxy included in large statistical samples.,The literature provides no clue to the visual appearance of this specific object.
[HTF2008] H27,4001115426427,GlC,,SIMBAD,0.0,29,2026AJ....171..242G;2025AJ....169..174C;2022MNRAS.512.4819S;2021A&A...645A.115W;2021ApJ...910...92T;2019A&A...623A..65W;2018ApJ...868...55M;2016ApJ...824...42C,"The object [HTF2008] H27 is identified as a globular cluster located within the halo of the Andromeda Galaxy (M31). It is part of the broader population of star clusters in M31 that have been systematically studied to understand the galaxy's formation, accretion history, and stellar halo structure. Research involving such clusters typically focuses on deriving physical parameters like age, metallicity, and mass to trace the chemodynamical evolution of the M31 system.","It is notable primarily as a data point in large-scale surveys of M31's globular cluster system, which are used to map the hierarchical assembly and merger history of the Andromeda galaxy.","The literature does not provide specific details regarding the visual appearance of this individual cluster, so it is not possible to speculate on why it might have caught an image-scoring model's attention."
Bol  41,4000843335432,*,,SIMBAD,0.0,29,2015AJ....149...56M;2015AJ....149..132B;2014AJ....148....4W;2013ApJ...769...10J;2012ApJS..199...37K;2011AJ....142....8S;2011AJ....142..199B;2010MNRAS.402..803P,"Bol 41 is a globular cluster located in the Andromeda Galaxy (M31) and is included in the Revised Bologna Catalog (RBC). It is part of a large population of star clusters that have been the subject of extensive photometric and spectroscopic surveys to determine their ages, metallicities, and masses. These studies generally aim to understand the formation history of M31 by analyzing the statistical properties of its globular cluster system.","Bol 41 is not individually scientifically notable in the provided literature; rather, it is significant as a data point within the larger M31 globular cluster system used for statistical analysis.","The literature does not describe the specific visual appearance of Bol 41, though as a globular cluster, it would likely appear as a small, dense, and slightly fuzzy point-like source in high-resolution imaging."
2MASS J03285514+3116247,4001302773940,Y*O,,SIMBAD,0.0,29,2025ApJS..276...22Y;2025A&A...699A.145D;2023AJ....165...51R;2023ApJS..265...12Q;2022AJ....163..152S;2022ApJS..259...35A;2022ApJS..262....7H;2021A&A...647A..19T,"The provided literature consists of broad surveys concerning the kinematics, accretion rates, and distribution of Young Stellar Objects (YSOs) and open clusters within the Milky Way. None of the provided abstracts mention 2MASS J03285514+3116247 specifically. Therefore, there is no specific information available in the provided text to synthesize regarding this object's properties or research history.","The provided literature does not contain specific information about this object, so it is not possible to identify any scientifically notable or unusual characteristics.","The literature provides no information regarding the visual appearance of this object, making it impossible to speculate on why an image-scoring model might have flagged it."
Cl* NGC 6752    SAW V25,4001199365703,CV*,,SIMBAD,0.0,29,2024ApJ...964L..20R;2024ApJ...964L..20R;2023A&A...677A..86L;2021MNRAS.508.2823C;2021MNRAS.508.2823C;2018MNRAS.475.4841R;2018MNRAS.475.4841R;2018MNRAS.480.4782L,"NGC 6752 is a nearby, core-collapsed globular cluster that has been extensively studied for its stellar populations and compact binary content. Researchers have utilized Hubble Space Telescope photometry and Chandra X-ray observations to identify numerous exotic objects within the cluster, including cataclysmic variables (CVs), chromospherically active binaries, and millisecond pulsars. Recent studies have also focused on characterizing the blue horizontal branch stars in its core using MUSE spectroscopy and HST data to understand their atmospheric properties and helium abundances.","NGC 6752 is scientifically notable as a core-collapsed globular cluster that serves as a laboratory for studying the dynamical formation of compact binaries, particularly cataclysmic variables. It has also been detected as a gamma-ray source, suggesting complex high-energy processes occurring within the cluster, potentially linked to its population of millisecond pulsars or unresolved X-ray sources.","The literature does not provide a specific clue regarding a unique visual feature in a single Hubble image that would trigger an interest score, though the cluster's dense, core-collapsed nature and the high concentration of resolved stars typical of such globular clusters are standard features in Hubble imagery."
SN 2003fi,4000756163803,SN*,,SIMBAD,37.0,28,2022PASA...39...46C;2022A&A...668A..34H;2020ApJ...902...14S;2018ApJ...854...24K;2018ApJ...859..101S;2018A&A...615A..68R;2015ApJ...803...20M;2014A&A...568A..22B,"SN 2003fi is a Type Ia supernova that appears in large cosmological datasets, such as the Pantheon sample, which are used to study the expansion of the universe and dark energy. It is primarily cited as a data point within these massive compilations of supernovae used to calibrate distance measurements and refine cosmological parameters like the Hubble constant and matter density. The literature does not discuss SN 2003fi as an individual object of study, but rather as one of many standardized candles contributing to statistical analyses of supernova light curves and host galaxy environments.",SN 2003fi is not individually notable in the literature; its scientific value lies entirely in its inclusion as a standardized data point within large-scale cosmological surveys.,"The literature provides no information regarding the specific visual appearance of SN 2003fi. Its appearance in an image-scoring model is likely due to its classification as a supernova within a galaxy, which often presents as a bright, point-like transient source superimposed on a host galaxy."
ACS-GC 20133828,4000778985424,AGN,,SIMBAD,9.0,28,2022ApJ...925...34C;2022ApJS..258...11W;2022ApJ...925...34C;2022ApJ...925...34C;2020ApJ...888...78S;2020ApJ...888...78S;2019ApJ...878...11Z;2016ApJ...817...34M,"ACS-GC 20133828 is identified as an active galactic nucleus (AGN) host galaxy within the COSMOS field. It is part of the Advanced Camera for Surveys Active Galactic Nuclei (ACS-AGN) catalog, which includes thousands of AGN host galaxies studied to understand the correlations between star formation, stellar mass, and supermassive black hole growth. Research using this catalog suggests that AGN host galaxies often lie below the star-forming main sequence, potentially indicating negative feedback processes.","This object is notable as a data point in large-scale statistical studies of AGN host galaxies, which help clarify the co-evolution of supermassive black holes and their host galaxies across cosmic time.","The provided literature does not contain specific information regarding the visual appearance of this individual object, as the papers focus on large-scale statistical catalogs and survey properties rather than individual morphology."
BMB-B  30,4001026915248,C*,,SIMBAD,0.0,28,2023A&A...674A..15L;2022A&A...660A..34V;2022A&A...661A..50V;2021A&A...656A..66T;2020A&A...634A.133G;2019A&A...625A..40A;2019A&A...627A.138A;2018A&A...618A..58M,"BMB-B 30 is identified in astronomical catalogs as a carbon star (C-star). The provided literature discusses the general classification and study of carbon stars and long-period variables (LPVs) within the context of large-scale surveys like Gaia and spectral libraries like X-shooter. These studies focus on the evolutionary stages of AGB stars, their variability, and their chemical properties, such as fluorine abundance, rather than providing specific, unique details about BMB-B 30 itself.","This object is notable primarily as a representative member of the carbon star class, which are evolved, cool, luminous stars characterized by an atmosphere rich in carbon, often studied to understand stellar evolution and nucleosynthesis.",The literature provides no specific information regarding the visual appearance of BMB-B 30 in Hubble imagery.
COSMOS2015 345018,4001190464984,rG,,SIMBAD,32.0,27,2022ApJS..258...11W;2022ApJ...925...34C;2022ApJS..259...37S;2019A&A...621A.139T;2019MNRAS.487.1823L;2018ApJ...858...77H;2018ApJ...862L..22C;2018MNRAS.478.3848M,"COSMOS2015 345018 is an object identified within the COSMOS field, a region extensively studied by large-scale multi-wavelength surveys such as COSMOS2020, COSMOS-DASH, and the VLA-COSMOS 3 GHz project. The literature provided consists of broad survey papers describing the cataloging, photometric redshift estimation, and morphological analysis of millions of sources in this field, rather than specific studies of this individual object. Consequently, there is no specific information available regarding the unique physical properties or nature of this particular source.",This object is not explicitly discussed as a notable or unusual source in the provided literature; it appears to be a standard entry within the large-scale COSMOS photometric catalogs.,"The provided literature does not contain specific information regarding the visual appearance of this object, so it is not possible to speculate on why it might have attracted attention."
2MASS J09575945+0228109,4000769823052,Sy2,,SIMBAD,12.0,27,2024A&A...686A.223P;2023ApJS..268...17K;2022MNRAS.509.3966W;2022ApJ...925...34C;2022ApJ...925...70Z;2022MNRAS.514.5506D;2021MNRAS.501.1370D;2021ApJ...919..134S,"The provided literature does not contain specific information regarding 2MASS J09575945+0228109. The object is classified as a Seyfert 2 galaxy, a type of active galactic nucleus (AGN) characterized by narrow emission lines in its optical spectrum, which are typically studied in the context of broader surveys investigating nuclear activity, chemical abundances, and the ionization mechanisms (such as photoionization and shocks) within narrow-line regions.",There is no specific literature available to determine why this particular object is scientifically notable beyond its classification as a Seyfert 2 galaxy.,The literature provides no specific information regarding the visual appearance of this object.
COSMOS2015 471878,4000882410946,BiC,,SIMBAD,12.0,27,2024ApJ...961..118K;2024A&A...690A.150B;2022ApJS..258...11W;2022ApJ...925...34C;2022ApJS..258...11W;2022ApJ...925...34C;2021ApJS..256...44V;2021ApJ...923...11V,"COSMOS2015 471878 is an entry in the COSMOS2015 photometric catalog, which serves as a foundational dataset for extragalactic studies in the COSMOS field. While the specific object is not individually characterized in the provided abstracts, it belongs to a population of galaxies frequently studied within large-scale surveys like LEGA-C and COSMOS-DASH. These surveys utilize such catalog entries to investigate galaxy evolution, star formation histories, and structural properties of galaxies at intermediate redshifts (0.6 < z < 1.0).","This object is notable primarily as a data point within the high-precision COSMOS2015 and COSMOS2020 catalogs, which are essential for large-scale statistical analyses of galaxy evolution rather than individual study.",The literature provides no specific information regarding the visual appearance of this individual object; its inclusion in an image-scoring model likely stems from its presence in high-resolution HST imaging used for structural parameter measurements in the COSMOS field.
ClG J0847+3449,4000713397660,ClG,,SIMBAD,2.0,27,2024A&A...688A.219C;2022MNRAS.513.3013Y;2021A&A...649A..42C;2021MNRAS.507.4487G;2017MNRAS.468.3322S;2015MNRAS.450.3665S;2014A&A...561A.112G;2014ApJ...783...80R,"The provided literature does not contain specific information regarding ClG J0847+3449. While the object is identified as a galaxy cluster, the provided abstracts focus on large-scale surveys, statistical samples, and general methodologies for studying galaxy clusters rather than individual object analysis.",The provided literature does not specify any unique or notable scientific properties for this specific object.,The provided literature gives no clue as to the object's visual appearance.
ACS-GC 20018586,4000944507228,Sy1,,SIMBAD,23.0,26,2022ApJ...925...34C;2020ApJ...888...44C;2020ApJ...888...78S;2019ApJ...878...11Z;2017A&A...602A.123L;2016ApJ...817...34M;2016ApJ...819...62C;2016ApJ...820...83S,"ACS-GC 20018586 is a Seyfert 1 galaxy identified within the COSMOS field, a region extensively surveyed by the Hubble Space Telescope and Chandra X-ray Observatory. The provided literature focuses on large-scale statistical studies of AGN host galaxies, star formation rates, and structural properties within the COSMOS-DASH and ACS-AGN catalogs. Consequently, the available abstracts do not contain specific information, measurements, or individual analysis regarding this particular object.",This object is not individually notable in the provided literature; it serves as a single data point within large-scale catalogs used to investigate the co-evolution of supermassive black holes and their host galaxies.,The literature provides no specific information regarding the visual appearance of this object.
ACS-GC 12007686,4000969599322,rG,,SIMBAD,22.0,26,2021A&A...647A..89N;2021A&A...647A..89N;2020ApJ...888...78S;2019A&A...631A...9B;2019A&A...631A...9B;2013ApJS..204...21M;2013ApJ...765..117E;2012ApJS..202....6G,"ACS-GC 12007686 is an entry in the ACS General Catalog (ACS-GC), a large-scale compilation of sources imaged by the Hubble Space Telescope's Advanced Camera for Surveys. The literature indicates that the ACS-GC serves primarily as a foundational dataset for broader extragalactic surveys, such as the OTELO survey and studies of AGN host galaxies. These studies utilize the high-resolution HST imaging within the catalog to perform morphological analysis, SED fitting, and cross-matching with multi-wavelength data to understand galaxy evolution and star formation.","This object is not individually notable in the provided literature; rather, it is a data point within a large statistical sample used for studying galaxy morphology and AGN host properties across cosmic time.","The literature provides no specific information regarding the visual appearance of this individual object, as it is part of a large catalog used for statistical analysis."
V* V567 Lyr,4001206461050,EB*,,SIMBAD,0.0,26,2026ApJ..1005L..21L;2024A&A...685A..62I;2022ApJS..258...39C;2021MNRAS.504.5327A;2021MNRAS.503.3279S;2020A&A...633A..99C;2020A&A...640A...1C;2019MNRAS.489.1644W,"V* V567 Lyr is classified as an eclipsing binary system. It appears in literature primarily as a data point within large-scale photometric surveys, such as the Kepler mission's catalogs of eclipsing binaries. These studies utilize light curve analysis to infer stellar and orbital parameters, contributing to broader research on stellar evolution, binary interactions, and the search for circumbinary planets.",It is scientifically notable as a member of the population of eclipsing binaries used to calibrate stellar evolution models and test theories of tidal interaction and binary dynamics.,"The literature does not describe the specific visual appearance of V* V567 Lyr; it is likely a point source in Hubble imagery, typical of stars in such catalogs."
SDSS J100103.01+024015.0,4001062686421,AGN,,SIMBAD,0.0,26,2022ApJ...925...34C;2020ApJ...888...78S;2019ApJ...878...11Z;2018ApJS..234...21D;2016ApJ...817...34M;2016ApJ...819...62C;2014MNRAS.443.2679B;2013ApJS..206....8M,"SDSS J100103.01+024015.0 is identified as an Active Galactic Nucleus (AGN) located within the COSMOS field. It appears in large-scale survey catalogs, such as the Chandra COSMOS-Legacy survey and various morphological and photometric studies of the COSMOS field. The literature does not provide specific, individualized analysis for this object, as it is typically treated as a data point within larger statistical samples of AGN host galaxies used to study correlations between star formation, stellar mass, and black hole growth.","This object is not individually notable in the provided literature; it is significant primarily as a constituent of large-scale multi-wavelength surveys (X-ray, optical, IR) used to characterize the general population of AGN host galaxies.",The literature provides no specific information regarding the visual appearance of this object that would explain an interest score.
NAME SMM J04542-0301,4001010729526,smm,,SIMBAD,12.0,25,2021ApJ...917...79S;2021MNRAS.508.1206J;2021ApJ...917...79S;2021MNRAS.508.1206J;2015A&A...582A..90Y;2014MNRAS.445..201M;2014MNRAS.445..201M;2012A&A...539A.155M,"SMM J04542-0301 is part of a gravitationally lensed galaxy group located at a redshift of z ≈ 2.9, which is lensed by the foreground galaxy cluster MS 0451.6-0305. The object is a component of a prominent 'giant submm arc' that has been studied using submillimeter and infrared observations to deblend multiple individual galaxies. These studies have allowed astronomers to probe the molecular gas content and star formation rates of normal, non-extreme galaxies at high redshift, revealing that submillimeter source multiplicity in this region is due to a physically associated group rather than chance alignment.","It is scientifically notable as a rare example of a physically associated group of galaxies at high redshift (z ≈ 2.9) that is strongly lensed, providing a unique laboratory to study the molecular gas and star formation properties of 'normal' galaxies in overdense environments.","The object's appearance in Hubble images is likely defined by its morphology as part of a 'giant submm arc,' a highly distorted, elongated, or multiple-image structure created by the strong gravitational lensing effect of the foreground MS 0451.6-0305 cluster."
SDSS J100238.62+015831.2,4001091677492,Sy2,,SIMBAD,12.0,25,2022ApJ...925...34C;2022ApJS..258...11W;2022ApJS..258...11W;2022ApJS..258...11W;2020ApJ...888...78S;2020ApJ...894...24K;2019ApJ...878...11Z;2017ApJ...841..102S,"SDSS J100238.62+015831.2 is identified as a Seyfert 2 galaxy located within the COSMOS field. It appears in large-scale extragalactic surveys, such as the Chandra-COSMOS Legacy Survey and various photometric catalogs, which utilize the field to study the co-evolution of active galactic nuclei (AGN) and their host galaxies. The literature regarding this object is primarily statistical, focusing on its classification as a Type 2 AGN and its inclusion in broader studies of host galaxy star formation rates, stellar masses, and AGN-host correlations.","The object is scientifically notable as a representative Type 2 AGN used in comparative studies to test the AGN unification model, which posits that the observed differences between Type 1 and Type 2 AGNs are primarily due to orientation rather than intrinsic physical differences in the host galaxy.","The literature does not provide specific details regarding the visual morphology of this individual object; however, its inclusion in high-resolution HST imaging surveys suggests it was likely selected for its clear, resolved host galaxy structure, which allows for the morphological and structural parameter measurements common in COSMOS-based studies."
SDSS J100231.91+023507.4,4001063173136,AGN,,SIMBAD,0.0,25,2022ApJS..258...11W;2022ApJ...925...34C;2020ApJ...888...78S;2020ApJ...894...24K;2019ApJ...878...11Z;2017ApJ...841..102S;2016ApJ...817...34M;2016ApJ...819...62C,"SDSS J100231.91+023507.4 is identified as an Active Galactic Nucleus (AGN) located within the COSMOS field. It appears in large-scale multi-wavelength survey catalogs, such as the Chandra COSMOS Legacy survey, which characterize AGN populations, their host galaxy properties, and their environments. The literature focuses on this object as part of statistical samples used to study correlations between AGN activity, star formation rates, and host galaxy stellar mass, rather than as an individual object of study.",The object is not individually notable in the provided literature; it is significant primarily as a data point within large-scale surveys used to refine our understanding of AGN host galaxy evolution and the unification model of AGNs.,"The provided literature does not describe the specific visual appearance of this object, so it is not possible to speculate on why an image-scoring model would assign it a low interest score."
ACS-GC 20102891,4000984269591,AGN,,SIMBAD,0.0,25,2022ApJS..258...11W;2022ApJ...925...34C;2020ApJ...888...78S;2020ApJ...905..103X;2019ApJ...878...11Z;2019ApJ...880..142S;2017ApJ...841..102S;2016ApJ...817...34M,"ACS-GC 20102891 is identified as an active galactic nucleus (AGN) host galaxy within the COSMOS field. It is part of the Advanced Camera for Surveys Active Galactic Nuclei (ACS-AGN) catalog, which includes thousands of AGN host galaxies studied to understand the relationship between nuclear activity, star formation rates, and host galaxy properties like stellar mass. Research using this catalog generally investigates how AGN activity correlates with host galaxy evolution, often utilizing multi-wavelength data to construct spectral energy distributions.","This object is notable as a data point in large-scale statistical studies of AGN host galaxies, which help determine whether AGN activity suppresses or enhances star formation in the host galaxy.","The literature does not provide specific details regarding the visual appearance of this individual object; it is likely included in the catalog as part of a large, statistically selected sample rather than for a unique morphological feature."
Cl* NGC  346    MPG     455,4000766306550,*,,SIMBAD,0.0,25,2025A&A...700A..44A;2024A&A...692A.149R;2024A&A...692A.149R;2022A&A...666A.189R;2019A&A...626A..50D;2019A&A...626A..50D;2010AJ....140..416B;2010AJ....140..416B,"NGC 346 is a prominent, young star-forming cluster located in the Small Magellanic Cloud (SMC). It is widely studied as a laboratory for understanding massive star formation and evolution in low-metallicity environments, containing a large population of hot OB stars. Researchers utilize this cluster to analyze stellar wind properties, rotational velocities, and the evolutionary stages of massive stars, including O Vz stars, which are thought to be near the zero-age main sequence.","It is the most massive young star cluster in the Small Magellanic Cloud and serves as a critical benchmark for studying massive stars in low-metallicity conditions, which are representative of the early universe.","As a young, active star-forming region, NGC 346 likely presents a complex, visually striking morphology in Hubble images, characterized by a dense concentration of bright, massive stars, surrounding nebulosity, and intricate dust structures typical of active star-forming regions."
2MASX J23210539-6912472,4000720424215,GiP,,SIMBAD,43.0,24,2025MNRAS.543.2463M;2022ApJS..258...29C;2022ApJS..259...37S;2022ApJ...935..170A;2021ApJ...914..121A;2021ApJS..257...35C;2020MNRAS.498.4790K;2020ApJ...905...55L,"2MASX J23210539-6912472 is identified as a source within the IRAS Revised Bright Galaxy Sample (RBGS), a collection of dusty, star-forming galaxies. It has been included in radio continuum surveys using the MeerKAT array, which aim to investigate the infrared-radio correlation and the impact of galaxy interactions on star formation rates. The object is part of broader statistical studies of southern extragalactic sources, focusing on their radio properties and star-forming characteristics.","It is notable primarily as a member of the IRAS Revised Bright Galaxy Sample, making it a significant target for studies of dust-obscured star formation and the infrared-radio correlation in the local universe.","The literature does not provide specific details regarding the visual morphology of this object, so its appearance in a Hubble image cannot be definitively linked to a specific feature like a jet or tidal tail based on these abstracts."
DEEP-GSS 054-7049,4001048550170,G,,SIMBAD,40.0,24,2022A&A...667A..30V;2021ApJ...909...12G;2017A&A...602A..51V;2017MNRAS.467.4886C;2013ApJ...762..125N;2013ApJS..204...21M;2013ApJ...768...74T;2012ApJ...745...69K,"DEEP-GSS 054-7049 is an object identified within the DEEP2 Galaxy Redshift Survey catalog. The provided literature does not contain specific, individual studies or characterizations of this particular galaxy. Instead, the papers discuss the broader DEEP2 survey as a testbed for photometric redshift experiments and general studies of galaxy evolution, star formation, and molecular gas properties in high-redshift galaxies.",There is no information in the provided literature to suggest that this specific object is scientifically notable or unusual; it appears to be a standard entry in a large-scale galaxy survey catalog.,The literature provides no information regarding the visual appearance of this object.
ACS-GC 20156225,4001178547884,AGN,,SIMBAD,30.0,24,2023ApJS..268...34D;2022ApJ...925...34C;2022A&A...664A.117D;2022ApJ...925...34C;2020ApJ...894...24K;2019ApJ...878...11Z;2019A&A...627A..33D;2019ApJ...877...81M,"ACS-GC 20156225 is identified in astronomical catalogs as an Active Galactic Nucleus (AGN) located within the COSMOS field. While it appears in large-scale survey datasets like COSMOS-DASH, the provided literature does not contain specific, individual studies or unique physical characterizations for this particular object. It is part of the broader population of AGNs studied in the COSMOS field for their structural properties, variability, and host galaxy characteristics.",There is no specific information in the provided literature to suggest this object is uniquely notable compared to other AGNs in the COSMOS field.,The literature provides no specific clue regarding the visual appearance of this object; its inclusion in image-scoring datasets is likely due to its presence in the COSMOS-DASH survey imaging rather than a specific morphological feature.
ACS-GC 20129860,4001139644673,AGN,,SIMBAD,27.0,24,2025A&A...694A.241G;2024ApJ...961..118K;2023A&A...673A..67G;2023ApJS..268...34D;2022ApJ...925...34C;2022A&A...664A.117D;2021ApJ...913..103D;2021ApJS..256...44V,"ACS-GC 20129860 is an object identified as an Active Galactic Nucleus (AGN) within the COSMOS field. It appears in catalogs associated with large-scale surveys of the COSMOS field, such as those utilizing Hubble Space Telescope (HST) imaging for morphological classification and structural analysis. The literature provided discusses the broader context of these surveys, which investigate the evolution of galaxies, star formation histories, and AGN properties at intermediate redshifts, but does not provide specific, individual details about the physical characteristics or unique behavior of this specific object.","This object is notable primarily as a cataloged AGN within the well-studied COSMOS field, serving as a data point in large-scale surveys that analyze the relationship between AGN activity, host galaxy morphology, and cosmic evolution.","The literature does not provide specific details regarding the visual appearance of this object; therefore, it is not possible to speculate on what specific morphological features might have caught the attention of an image-scoring model."
ACS-GC 20106495,4000987076684,AGN,,SIMBAD,21.0,24,2022ApJS..258...11W;2022ApJ...925...34C;2020ApJ...888...78S;2019ApJ...878...11Z;2017ApJ...841..102S;2017A&A...602A.123L;2016ApJ...817...34M;2016ApJ...819...62C,"ACS-GC 20106495 is an Active Galactic Nucleus (AGN) host galaxy identified within the COSMOS field's Advanced Camera for Surveys General Catalog (ACS-GC). The available literature does not provide specific details about this individual object, as it is part of large statistical samples used to study the co-evolution of supermassive black holes and their host galaxies. These studies generally examine correlations between AGN luminosity, star formation rates, and host galaxy stellar mass across the COSMOS survey area.",The object is notable as a data point in large-scale surveys that have helped establish the fundamental links between AGN activity and galaxy evolution. It contributes to the statistical understanding of how supermassive black hole growth correlates with host galaxy star formation.,The literature provides no specific information regarding the visual appearance of this individual object. Its selection is based on its classification as an AGN host galaxy within the COSMOS field rather than any unique morphological features.
SDSS J100236.51+020217.3,4000719961099,AGN,,SIMBAD,5.0,24,2023ApJS..268...17K;2022ApJS..258...11W;2022ApJ...925...34C;2020ApJ...888...78S;2019ApJ...878...11Z;2018ApJS..234...21D;2017A&A...602A.123L;2016ApJ...817...34M,"The provided literature consists of large-scale survey papers describing the COSMOS field, including studies on AGN host galaxies, X-ray source catalogs, and structural properties of galaxies. While these papers provide context for the environment and general population of AGN in the COSMOS field, they do not mention SDSS J100236.51+020217.3 specifically or provide data on its individual properties.","The provided abstracts do not contain information regarding this specific object, so it is not possible to determine why it might be scientifically notable based on the provided text.",The literature provides no information regarding the visual appearance of this object.
SNLS 05D2ie,4001062686098,SN*,,SIMBAD,3.0,24,2022ApJ...926...98D;2022ApJ...938..110B;2022PASA...39...46C;2022A&A...668A..34H;2022ApJ...925...34C;2020ApJ...902...14S;2018ApJ...854...24K;2018ApJ...859..101S,"SNLS 05D2ie is a Type Ia supernova identified within the Supernova Legacy Survey (SNLS) dataset. It is primarily referenced in the literature as a data point within large cosmological samples, such as the Pantheon and Pantheon+ compilations, which aggregate supernovae to constrain cosmological parameters like the dark energy equation of state and the Hubble constant. There is no specific literature detailing unique physical characteristics or individual study of this specific supernova beyond its inclusion in these statistical cosmological analyses.","This object is notable primarily as a constituent of the Pantheon+ sample, which is one of the largest and most precise datasets of Type Ia supernovae used to refine measurements of the expansion history of the universe.",The literature provides no specific information regarding the visual appearance of SNLS 05D2ie in Hubble imagery; its inclusion in image datasets is likely due to its status as a confirmed supernova within a survey field.
[VV2006] J092116.2+452929,4000771571493,QSO,,SIMBAD,0.0,24,2023ApJS..265...46C;2023A&A...674A..41G;2020ApJS..249...17R;2020ApJS..250....8L;2018ApJS..235...11C;2018A&A...613A..51P;2016MNRAS.461.2346G;2015AJ....149..203K,"The object [VV2006] J092116.2+452929 is identified as a quasar (QSO) and appears in large-scale astronomical catalogs such as those derived from the Sloan Digital Sky Survey (SDSS). The provided literature discusses quasars in the context of broad statistical studies, including their spectral properties, absorption line features like Mg II, and their inclusion in large-scale surveys like SDSS DR14 and DR16. There is no specific literature available that focuses on the individual properties or unique characteristics of this specific object.",This object is not individually notable in the provided literature; it is simply one of many thousands of quasars included in large-scale spectroscopic survey catalogs.,"The literature provides no information regarding the visual appearance of this object, and it is likely included in the dataset simply as a standard quasar candidate."
[JSD2015] AP  3524,4000986282553,GlC,,SIMBAD,0.0,24,2023A&A...677A.100K;2022MNRAS.512..548L;2018ApJ...856...77X;2017A&A...602A.112D;2016ApJ...824...42C;2015AJ....149...56M;2015ApJ...802..127J;2014AJ....148....4W,"[JSD2015] AP 3524 is a star cluster identified within the Andromeda Galaxy (M31) as part of the Panchromatic Hubble Andromeda Treasury (PHAT) survey. It is cataloged as a globular cluster and has been included in large-scale studies aimed at characterizing the physical parameters—such as age, mass, and metallicity—of star clusters in M31. These studies utilize high-resolution Hubble Space Telescope imaging to resolve individual stars and perform multi-band photometry to better understand the formation and evolution of cluster populations in the M31 disk and bulge.","This object is notable as part of a large, homogeneous catalog of M31 star clusters derived from citizen science classifications, which significantly increased the number of known clusters in the survey footprint and allowed for robust statistical analysis of cluster populations.","The literature does not provide specific details on the visual appearance of this individual cluster, but it is likely that its appearance as a resolved or partially resolved stellar grouping in high-resolution Hubble imaging is what led to its identification and inclusion in the PHAT star cluster catalogs."
SDSS J100212.10+014232.1,4001301460106,Sy1,,SIMBAD,0.0,24,2020ApJ...888...37D;2020ApJ...888...78S;2017A&A...602A.123L;2016ApJ...817...34M;2016ApJ...819...62C;2015A&A...574A.112D;2015ApJ...802...14S;2014MNRAS.438.1288H,"SDSS J100212.10+014232.1 is identified as a Type 1 active galactic nucleus (AGN) located within the COSMOS field. It is frequently included in large-scale statistical studies of AGN host galaxies, which utilize multi-wavelength data from X-ray (Chandra/XMM-Newton) to infrared (Herschel/Spitzer) to investigate the co-evolution of supermassive black holes and their host galaxies. These studies generally focus on scaling relations, such as the black hole mass to stellar mass ratio, and the correlation between AGN luminosity and star formation rates.","This object is notable primarily as a data point in large-scale surveys of the COSMOS field, contributing to the broader understanding of AGN demographics, host galaxy properties, and the evolution of black hole-galaxy scaling relations over cosmic time.",The literature does not provide specific details regarding the visual appearance of this individual object; it is treated as one of many sources in large statistical catalogs rather than a subject of morphological study.
CLASHVLT J114937.80+222411.0,4001414305257,GiC,,SIMBAD,0.0,24,2024A&A...689A..42S;2021MNRAS.506.3691D;2021ApJ...919...54Z;2021ApJ...919...54Z;2020A&A...640A..34A;2018ApJ...859...58F;2018MNRAS.479.2630D;2018ApJ...859...58F,"CLASHVLT J114937.80+222411.0 is a member galaxy within the massive galaxy cluster MACS J1149.5+2223. This cluster is a well-studied target in the Hubble Frontier Fields program, famous for lensing the multiply-imaged 'Supernova Refsdal.' Research on this cluster focuses on high-precision mass modeling, the evolution of early-type galaxy density profiles, and the study of galaxy-galaxy lensing events in the cluster outskirts.","The object is notable primarily as a member of the MACS J1149.5+2223 cluster, which serves as a critical laboratory for strong gravitational lensing, cosmology, and the study of high-redshift supernovae.","The literature does not describe the specific visual appearance of this individual galaxy, but it is likely identified in Hubble images as a member of the dense cluster environment of MACS J1149.5+2223, potentially showing signs of lensing or proximity to other cluster members."
COSMOS2015 893203,4000742921362,G,,SIMBAD,47.0,23,2022ApJS..258...11W;2022ApJ...925...34C;2022ApJS..258...11W;2022ApJ...925...34C;2014MNRAS.443.2679B;2014MNRAS.443.2679B;2013ApJS..206....8M;2013A&A...556A..55I,"The object COSMOS2015 893203 is an entry in the COSMOS2015 photometric catalog, which serves as a reference dataset for large-scale extragalactic studies. The provided literature describes the methodologies behind the COSMOS surveys, including photometric redshift estimation, structural parameter measurement, and mass function analysis, rather than providing specific scientific analysis of this individual galaxy. Consequently, there is no specific literature available that details the unique properties or nature of this particular object.",This object is not individually notable in the scientific literature; it is simply one of the millions of galaxies cataloged within the COSMOS field to facilitate large-scale statistical studies of galaxy populations.,"The literature provides no information regarding the visual appearance of this specific object. It is likely that an image-scoring model flagged it simply because it is a galaxy captured within the high-resolution HST imaging of the COSMOS field, rather than due to any specific morphological feature."
COSMOS2015 231225,4001030287188,rG,,SIMBAD,42.0,23,2022ApJS..258...11W;2022ApJ...925...34C;2022ApJS..258...11W;2022ApJ...925...34C;2022ApJ...925...34C;2018MNRAS.478.3848M;2013ApJS..206....8M;2013A&A...556A..55I,"The provided literature consists of general survey papers describing the COSMOS field, the COSMOS2020 catalog, the COSMOS-DASH survey, and studies of galaxy evolution and radio-emitting AGN within the COSMOS field. These papers discuss the methodology for creating photometric catalogs and analyzing galaxy properties on a statistical level across the survey area. There is no specific information provided in these excerpts regarding the individual object 'COSMOS2015 231225,' which appears to be a standard catalog entry rather than a well-studied, unique astronomical object.",The literature does not contain specific information to suggest this object is scientifically notable or unusual. It is likely a standard galaxy cataloged within the broader COSMOS survey dataset.,The literature provides no clue to the visual appearance of this specific object.
[ZFR2002]  6,4000858601856,HXB,,SIMBAD,32.5,23,2019ApJ...871..122J;2016ApJ...830...10H;2015MNRAS.451.1307Z;2015MNRAS.451.1307Z;2015MNRAS.451.1307Z;2014MNRAS.445.1412Z;2014MNRAS.445.1412Z;2014MNRAS.445.1412Z,"The object [ZFR2002] 6 is identified in the literature as an X-ray binary (XRB) located within the Antennae galaxies (NGC 4038/4039). Research involving this object typically focuses on the relationship between X-ray binaries and their host environments, specifically compact star clusters. Studies have investigated whether the mass and density of these host clusters influence the formation and type of X-ray binaries found within them.","It is notable as a specific example of an X-ray binary used to test theories regarding the formation mechanisms of high-mass versus intermediate-mass X-ray binaries in dense, star-forming environments.","The literature does not provide specific details regarding the visual appearance of this individual object in a Hubble image, though it is associated with the complex, chaotic, and star-forming environment of the interacting Antennae galaxies."
SDSS J100009.27+024247.4,4001082032246,rG,,SIMBAD,26.0,23,2025MNRAS.541.2366V;2022ApJ...925...34C;2022ApJS..261...21Y;2022A&A...666A.186D;2020AJ....159..103K;2020MNRAS.498.4790K;2018ApJS..234...21D;2018ApJ...861...49H,"The provided literature does not contain specific information or studies regarding the object SDSS J100009.27+024247.4. The papers provided discuss broad astronomical surveys, such as the ALFALFA H I survey, the COSMOS-DASH survey, and general studies on galaxy evolution, star formation, and the mass-metallicity relation, but they do not mention this specific galaxy.",There is no information in the provided literature to suggest that this object is scientifically notable or unusual.,"The literature provides no information regarding the visual appearance of this object, so it is not possible to speculate on why it might have caught an image-scoring model's attention."
ACS-GC 20159317,4000788040202,AGN,,SIMBAD,24.0,23,2022ApJ...925...34C;2022A&A...664A.117D;2022ApJ...925...34C;2020ApJ...894...24K;2016ApJ...817...34M;2016ApJ...819...62C;2015ApJ...815...33R;2015A&A...584A.106S,"ACS-GC 20159317 is identified as an Active Galactic Nucleus (AGN) within the COSMOS field. The provided literature consists of broad survey papers covering the COSMOS field, such as the COSMOS-DASH structural catalog and the Chandra COSMOS-Legacy survey, which characterize large populations of galaxies and AGN rather than providing specific, individual analysis of this object. Consequently, there is no specific literature available that details the unique properties or physical characteristics of this particular source.",There is no information in the provided literature to suggest that this object is scientifically notable or unusual compared to other AGN in the COSMOS field.,"The literature provides no specific information regarding the visual appearance of this object, so it is not possible to speculate on what features might have caught the attention of an image-scoring model."
ACS-GC 20195761,4001031963042,AGN,,SIMBAD,14.0,23,2022ApJS..258...11W;2022ApJS..258...11W;2022ApJ...925...34C;2022ApJS..258...11W;2022ApJS..258...11W;2022ApJ...925...34C;2020ApJ...888...78S;2019ApJ...878...11Z,"ACS-GC 20195761 is identified as an active galactic nucleus (AGN) host galaxy within the COSMOS field. It is included in the Advanced Camera for Surveys Active Galactic Nuclei (ACS-AGN) catalog, which compiles thousands of AGN host galaxies observed by the Hubble Space Telescope to study the relationship between AGN activity, star formation, and host galaxy properties. The object serves as a data point in broader statistical studies investigating correlations between supermassive black hole growth and host galaxy evolution.","The object is notable primarily as a constituent of the ACS-AGN catalog, which provides a large, uniform sample for testing the unified model of AGNs and exploring potential negative feedback mechanisms where AGN activity may suppress star formation in the host galaxy.","The literature does not provide specific details regarding the visual appearance of this individual object, so it is not possible to speculate on what specific morphological features caught the model's attention."
ACS-GC 20137831,4000740717405,AGN,,SIMBAD,2.0,23,2024ApJ...961..118K;2023A&A...673A..67G;2022ApJ...925...34C;2021ApJ...913..103D;2021ApJS..256...44V;2020ApJ...888...78S;2020ApJ...894...24K;2019ApJ...878...11Z,"ACS-GC 20137831 is identified as an Active Galactic Nucleus (AGN) host galaxy within the COSMOS field, cataloged as part of the Advanced Camera for Surveys Active Galactic Nuclei (ACS-AGN) sample. Literature involving this catalog focuses on the statistical properties of AGN host galaxies, specifically investigating correlations between AGN luminosity, star formation rates, and stellar mass. These studies generally suggest that AGN host galaxies often lie below the star-forming main sequence, potentially indicating negative feedback processes, and that there is a positive correlation between star formation and AGN activity.",This object is notable as a data point in large-scale surveys (like the ACS-AGN catalog) used to test AGN unification models and the co-evolution of supermassive black holes and their host galaxies. It serves as part of the representative sample used to analyze how AGN activity relates to host galaxy stellar populations and star formation histories.,"The literature does not provide specific details on the visual appearance of this individual object. However, as part of an AGN catalog derived from HST/ACS imaging, it was likely selected for its point-like nuclear source or distinct host galaxy morphology that allowed for structural parameter measurement."
Cl* NGC 6791     KR V80,4001449139414,EB?,,SIMBAD,0.0,23,2026ApJ..1004..148D;2024A&A...685A..62I;2022ApJS..258...39C;2021MNRAS.503.3279S;2021A&A...649A.178B;2021MNRAS.504.5327A;2020A&A...633A..99C;2020A&A...640A...1C,"NGC 6791 is one of the oldest and most metal-rich open clusters in the Milky Way, serving as a critical laboratory for studying Galactic disk evolution and calibrating stellar models. The specific object KR V80 is an eclipsing binary system located within this cluster. Such binary systems are highly valued by astronomers because they allow for the precise, model-independent measurement of stellar parameters, which in turn helps refine age and composition estimates for the entire cluster.","NGC 6791 is notable for being an unusually old and metal-rich open cluster, which challenges standard models of cluster survival and evolution in the inner Galactic disk. Eclipsing binaries like KR V80 within it are scientifically significant as 'standard candles' or calibration tools that provide the empirical data necessary to constrain complex stellar evolution models.","The literature does not describe the specific visual appearance of KR V80 in a Hubble image; it is likely that the object was flagged because it is a point source within a dense, well-studied star cluster, or potentially because the image-scoring model detected the light curve variability characteristic of an eclipsing binary."
NGC  6341 11080,4000728209541,RG*,,SIMBAD,0.0,23,2023ApJ...958...45K;2022AJ....163..152S;2022ApJS..259...35A;2022A&A...663A...4S;2019AJ....157..154G;2019AJ....158...14N;2018MNRAS.475.1633M;2016A&A...591A.118S,"NGC 6341, widely known as the globular cluster M92, is a massive, metal-poor globular cluster in the Milky Way that serves as a key laboratory for studying stellar evolution and chemical enrichment. Research on M92 frequently focuses on its multiple stellar populations, specifically the star-to-star variations in light elements and neutron-capture elements like the r-process. It is often used to test models of deep mixing in red giant branch stars and to investigate the chemical signatures of early-universe polluters.","M92 is notable for being a massive, ancient globular cluster that exhibits clear evidence of r-process abundance dispersion among its first-generation stars, providing critical insights into the early chemical enrichment history of the Milky Way.","As a dense, nearby globular cluster, the Hubble image likely displays a tightly packed, spherical concentration of thousands of individual stars, which is a classic and visually striking morphology for this type of object."
Cl* NGC  346    ELS      51,4000766318201,*,,SIMBAD,0.0,23,2025A&A...695A.198B;2025A&A...700A..44A;2024A&A...688A.105H;2024A&A...689A..31M;2024A&A...692A.149R;2023A&A...675A.154V;2022MNRAS.511.5104M;2022ApJ...936..112D,"Cl* NGC 346 ELS 51 is a massive OB star located within the young star-forming cluster NGC 346 in the Small Magellanic Cloud (SMC). It is frequently studied as part of larger spectroscopic surveys, such as the ULLYSES and XShootU projects, which aim to characterize the physical properties, wind dynamics, and evolutionary states of massive stars in low-metallicity environments. Research involving this object focuses on determining fundamental parameters like effective temperature, surface gravity, and rotational velocity to better understand stellar evolution and feedback mechanisms in the early universe.","This object is notable as a representative member of the massive stellar population in the SMC, a low-metallicity environment that serves as a laboratory for studying star formation and stellar evolution processes that are difficult to observe in the Milky Way.","The literature does not provide specific details regarding the visual appearance of this individual star in Hubble imagery, other than its context as a member of the NGC 346 star-forming region."
SDSS J142027.50+530454.5,4000793999462,QSO,,SIMBAD,0.0,23,2023ApJS..264...52H;2022MNRAS.515.5159P;2020ApJS..249...17R;2020ApJS..250....8L;2020ApJS..250...10K;2019ApJS..241...34S;2019ApJ...882....4W;2019ApJS..244...36C,"SDSS J142027.50+530454.5 is identified in astronomical catalogs as a quasar (QSO) observed by the Sloan Digital Sky Survey. The provided literature consists of broad survey papers detailing the methodology for cataloging, measuring spectral properties, and estimating black hole masses for large samples of quasars within the SDSS-IV and SDSS-RM programs. There is no specific information in the provided abstracts that discusses this individual object's unique physical characteristics or research history.","The object is notable primarily as a spectroscopically confirmed quasar within the SDSS database, serving as a data point in large-scale studies of active galactic nuclei, but it lacks specific literature highlighting it as an unusual or distinct source.",The literature provides no information regarding the visual appearance of this object in Hubble imagery.
ACS-GC 13101998,4000771107069,AGN,,SIMBAD,28.0,22,2025MNRAS.544.4505L;2020ApJ...888...78S;2017ApJS..229...32S;2017MNRAS.464..183N;2017ApJS..229...32S;2017ApJS..229...32S;2016ApJS..225...27M;2016ApJS..225...27M,"The object ACS-GC 13101998 is identified as an entry within the Advanced Camera for Surveys Active Galactic Nuclei (ACS-AGN) catalog, which aggregates data from large-scale surveys like CANDELS and 3D-HST. The literature provided does not contain specific, individual analysis of this object, but rather describes it as part of a larger sample of AGN host galaxies used to study correlations between star formation, black hole growth, and host galaxy properties. It is generally representative of the population of X-ray or IR-selected AGN host galaxies studied in the context of galaxy evolution.",This object is not individually notable in the provided literature; it is significant primarily as a data point within a larger statistical sample used to investigate the co-evolution of supermassive black holes and their host galaxies.,The literature provides no specific information regarding the visual appearance of this object.
COSMOS2015 513582,4000816030117,G,,SIMBAD,9.0,22,2024ApJ...961..118K;2023ApJS..268...34D;2023ApJS..268...34D;2023ApJS..268...34D;2022ApJS..258...11W;2022ApJ...925...34C;2022ApJS..258...11W;2022ApJ...925...34C,"COSMOS2015 513582 is a galaxy cataloged within the COSMOS survey field. It serves as a data point in large-scale studies of galaxy morphology, structural properties, and evolution, such as those utilizing the COSMOS-DASH survey data. There is no specific scientific literature that discusses the individual properties or characteristics of this specific object.",This object is not individually notable; it is a statistical entry within a large-scale survey catalog used for population-level studies of galaxy evolution.,The provided literature contains no information regarding the specific visual appearance of this object.
CXOAnt J120155.4-185250.5,4000858599698,X,,SIMBAD,8.0,22,2015MNRAS.451.1307Z;2015MNRAS.451.1307Z;2015MNRAS.451.1307Z;2015MNRAS.451.1307Z;2014MNRAS.445.1412Z;2014MNRAS.445.1412Z;2014MNRAS.445.1412Z;2014MNRAS.445.1412Z,"The object CXOAnt J120155.4-185250.5 is an X-ray source associated with the Antennae galaxies (NGC 4038/4039). The provided literature focuses on the kinematics and physical properties of H II regions and giant molecular clouds within these interacting galaxies, rather than characterizing this specific X-ray source individually. Consequently, there is no specific information available in the provided abstracts regarding the nature or properties of this particular object.","The literature does not provide specific details on why this individual X-ray source is notable, though it is located within the well-studied, interacting Antennae galaxy system.",The literature provides no information regarding the visual appearance of this specific object.
[PR95] 50889,4000705491224,GlC,,SIMBAD,0.0,22,2024MNRAS.528.1445L;2023ApJ...947...31H;2022MNRAS.516.1320C;2016AJ....152...22W;2011AJ....142..183N;2011ApJ...735...26S;2011A&A...533A..33Z;2010AJ....139.1413N,"[PR95] 50889 is a globular cluster located in the nearby spiral galaxy M81. It is part of the extensive population of globular clusters in M81 that have been cataloged and studied using Hubble Space Telescope imaging and ground-based spectroscopy. These studies generally focus on characterizing the cluster's physical properties, such as its age, metallicity, and mass, as well as its role in the broader context of M81's globular cluster system and its potential to host X-ray binaries.","It is notable as a confirmed member of the globular cluster system of M81, a system frequently used to study the formation and evolution of star clusters in spiral galaxies and to search for intermediate-mass black holes.","The object likely caught the model's attention because it appears as a compact, point-like, or slightly extended source in high-resolution Hubble Space Telescope imaging, consistent with the appearance of a typical globular cluster."
SDSS J100244.08+024022.0,4001281173951,rG,,SIMBAD,0.0,22,2024A&A...689A.327W;2022ApJ...925...34C;2020ApJ...888...78S;2020ApJ...894...24K;2017ApJ...841..102S;2017A&A...607A.132H;2016ApJ...817...34M;2016ApJ...819...62C,"SDSS J100244.08+024022.0 is located within the COSMOS field, a region extensively studied for galaxy evolution and active galactic nuclei (AGN). The provided literature discusses large-scale surveys of this field, including X-ray, radio, and near-infrared catalogs that characterize AGN host galaxies, their star formation rates, and their structural properties. While the object is part of the broader COSMOS dataset used in these studies, the provided abstracts do not contain specific, individual analysis or unique physical characterization for this specific source.",There is no information in the provided abstracts that identifies this specific object as scientifically notable or unusual compared to the thousands of other sources in the COSMOS field.,The literature provides no information regarding the specific visual appearance of this object in Hubble imagery.
CANDELS EGS F160W J142057.8+530209.8,4000905278673,AGN,,SIMBAD,0.0,22,2026Natur.649..574R;2026ApJ..1002..159Y;2026A&A...710A.136N;2025ApJ...981...19L;2025ApJ...983..165S;2025ApJ...984..182X;2025ApJ...986..165T;2025A&A...699A.336B,"The provided literature does not contain information specific to the object CANDELS EGS F160W J142057.8+530209.8. The abstracts discuss the broader population of high-redshift active galactic nuclei (AGNs) and 'Little Red Dots' (LRDs) observed by JWST, which are characterized by compact sizes, broad Balmer emission lines, and dense ionized gas cocoons. These studies investigate the co-evolution of these black holes with their host galaxies, but they do not reference this specific source.","Because the object is not mentioned in the provided literature, its specific scientific significance cannot be determined from these excerpts. Generally, objects in this category are notable for being potential young supermassive black holes that challenge current understanding of black hole mass-stellar mass scaling relations.","The literature provided does not describe the visual appearance of this specific object, so it is not possible to speculate on what visual features might have influenced an image-scoring model."
ACS-GC 20191668,4001047624974,Sy1,,SIMBAD,0.0,22,2022ApJ...925...34C;2021ApJS..256...44V;2020ApJ...888...78S;2020ApJ...894...24K;2019ApJ...878...11Z;2018ApJS..239...27S;2016ApJ...817...34M;2016ApJ...819...62C,"ACS-GC 20191668 is identified as a Seyfert 1 (Sy1) galaxy within the COSMOS field. It is part of the broader Advanced Camera for Surveys Active Galactic Nuclei (ACS-AGN) catalog, which includes thousands of AGN host galaxies used to study correlations between star formation, AGN luminosity, and host galaxy properties. Research involving this catalog generally investigates the co-evolution of supermassive black holes and their host galaxies, as well as the differences between Type 1 and Type 2 AGN populations.","This object is notable as a representative member of the large-scale COSMOS-AGN sample, which allows astronomers to statistically analyze the relationship between AGN activity and host galaxy star formation rates across cosmic time.",The literature does not provide specific details regarding the visual appearance of this individual object; it is likely included in the catalog as a standard data point for statistical analysis rather than for unique morphological features.
SDSS J100241.76+021615.8,4000985915178,AGN,,SIMBAD,39.0,21,2022ApJS..258...11W;2022ApJ...925...34C;2019ApJ...878...11Z;2018ApJS..234...21D;2016ApJ...817...34M;2016ApJ...819...62C;2013ApJS..206....8M;2012ApJ...753..121K,"SDSS J100241.76+021615.8 is an Active Galactic Nucleus (AGN) located within the COSMOS field, a region extensively mapped by multi-wavelength surveys. It appears in large-scale catalogs, such as the Chandra COSMOS-Legacy survey and various photometric catalogs, which are used to study the statistical properties of AGNs and their host galaxies. The provided literature does not contain specific, individual analysis of this object, treating it instead as a component of broader cosmological datasets.",This object is not individually notable in the provided literature; it is scientifically significant primarily as a data point within large statistical samples used to investigate AGN host galaxy evolution and environmental factors.,"The literature provides no specific information regarding the visual appearance of this object. It is likely that an image-scoring model flagged it simply because it is a distinct, point-like source (AGN) captured in the high-resolution Hubble Space Telescope imaging of the COSMOS field."
SDSS J095812.39+022614.2,4001165979575,BiC,,SIMBAD,34.0,21,2024ApJ...961..118K;2024A&A...690A.150B;2022ApJS..258...11W;2022ApJ...925...34C;2022ApJS..258...11W;2022ApJ...925...34C;2021ApJ...913..103D;2021ApJS..256...44V,"SDSS J095812.39+022614.2 is a galaxy identified within the COSMOS field, a region extensively studied by surveys such as LEGA-C and COSMOS-DASH. The literature does not discuss this specific object as an individual target of interest, but rather includes it as part of large statistical samples used to analyze galaxy evolution, stellar population properties, and structural parameters at intermediate redshifts (z ~ 0.6–1.0). It is typically categorized as a K-band selected galaxy within these broader census surveys.",This object is not individually notable in the provided literature; it is significant only as a data point within large-scale surveys like LEGA-C and COSMOS-DASH that characterize the general population of massive galaxies.,"The literature provides no specific information regarding the visual appearance of this object. Its inclusion in an image-scoring dataset is likely due to its presence in high-resolution HST imaging of the COSMOS field, which is frequently used for structural parameter measurements."
SDSS J100225.74+024028.0,4000846585998,rG,,SIMBAD,28.0,21,2025A&A...694A.241G;2024A&A...686A.223P;2022MNRAS.509.3966W;2022ApJ...925...34C;2022A&A...666A.186D;2019ApJ...878...11Z;2017A&A...599A..71D;2016ApJ...817...34M,"The provided literature consists of broad astronomical surveys and catalogs (such as COSMOS, Galaxy Zoo, and SDSS-based studies) that discuss general populations of galaxies and active galactic nuclei (AGNs). There is no specific mention of the object SDSS J100225.74+024028.0 in the provided abstracts. Consequently, there is no specific scientific literature available to summarize regarding this individual object's properties or research history.","The object is not explicitly discussed in the provided literature, so its scientific notability cannot be determined from these sources.",The literature provides no information regarding the visual appearance of this specific object.
SDSS J095921.51+015545.1,4001243857132,AGN,,SIMBAD,17.0,21,2023ApJS..268...17K;2022ApJ...925...34C;2022A&A...664A.117D;2019ApJ...878...11Z;2018ApJS..234...21D;2017A&A...602A.123L;2016ApJ...817...34M;2016ApJ...819...62C,"The provided literature does not contain specific information about SDSS J095921.51+015545.1. The abstracts describe the broader COSMOS field surveys, which utilize multi-wavelength data to study the properties, variability, and host galaxies of large populations of active galactic nuclei (AGN). This object is likely one of the many AGN cataloged within these extensive surveys.",The provided literature does not identify this object as scientifically notable or unusual; it appears to be a standard AGN within the COSMOS field sample.,The literature provides no information regarding the visual appearance of this specific object.
2MASS J10005119+0140274,4000785873718,Sy2,,SIMBAD,15.333333333333334,21,2022ApJ...925...34C;2022A&A...666A.186D;2019ApJ...880..142S;2018ApJS..234...21D;2018MNRAS.478.3848M;2018MNRAS.479.3319T;2017A&A...599A..71D;2017A&A...607A.132H,"The provided literature consists of broad survey papers covering the COSMOS field, SDSS star-forming galaxies, and radio-emitting AGN populations. While 2MASS J10005119+0140274 is located within the COSMOS field and is classified as a Seyfert 2 (Sy2) galaxy, the provided abstracts do not contain specific, individual analysis of this object. It is likely included as a data point in larger statistical studies of galaxy evolution, AGN environments, or structural properties within these surveys.","The object is notable primarily for its classification as a Seyfert 2 galaxy, which indicates it hosts an active galactic nucleus (AGN) where the broad-line region is obscured from our line of sight. Its presence in the well-studied COSMOS field makes it a subject of interest for multi-wavelength studies of AGN and their host environments.","The literature does not provide specific details regarding the visual appearance of this object. However, Seyfert 2 galaxies often appear as bright, compact, or point-like sources with potential host galaxy structure, which can trigger high interest scores in image-scoring models."
M33GMC 22,4001153039941,MoC,,SIMBAD,0.0,21,2023AJ....165..137O;2019MNRAS.483.5135W;2017A&A...601A.146C;2017AJ....153..170Y;2014ApJ...788..167M;2012A&A...542A.108G;2012ApJ...761...37M;2011ApJ...732...79I,"M33GMC 22 is a specific entry within catalogs of Giant Molecular Clouds (GMCs) located in the Triangulum Galaxy (M33). These catalogs, such as those derived from CO emission or dust continuum surveys, classify clouds based on their mass, star-forming activity, and evolutionary stage. Research on these GMCs generally focuses on understanding the star formation cycle, the relationship between molecular gas and young stellar clusters, and the physical properties of the interstellar medium in a subsolar metallicity environment.","Individual GMCs in M33 are scientifically notable because they serve as laboratories for studying the lifecycle of star-forming regions in a nearby spiral galaxy, allowing astronomers to observe the transition from inactive gas clouds to embedded and exposed star-forming sites.","The literature does not provide a specific visual description of M33GMC 22; however, in Hubble images, such objects typically appear as localized, dusty, or gaseous patches within the spiral arms of M33, often associated with H II regions or young stellar clusters."
SXP 11.87,4000805677332,HXB,,SIMBAD,0.0,21,2025A&A...694A..43T;2025ApJ...981..150O;2025ApJ...988..275C;2024ApJ...971..126O;2022ApJ...936..112D;2021MNRAS.505.5567V;2018MNRAS.476.3555R;2018ApJ...868...47K,"SXP 11.87 is a high-mass X-ray binary (HMXB) located in the Small Magellanic Cloud. It is primarily studied as part of larger surveys monitoring the long-term optical and X-ray variability of accretion-powered pulsars in the SMC. Research on this object focuses on understanding the complex interactions between the compact object and its donor star, specifically the mass transfer dynamics and the resulting super-orbital variability.","It is notable as a member of the population of accretion-powered pulsars in the Small Magellanic Cloud, which are used to test models of magnetospheric accretion and Rayleigh-Taylor instabilities at the disk-magnetosphere boundary.",The literature does not describe the specific visual appearance of SXP 11.87 in Hubble imagery; it is primarily identified and studied through time-series photometry and X-ray monitoring data.
NGC  5139   144,4001421944756,RB?,,SIMBAD,0.0,21,2025A&A...699A.291J;2022AJ....163..152S;2022ApJS..259...35A;2022A&A...663A...4S;2018MNRAS.478.1520B;2016A&A...591A.118S;2010A&A...515A.111S;2010ApJ...722.1373J,"NGC 5139, widely known as Omega Centauri (ω Cen), is the largest and most complex globular cluster in the Milky Way. It is extensively studied for its multiple stellar populations, which exhibit a wide range of chemical abundances and metallicities, unlike typical monometallic globular clusters. Recent research suggests that Omega Centauri may not be a standard globular cluster at all, but rather the remnant nuclear star cluster of a dwarf galaxy that was accreted by the Milky Way.","It is scientifically notable for its extreme chemical complexity and the hypothesis that it is the stripped nucleus of an accreted galaxy, making it a unique laboratory for studying galactic evolution and stellar population formation.","As a massive, dense, and nearby globular cluster, it appears in images as an extremely crowded, bright, and spherical concentration of millions of individual stars, which would likely be visually overwhelming and lack the distinct morphological features (like jets or arcs) that typically trigger high interest scores in automated models."
SDSS J095852.49+015059.3,4000905340562,rG,,SIMBAD,43.0,20,2024ApJ...961..118K;2023ApJS..268...34D;2022ApJ...925...34C;2022ApJS..259...37S;2022ApJS..258...11W;2021ApJS..256...44V;2018MNRAS.478.3848M;2014MNRAS.443.2679B,"The provided literature consists of broad survey papers covering the COSMOS field, such as LEGA-C, COSMOS-DASH, and COSMOS2020, which catalog thousands of galaxies. These abstracts do not contain specific information or individual analyses regarding the object SDSS J095852.49+015059.3. Consequently, there is no literature available to synthesize for this specific target.","The provided abstracts do not mention this object, so there is no information available to determine why it might be scientifically notable.",The literature gives no clue to the visual appearance of this object.
[GH2004] 18,4001015918235,Sy1,,SIMBAD,19.0,20,2022ApJS..259...37S;2020ApJ...897..111Z;2019ApJS..243...21L;2017ApJ...838...26H;2017A&A...602A..28M;2012ApJ...756...51L;2011A&A...525A..37M;2011ApJ...739...28X,"[GH2004] 18 is a Seyfert 1 galaxy that appears in the Greene & Ho (2004) catalog of low-mass active galactic nuclei. It has been included in studies investigating the low-mass end of the M_BH-σ* relation, which explores the relationship between central black hole mass and host galaxy stellar velocity dispersion. These studies generally find that low-mass active galaxies like [GH2004] 18 follow the extrapolation of the M_BH-σ* relation established for more massive, inactive galaxies.","This object is scientifically notable for being part of a sample of active galaxies with very low black hole masses (typically < 2 × 10^6 M_sun), which helps astronomers understand if the scaling relations between black holes and their host galaxies hold true at the low-mass end of the distribution.","The literature does not provide specific details regarding the visual appearance of [GH2004] 18 in Hubble imagery, other than noting that morphological information for such samples is often used to examine host galaxy properties."
ACS-GC 20019717,4000736224131,QSO,,SIMBAD,9.0,20,2022ApJ...925...34C;2022A&A...664A.117D;2020ApJ...888...78S;2019ApJ...878...11Z;2018ApJS..234...21D;2016ApJ...817...34M;2016ApJ...819...62C;2014MNRAS.443.2679B,"ACS-GC 20019717 is identified as a QSO within the COSMOS field, a region extensively surveyed by the Hubble Space Telescope and other observatories. The provided literature describes broad surveys—such as the ACS-AGN catalog and the Chandra COSMOS-Legacy survey—that analyze the statistical properties of AGN host galaxies, including their star formation rates, stellar masses, and structural parameters. However, the provided abstracts do not contain specific information or individual analysis regarding this particular object.","The provided literature does not contain specific information about this object, so its individual scientific notability cannot be determined from the provided text.",The literature gives no clue to the visual appearance of this specific object.
[OMS2023] 4000960860082,4000960860032,G,,NED,50.0,1,2023ApJ...948...40O,"The object [OMS2023] 4000960860082 is identified as part of a large-scale catalog of 21,926 interacting galaxy systems compiled from the Hubble Space Telescope archive. This catalog was generated using the Zoobot convolutional neural network to analyze HST F814W images, aiming to significantly expand the sample size of known interacting galaxies for studies on galaxy formation and evolution. The object is one of many candidates identified through this automated visual analysis process.","It is notable primarily for being classified as an interacting galaxy system by a machine learning model, contributing to a dataset that is nearly an order of magnitude larger than previous catalogs.","The object likely caught the model's attention due to morphological features indicative of a galaxy interaction, such as tidal tails, distorted shapes, or signs of a merger."
[OMS2023] 6000402550471,4001097389299,G,,NED,49.666666666666664,1,2023ApJ...948...40O,This object is identified as part of a large-scale catalog of interacting galaxies derived from the Hubble Space Telescope archives using the Zoobot convolutional neural network. It was selected as a candidate for galaxy interaction based on automated visual analysis of HST F814W images. The object is one of many in this study that previously lacked references in major databases like NED or Simbad.,"It is notable primarily for being part of a significant, newly identified sample of interacting galaxy systems that were previously uncatalogued in major astronomical databases.","The object likely caught the model's attention due to morphological features indicative of galaxy interaction, such as tidal tails, distorted shapes, or signs of a merger, which the Zoobot neural network was trained to detect."
SDSS J121759.57+144626.2,4001413889751,G,,NED,49.666666666666664,2,2011MNRAS.417.1891A;2007MNRAS.375...68C,"SDSS J121759.57+144626.2 is identified in the literature as a member of the large-scale MegaZ-LRG catalogue, which consists of over one million luminous red galaxies (LRGs) selected from the Sloan Digital Sky Survey. The literature focuses on the development and validation of photometric redshift estimation techniques, specifically using neural network-based methods like ANNz, applied to these LRG samples. The object is essentially a data point within these massive statistical studies of galaxy populations rather than the subject of individual astrophysical analysis.",This object is not individually notable in the provided literature; it is significant only as a representative member of the Luminous Red Galaxy population used to calibrate and test photometric redshift algorithms.,"The literature provides no specific information regarding the visual appearance of this object. Its high interest score is likely due to its classification as a luminous red galaxy, which typically presents as a bright, elliptical-like galaxy in imaging surveys."
COSMOS2015 771743,4000831301815,EmG,,SIMBAD,49.0,7,2022ApJS..258...11W;2022ApJ...925...34C;2021ApJS..256...44V;2015A&A...578A.105A;2013ApJS..206....8M;2013A&A...556A..55I;2007ApJS..172...70L,"COSMOS2015 771743 is an object identified within the COSMOS field, a region extensively studied by large-scale surveys like zCOSMOS, UltraVISTA, and COSMOS-DASH. The literature provided describes the general methodology for cataloging these sources, including photometric redshift estimation, structural parameter measurement, and spectroscopic follow-up for galaxy evolution studies. There is no specific, individual scientific study or characterization available for this specific object ID in the provided abstracts.",The object is not individually notable in the provided literature; it is one of millions of sources cataloged within the COSMOS field surveys.,The literature does not provide specific information regarding the visual appearance of this object.
2XMM J084709.5+344917,4000713397655,X,,SIMBAD,49.0,1,2011A&A...527A.126P,"2XMM J084709.5+344917 is an X-ray source identified in the 2XMMi catalogue, which was compiled from XMM-Newton observations. The available literature focuses on the general methodology of cross-matching this catalogue with the Sloan Digital Sky Survey (SDSS) to identify optical counterparts for high-energy emitters. There is no specific scientific study or detailed characterization available for this particular object beyond its inclusion in these large-scale survey cross-matching efforts.","This object is not notable for any specific astrophysical phenomenon; it is simply one of over 30,000 X-ray sources identified with high probability in the SDSS DR7 cross-match.",The literature provides no information regarding the visual appearance of this object.
WINGS J132800.77-272016.6,4000721973364,G,,NED,49.0,3,2014A&A...572A..87D;2012MNRAS.420..926F;2009A&A...497..667V,"WINGS J132800.77-272016.6 is a galaxy identified within the WIde-field Nearby Galaxy-clusters Survey (WINGS). The literature regarding this object primarily consists of its inclusion in large-scale photometric and morphological catalogs derived from the WINGS survey, which aims to provide a local reference for galaxy evolution studies. It has been processed by automated tools such as GASPHOT for surface photometry and MORPHOT for morphological classification, but it is not the subject of individual, detailed astrophysical study in the provided abstracts.","This object is notable primarily as a data point within the WINGS survey, a comprehensive dataset of 77 nearby X-ray selected galaxy clusters used to establish a baseline for galaxy evolution.","The literature provides no specific information regarding the visual appearance of this particular galaxy, so it is unclear why it would be of specific interest to an image-scoring model."
COSMOS2015 567004,4000901179785,G,,SIMBAD,48.0,9,2022ApJS..258...11W;2022ApJS..258...11W;2022ApJ...925...34C;2022ApJS..258...11W;2022ApJ...925...34C;2013ApJS..206....8M;2013A&A...556A..55I;2013ApJS..206....8M,"COSMOS2015 567004 is an entry in the COSMOS2015 catalog, which is a comprehensive multi-wavelength photometric catalog of the COSMOS field. The literature provided discusses the COSMOS survey's role in providing deep, panchromatic data for millions of extragalactic sources, enabling studies of galaxy evolution, photometric redshifts, and structural properties. There is no specific scientific literature or individual analysis available for this specific catalog ID beyond its inclusion in these large-scale survey datasets.",This object is not individually notable in the literature; it is one of millions of sources cataloged within the COSMOS field to facilitate large-scale statistical studies of galaxy populations.,"The literature provides no specific information regarding the visual appearance of this object. Its inclusion in an image-scoring model likely stems from its presence in high-resolution HST imaging data used for the COSMOS-DASH or similar surveys, rather than any documented unusual morphological feature."
[OMS2023] 4000976490071,4000838861232,G,,NED,48.0,1,2023ApJ...948...40O,"This object is identified as part of a large-scale catalog of 21,926 interacting galaxy systems derived from the Hubble Space Telescope science archives. The catalog was constructed using the Zoobot convolutional neural network to analyze HST F814W images from the Hubble Source Catalog. The object is one of many identified in this study, which aims to improve the sample size of interacting galaxies available for studying galaxy formation and evolution.","It is notable primarily for being part of a massive, systematically identified catalog of interacting galaxies, the majority of which had no prior references in major astronomical databases like NED or Simbad.","The object likely caught the model's attention due to morphological features indicative of a galaxy interaction, such as tidal tails, distorted shapes, or multiple nuclei, which the Zoobot neural network was specifically trained to detect."
EGSIRAC J142030.96+530758.1,4000817270105,,,NED,48.0,1,2008ApJS..177..431B,"EGSIRAC J142030.96+530758.1 is an object identified in the Spitzer Space Telescope's Infrared Array Camera (IRAC) survey of the Extended Groth Strip (EGS). It is part of a large catalog of mid-infrared sources that includes a diverse population of objects, ranging from low-redshift star-forming galaxies to high-redshift galaxies and active galactic nuclei (AGNs). The literature provides no specific, individual characterization for this particular source beyond its inclusion in this general infrared catalog.","The object is notable primarily as a detected source within the deep EGS infrared survey, which is used to study galaxy evolution and population statistics, though it lacks unique scientific distinction in the provided literature.",The literature provides no information regarding the specific visual appearance of this object in a Hubble image.
CANDELS EGS F160W J142033.0+530522.0,4000793999698,G,,SIMBAD,47.666666666666664,7,2020ApJ...905..170M;2017ApJS..229...32S;2017ApJS..229...32S;2014ApJS..214...24S;2013ApJS..204...21M;2011ApJS..193...30B;2007MNRAS.382..109T,"CANDELS EGS F160W J142033.0+530522.0 is a catalog entry from the Cosmic Assembly Near-infrared Deep Extragalactic Legacy Survey (CANDELS) in the Extended Groth Strip (EGS) field. It is one of tens of thousands of sources identified in the F160W near-infrared band as part of large-scale multi-wavelength photometric surveys. These catalogs are primarily used to study galaxy evolution, stellar mass assembly, and photometric redshift distributions across cosmic time.",This object is not individually notable in the provided literature; it is a generic data point within a large statistical sample of galaxies used for studying galaxy structural evolution and mass assembly.,"The literature provides no specific information regarding the visual appearance of this individual object, as it is only mentioned as part of a large photometric catalog."
WISEA J025241.59-150025.4,4000896310727,G,,NED,47.666666666666664,2,2023ApJ...948...40O;2022A&A...667A.141G,"WISEA J025241.59-150025.4 is identified in recent large-scale archival studies as a candidate for further investigation. It appears in catalogs derived from the Hubble Space Telescope archives, specifically those focused on identifying interacting galaxy systems and potential strong gravitational lenses. The literature does not provide specific individual properties for this object, as it is part of a large, automated sample generated by machine learning and crowdsourcing efforts.","The object is notable for being flagged by automated pipelines and citizen science projects as a potential interacting galaxy or a strong gravitational lens candidate, marking it as a target of interest for future high-resolution follow-up.","Given its inclusion in catalogs of interacting galaxies and gravitational lenses, the image likely displays morphological distortions such as tidal tails, bridges, or the characteristic arcs and rings associated with gravitational lensing."
COSMOS2015 385038,4000739672025,G,,SIMBAD,47.5,4,2022ApJS..258...11W;2022ApJ...925...34C;2013ApJS..206....8M;2013A&A...556A..55I,"COSMOS2015 385038 is an entry in the COSMOS2015 photometric catalog, which is a large-scale survey dataset used for studying galaxy evolution, stellar mass functions, and photometric redshifts. The literature provided discusses the COSMOS field catalogs generally, focusing on the methodology for multi-wavelength photometry, structural parameter measurements, and the evolution of galaxy populations across cosmic time. There is no specific scientific literature or individual study dedicated to this specific object identifier.",This object is not individually notable in the provided literature; it is simply one of the millions of sources cataloged within the COSMOS field to facilitate large-scale statistical studies of galaxy evolution.,"The literature provides no information regarding the specific visual appearance of this object, so it is impossible to speculate on why an image-scoring model might have flagged it."
SDSS J212920.60-074226.9,4000736938609,BiC,,SIMBAD,47.0,1,2011ApJ...736...21S,SDSS J212920.60-074226.9 is identified in the literature as a candidate Brightest Cluster Galaxy (BCG) extracted from the Sloan Digital Sky Survey Data Release 6. It was cataloged as part of a large-scale study using an adaptive matched filter cluster finder to identify galaxy clusters and their central galaxies. The available literature provides no specific individual analysis or unique physical properties for this particular object beyond its classification as a BCG candidate.,"This object is notable primarily as a candidate for the central, most luminous galaxy within a galaxy cluster, which are key tracers for studying cluster evolution and cosmology.","The literature does not provide specific details regarding the visual morphology of this object, so it is unclear what specific visual features caught the model's attention."
COSMOS2015 921124,4000789405102,G,,SIMBAD,47.0,8,2022ApJS..258...11W;2022ApJ...925...34C;2022ApJS..258...11W;2022ApJ...925...34C;2013ApJS..206....8M;2013A&A...556A..55I;2013ApJS..206....8M;2013A&A...556A..55I,"COSMOS2015 921124 is a galaxy identified within the COSMOS field, a major extragalactic survey area. The literature provided does not contain specific, individual analysis of this object, but rather describes it as part of large-scale photometric and morphological catalogs. These catalogs are used to study galaxy evolution, stellar mass functions, and structural properties across cosmic time.",This object is not individually notable in the provided literature; it is one of millions of sources cataloged in the COSMOS field to facilitate statistical studies of galaxy populations.,The literature provides no specific information regarding the visual appearance of this object.
NAME CB 26 YSO 1,4001116569140,Y*O,,SIMBAD,47.0,10,2016MNRAS.462..858K;2014ApJ...783....6V;2013A&A...549A..92G;2013A&A...549A..97R;2012A&A...538A...2P;2011ApJ...743L...2C;2010A&ARv..18..317A;2008ApJS..175..277D,"The provided literature does not contain specific information about the object CB 26 YSO 1. While the abstracts discuss general topics such as protoplanetary disks, protostellar jets, and the SCUBA Legacy Catalogues, they do not provide details on this specific object.",The provided abstracts do not contain information regarding the scientific notability of this specific object.,The provided literature gives no clue to the visual appearance of this specific object in a Hubble image.
[OMS2023] 4001015105868,4000895208136,G,,NED,47.0,1,2023ApJ...948...40O,"[OMS2023] 4001015105868 is a galaxy identified as part of a large-scale catalog of 21,926 interacting galaxy systems derived from the Hubble Space Telescope archives. It was detected using the Zoobot convolutional neural network, which analyzed HST F814W images to identify potential mergers and interacting systems. The object is part of a broader effort to expand the sample size of interacting galaxies available for studying galaxy formation and evolution.","This object is notable primarily because it was algorithmically identified as a candidate interacting galaxy system, contributing to a significantly expanded dataset of such objects that were previously uncatalogued.","The object likely caught the model's attention due to morphological features indicative of interaction, such as tidal tails, distorted shapes, or signs of merging, which the Zoobot neural network is specifically trained to detect."
SDSS J142049.43+525910.2,4000977077537,AGN,,SIMBAD,46.666666666666664,1,2020ApJS..250...10K,"SDSS J142049.43+525910.2 is identified as an active galactic nucleus (AGN) included in the Sloan Digital Sky Survey (SDSS) Reverberation Mapping project. This project monitors a large sample of AGNs to obtain long-term photometric and spectroscopic data, which are used to study variability and characterize the central engines of these galaxies. The object serves as a data point in broader studies aimed at quantifying AGN variability using metrics like the Welch-Stetson J index.","It is notable primarily as part of a large, systematic sample used to refine methods for measuring AGN variability and reverberation mapping, which helps constrain black hole masses and accretion disk physics.","The literature does not provide specific details regarding the visual appearance of this object, so it is unclear what specific morphological feature caught the model's attention."
ASV 30,4000791260510,G,,SIMBAD,46.333333333333336,2,1994A&A...291..411A;1992MNRAS.254p..27G,ASV 30 is identified in the literature as one of the objects within the field of the gravitationally lensed quasar Q 0957+561. It is part of a dataset containing redshift measurements and photometric data for objects surrounding the central lens galaxy G1. The literature focuses on characterizing the cluster environment at z=0.355 surrounding this famous lens system rather than detailing the specific properties of ASV 30 itself.,"ASV 30 is notable primarily as a member of the galaxy population in the field of the first discovered gravitationally lensed quasar, which is critical for modeling the lens mass distribution and determining the Hubble constant.","The literature does not provide specific details regarding the visual appearance of ASV 30, so it is unclear why the model flagged it."
AEGIS20 J141908.83+524400.7,4000943276114,rG,,SIMBAD,46.333333333333336,5,2025ApJS..281...60L;2016ApJS..225...27M;2013ApJS..204...21M;2012ApJ...756...72W;2012ApJS..202....6G,"AEGIS20 J141908.83+524400.7 is a microjansky radio source identified as part of the AEGIS20 survey, which cataloged 510 radio sources in the Extended Groth Strip. This survey is notable for achieving a 100% identification rate of radio counterparts using deep infrared imaging. The sample consists of a mix of starburst galaxies and active galactic nuclei (AGNs) spanning a range of redshifts.","The object is part of a rare, fully identified sample of microjansky radio sources, which provides critical data for distinguishing between starburst-driven and AGN-driven radio emission in faint populations.",The provided literature discusses the AEGIS20 sample as a whole and does not describe the specific visual morphology of this individual object.
COSMOS2015 779505,4000976903824,EmG,,SIMBAD,46.0,14,2022ApJ...925...34C;2018ApJS..234...21D;2018MNRAS.478.1292H;2015A&A...578A.105A;2013ApJS..206....8M;2013A&A...556A..55I;2012ApJ...753..121K;2012ApJ...753..121K,"The provided literature consists of broad survey papers covering the COSMOS field and does not contain specific information regarding the object COSMOS2015 779505. While the object is categorized as an Emission-line Galaxy (EmG) within a field extensively studied for galaxy evolution and star formation, there is no specific data available in the provided excerpts to characterize this individual source.",The provided abstracts do not contain information regarding the specific scientific notability of this object.,The literature gives no clue to the visual appearance of this object.
VVDS 220560222,4000798870544,G,,SIMBAD,46.0,5,2022ApJ...940..114R;2018A&A...611A..53J;2013A&A...559A..14L;2009A&A...495...53L;2009MNRAS.400..299L,"VVDS 220560222 is an object identified within the VIMOS VLT Deep Survey (VVDS), a large-scale spectroscopic survey designed to study galaxy evolution across cosmic time. The literature provided discusses the VVDS catalog as a whole, focusing on its methodology for obtaining spectroscopic redshifts, assessing reliability, and analyzing galaxy properties like mass-metallicity relations. There is no specific scientific literature available that discusses the individual properties or characteristics of the object VVDS 220560222.",This object is not individually notable in the provided literature; it is simply one of the many thousands of galaxies included in the VVDS dataset for statistical analysis of galaxy evolution.,"The literature provides no information regarding the visual appearance of this specific object, so it is impossible to speculate on why it might have caught an image-scoring model's attention."
SDSS J173934.74+685438.0,4000975462491,G,,NED,46.0,1,2023ApJ...948...40O,"SDSS J173934.74+685438.0 is identified as an interacting galaxy system within a large-scale catalog derived from Hubble Space Telescope archival data. It was detected using the Zoobot convolutional neural network, which scanned HST F814W images to identify potential mergers and interacting systems. The object is part of a broader study aimed at expanding the sample size of interacting galaxies to better understand galaxy formation and evolution.","It is notable primarily for being part of a large, machine-learning-generated catalog of interacting galaxies, the majority of which had no previous references in major astronomical databases like NED or Simbad.","The object likely caught the model's attention due to morphological features characteristic of galaxy interactions, such as tidal tails, distorted shapes, or signs of merging, which the Zoobot algorithm is specifically trained to detect."
[OMS2023] 4000722906530,4000722906501,G,,NED,46.0,1,2023ApJ...948...40O,"[OMS2023] 4000722906530 is identified as an interacting galaxy system within a large-scale catalog of 21,926 such objects derived from the Hubble Space Telescope archives. The object was selected using the Zoobot convolutional neural network, which analyzed HST F814W images to identify systems undergoing gravitational interaction or merger events. It is part of a broader effort to expand the sample size of interacting galaxies available for studying galaxy formation and evolution.","This object is notable primarily as a candidate for an interacting galaxy system identified through automated machine learning classification of the entire Hubble archive. It represents a significant addition to the census of merging galaxies, many of which lack prior documentation in databases like NED or Simbad.","The object likely caught the model's attention due to morphological features indicative of galaxy interaction, such as tidal tails, distorted shapes, or signs of merging components visible in the HST imaging."
WISEA J212345.00-530232.4,4001010764555,G,,NED,46.0,1,2023ApJ...948...40O,"WISEA J212345.00-530232.4 is identified as an interacting galaxy system within a large-scale catalog derived from Hubble Space Telescope archival data. The object was detected using the Zoobot convolutional neural network, which scanned millions of sources to identify morphological signatures of galaxy interactions. It is part of a broader study aimed at expanding the sample size of interacting galaxies to better understand their role in galaxy evolution.","It is notable primarily for being part of a large, newly identified sample of interacting galaxies discovered through automated machine learning analysis of the Hubble archive, rather than traditional manual selection.","The object likely exhibits morphological distortions, such as tidal tails, bridges, or asymmetric features, characteristic of galaxy interactions that triggered the Zoobot model's high interest score."
COSMOS2015 486569,4001244667344,G,,SIMBAD,45.0,5,2022ApJS..258...11W;2022ApJ...925...34C;2022ApJS..258...11W;2013ApJS..206....8M;2013A&A...556A..55I,"COSMOS2015 486569 is a galaxy identified within the COSMOS field, a region extensively studied for extragalactic evolution. The provided literature focuses on large-scale survey catalogs (COSMOS2015, COSMOS2020, COSMOS-DASH, and UltraVISTA) that utilize this object as a data point for measuring photometric redshifts, stellar masses, and morphological properties across cosmic time. There is no specific scientific literature detailing the unique properties of this individual object beyond its inclusion in these massive statistical samples.",This object is not individually notable in the provided literature; it is one of millions of sources cataloged in the COSMOS field to facilitate statistical studies of galaxy evolution.,"The literature provides no specific information regarding the visual appearance of this object, so any speculation on why an image-scoring model found it interesting would be unfounded."
ACS-GC 20193411,4000755600966,AGN,,SIMBAD,45.0,19,2020ApJ...888...78S;2020ApJ...889...32S;2018ApJ...858...77H;2016ApJ...817...34M;2016ApJ...819...62C;2014MNRAS.443.2679B;2011ApJ...742...61S;2011ApJ...733...60T,"ACS-GC 20193411 is identified as an active galactic nucleus (AGN) host galaxy within the COSMOS field, appearing in the Advanced Camera for Surveys Active Galactic Nuclei (ACS-AGN) catalog. Research involving this catalog typically focuses on the statistical properties of AGN host galaxies, such as the correlation between star formation rates, AGN luminosity, and stellar mass. These studies generally investigate the co-evolution of supermassive black holes and their host galaxies, often finding that AGN host galaxies tend to lie below the star-forming main sequence.","The object is notable primarily as a data point in large-scale surveys of AGN host galaxies in the COSMOS field, which are used to constrain models of galaxy evolution and black hole growth across cosmic time.",The literature does not provide specific details regarding the visual appearance of this individual object; its inclusion in the catalog is based on multiwavelength selection criteria (Spitzer/Chandra) rather than a specific morphological feature.
COSMOS 2129245,4001037562775,G,,SIMBAD,45.0,7,2022ApJ...925...34C;2020MNRAS.499.3399R;2016ApJ...832...90W;2014AJ....148..137L;2013ApJS..206....8M;2010ApJ...709..572K;2010ApJ...721...98K,"COSMOS 2129245 is a galaxy identified within the COSMOS field, a region extensively studied for galaxy evolution, morphology, and structural properties. The literature provided discusses the COSMOS field's general galaxy populations, including studies on major mergers, tidal tails, and structural parameter catalogs like COSMOS-DASH. While the object is cataloged within these datasets, the provided abstracts do not contain specific, unique information or individual analysis regarding the properties of COSMOS 2129245 itself.",There is no specific information in the provided literature that makes this particular object scientifically notable or unusual compared to the thousands of other galaxies in the COSMOS survey.,"The literature does not provide specific details about the appearance of this object; therefore, it is impossible to speculate on what visual features caught the model's attention."
COSMOS2015 338583,4001280999061,G,,SIMBAD,45.0,11,2022ApJS..258...11W;2022ApJ...925...34C;2020MNRAS.499.3399R;2016ApJ...832...90W;2015A&A...584A..62C;2014MNRAS.443.2679B;2014AJ....148..137L;2013ApJS..206....8M,"COSMOS2015 338583 is a galaxy cataloged within the COSMOS field, a major extragalactic survey area frequently used to study galaxy evolution, morphology, and merger history. The literature provided discusses the broader COSMOS datasets and catalogs, such as COSMOS2015 and COSMOS2020, which are used to measure photometric redshifts, stellar masses, and structural properties of galaxies. While the object is listed in these catalogs, the provided abstracts do not contain specific, individual scientific findings or unique characteristics for this specific source ID.",There is no information in the provided literature to suggest this specific object is scientifically notable or unusual compared to other galaxies in the COSMOS field.,The literature provides no specific information regarding the visual appearance of this object.
COSMOS2015 666360,4001084652692,G,,SIMBAD,45.0,8,2022ApJS..258...11W;2022ApJ...925...34C;2022ApJS..258...11W;2022ApJ...925...34C;2013ApJS..206....8M;2013A&A...556A..55I;2013ApJS..206....8M;2013A&A...556A..55I,"COSMOS2015 666360 is an entry in the COSMOS2015 photometric catalog, a large-scale survey dataset used for studying galaxy evolution, stellar mass functions, and photometric redshift estimation. The provided literature focuses on the methodology of the COSMOS surveys, such as the COSMOS2020 and UltraVISTA catalogs, rather than providing specific details or physical characteristics for this individual object. Consequently, there is no specific information available in the provided abstracts regarding the nature or properties of this particular galaxy.",This object is not individually notable in the provided literature; it is simply one of the millions of sources cataloged within the COSMOS field for statistical studies of galaxy populations.,The literature provides no information regarding the visual appearance of this specific object.
COSMOS2015 239526,4000896856592,G,,SIMBAD,45.0,1,2022ApJS..258...11W,"COSMOS2015 239526 is a source identified within the COSMOS field, a major extragalactic survey area. It is included in the COSMOS2020 catalog, which provides updated multiwavelength photometry and photometric redshifts for millions of sources using advanced extraction tools like THE FARMER. The literature focuses on the catalog's methodology and the improvement of photometric redshift accuracy rather than the specific physical properties of this individual object.","This object is notable primarily as a data point within the large-scale COSMOS2020 catalog, which serves as a reference for studying galaxy evolution across cosmic time.",The provided literature does not contain specific information regarding the visual appearance or morphology of this object.
SDSS J100138.48+025129.2,4001239405409,G,,SIMBAD,45.0,6,2019ApJ...880..142S;2010ApJ...709..572K;2010ApJ...721...98K;2009MNRAS.395..255M;2009AJ....138.1261F;2009MNRAS.395..255M,"The object SDSS J100138.48+025129.2 is identified in astronomical catalogs as a galaxy, but the provided literature does not contain specific, individual studies or detailed characterizations of this particular source. The papers provided are broad survey-level studies covering the COSMOS field and SDSS compact group catalogs, which include thousands of objects but do not offer unique information about this specific galaxy. Consequently, there is no specific scientific literature available to synthesize regarding its individual properties.",There is no information in the provided literature to suggest that this object is scientifically notable or unusual.,The provided literature gives no clue to the visual appearance of this object.
[OMS2023] 4001300488049,4001300488013,G,,NED,45.0,1,2023ApJ...948...40O,"[OMS2023] 4001300488049 is an object identified as part of a large-scale catalog of interacting galaxies derived from the Hubble Space Telescope archives. It was selected using the Zoobot convolutional neural network, which analyzed Hubble Source Catalog entries to identify potential galaxy interactions. The literature does not provide specific physical details or properties for this individual object beyond its inclusion in this automated survey of interacting systems.","The object is notable primarily for being part of a massive, machine-learning-generated catalog of interacting galaxies, the majority of which were previously uncatalogued in databases like NED or Simbad.","The object was likely flagged by the Zoobot model due to morphological features characteristic of galaxy interactions, such as tidal tails, distorted shapes, or multiple nuclei, which the model is trained to detect."
COSMOS2015 914725,4001232006487,EmG,,SIMBAD,44.666666666666664,15,2022ApJS..258...11W;2022ApJ...925...34C;2022ApJS..258...11W;2022ApJ...925...34C;2018ApJS..234...21D;2018ApJS..234...21D;2015A&A...578A.105A;2013ApJS..206....8M,"COSMOS2015 914725 is a catalog entry within the COSMOS field, a widely studied region of the sky used for extragalactic surveys. The provided literature discusses the COSMOS field generally, focusing on large-scale photometric and spectroscopic catalogs, structural property measurements, and the identification of specific galaxy populations like extreme emission-line galaxies (EELGs). There is no specific information in the provided abstracts that discusses the individual properties or scientific findings unique to the object identified as COSMOS2015 914725.",The provided literature does not contain specific information regarding the scientific notability of this individual object.,The literature provides no specific information regarding the visual appearance of this object.
WISEA J105633.04-034606.3,4000775572930,G,,NED,44.666666666666664,1,2023ApJ...948...40O,"WISEA J105633.04-034606.3 is identified as an interacting galaxy system within a large-scale catalog derived from Hubble Space Telescope archival data. It was discovered using the Zoobot convolutional neural network, which scanned the Hubble Source Catalog to identify potential mergers and interacting systems. The object is part of a broader study aimed at expanding the sample size of interacting galaxies to better understand galaxy formation and evolution.","It is notable primarily for being part of a large, newly identified sample of interacting galaxies that were previously uncatalogued in major databases like NED or Simbad.","The object likely caught the model's attention due to morphological features characteristic of galaxy interactions, such as tidal tails, distorted shapes, or signs of merging components visible in the HST F814W imaging."
[OMS2023] 4000961670973,4000890975538,G,,NED,44.333333333333336,1,2023ApJ...948...40O,"This object is identified as part of a large-scale catalog of 21,926 interacting galaxy systems compiled from the Hubble Space Telescope archives using the Zoobot convolutional neural network. The study focuses on identifying galaxy mergers and interactions to better understand galaxy formation and evolution. The object was selected specifically for its high probability of being an interacting system based on automated visual analysis of HST F814W images.","It is notable for being part of a massive, newly identified sample of interacting galaxies, the majority of which had no previous references in major astronomical databases like NED or Simbad.","The object likely caught the model's attention due to morphological features characteristic of galaxy interactions, such as tidal tails, distorted shapes, or signs of merging, which the Zoobot neural network is trained to detect."
[OMS2023] 4001086146991,4001414304839,G,1.513,NED,44.333333333333336,2,2023ApJ...948...40O;2012ApJS..199...25P,"The object [OMS2023] 4001086146991 is identified as a galaxy cataloged within a large-scale study of interacting galaxies derived from the Hubble Space Telescope archives. This specific catalog utilized the Zoobot convolutional neural network to identify interacting systems across the HST archive. The object is associated with the broader context of high-redshift galaxy studies, such as those conducted within the CLASH survey, which focuses on gravitational lensing and galaxy evolution.","This object is notable primarily for its inclusion in a massive, machine-learning-generated catalog of interacting galaxy systems, which significantly expands the sample size of such objects available for study. Its high redshift (z = 1.513) places it in an epoch where galaxy interactions and evolution are of particular interest to cosmologists.","The object's appearance likely caught the model's attention due to morphological features indicative of a galaxy interaction, such as tidal tails, distorted shapes, or signs of merging, which are the primary criteria for the catalog in which it appears."
COSMOS2015 939263,4001249146197,G,,SIMBAD,44.0,12,2024ApJ...961..118K;2022ApJS..258...11W;2022ApJS..258...11W;2022ApJ...925...34C;2021ApJS..256...44V;2020MNRAS.499.3399R;2016ApJ...832...90W;2014MNRAS.443.2679B,"COSMOS2015 939263 is an entry within the COSMOS survey catalogs, which are large-scale, multi-wavelength datasets used to study galaxy evolution, structure, and star formation history across cosmic time. The literature provided does not contain specific, individual analysis of this particular object, as it is part of large statistical samples (such as the COSMOS2015/2020 catalogs or LEGA-C survey) used for broader studies of galaxy populations. Consequently, there is no unique scientific literature available for this specific object.",This object is not individually notable in the provided literature; it is a data point within large-scale extragalactic surveys used to characterize general galaxy properties.,"The literature provides no specific information regarding the visual appearance of this object, so any speculation on why it caught an image-scoring model's attention would be unfounded."
[TCB2007] 12024244,4000814979825,G,,SIMBAD,44.0,1,2007MNRAS.382..109T,[TCB2007] 12024244 is identified as part of a sample of very massive galaxies (M⋆ ≥ 10^11 h^-2_70 M☉) studied to understand size evolution since z ~ 2. The literature focuses on this object as a data point in a broader study of how massive galaxies have grown in size over cosmic time. It is categorized within a population of high-mass galaxies that were significantly more compact in the past than their local counterparts.,"This object is notable for being part of a population of high-mass, high-concentration galaxies that were significantly denser and smaller in the past, a class of objects that essentially no longer exists in the nearby Universe.","The object's high concentration (Sérsic index n > 2.5) and compact, spheroid-like morphology likely caught the model's attention, as these features are distinct from typical disk galaxies."
CFRS 22.0274,4001327426352,G,,SIMBAD,44.0,8,2018A&A...611A..53J;2013A&A...559A..14L;2009A&A...495...53L;2005ApJ...634..849M;2005ApJ...635..260S;2003ApJ...597..730L;1997ApJ...481...49H;1995ApJ...455...75L,"CFRS 22.0274 is a galaxy identified as part of the Canada-France Redshift Survey (CFRS), a foundational study investigating the spectral properties, star formation rates, and chemical evolution of field galaxies in the redshift range 0 < z < 1.3. Literature concerning this survey focuses on the evolution of the mass-metallicity relation, demonstrating that galaxies at intermediate redshifts (z ~ 0.7) often exhibit lower metallicities compared to local counterparts of similar mass. These studies utilize emission-line diagnostics to characterize the star-forming gas and stellar populations of such objects, providing key data on how galaxy properties have changed over cosmic time.","This object is notable as a representative member of the CFRS sample, which was instrumental in establishing the empirical evidence for the evolution of the mass-metallicity relation and the increase in star formation activity in disk galaxies at intermediate redshifts.","The literature does not provide specific details regarding the visual appearance of CFRS 22.0274 in Hubble imaging, so it is not possible to speculate on the specific morphological features that may have attracted the model's attention."
COSMOS2015 620573,4001031492919,G,,SIMBAD,44.0,5,2023ApJS..268...34D;2022ApJ...925...34C;2018A&A...620A.186P;2013ApJS..206....8M;2013A&A...556A..55I,"COSMOS2015 620573 is a galaxy identified within the COSMOS field, a region extensively studied for galaxy evolution, morphology, and mass assembly. The literature provided discusses the broader COSMOS-DASH survey and other large-scale catalogs that include this object, focusing on structural parameters, photometric redshifts, and stellar population properties. There is no specific literature available that details the individual properties or unique characteristics of this specific galaxy.",This object is not individually notable in the provided literature; it is one of many thousands of galaxies included in large-scale statistical surveys of the COSMOS field.,"The literature provides no information regarding the specific visual appearance of this object, so any speculation on why it caught an image-scoring model's attention would be unfounded."
[CDK2017] 07099,4001414467015,G,,NED,44.0,1,2017ApJ...848...37C,"[CDK2017] 07099 is a galaxy identified within the CLASH cluster fields as part of a study focused on improving photometric accuracy in crowded fields. The literature does not provide specific physical characteristics or individual properties for this object, as it is primarily referenced as an entry in a catalog generated to refine galaxy photometry and cluster member identification. The study utilizes this catalog to analyze luminosity functions and redshift evolution across 25 galaxy clusters.",This object is notable primarily as a data point in a refined photometric catalog designed to improve the precision of galaxy colors and redshift measurements in dense cluster environments.,The literature provides no specific information regarding the visual appearance of this object.
[OMS2023] 4001454930468,4001431152766,G,,NED,44.0,1,2023ApJ...948...40O,"[OMS2023] 4001454930468 is an object identified as part of a large-scale catalog of interacting galaxies derived from Hubble Space Telescope archives. It was selected using the Zoobot convolutional neural network, which analyzed HST F814W images to identify potential galaxy interactions. The object is part of a dataset of 21,926 interacting systems, the majority of which were previously uncatalogued in databases like NED or Simbad.","The object is notable primarily for its inclusion in a massive, automated catalog of interacting galaxies, representing a system flagged by machine learning as having a morphology consistent with galactic interaction.","The object's appearance likely features signs of interaction, such as tidal tails, distorted galactic disks, or multiple nuclei, which are the primary morphological features the Zoobot model was trained to identify in this catalog."
SDSS J142024.06+530016.1,4001117801473,AGN,,SIMBAD,43.666666666666664,10,2023ApJS..268...17K;2020ApJ...888...78S;2020ApJ...905..170M;2017ApJS..229...32S;2017ApJS..229...32S;2014ApJS..214...24S;2013ApJS..204...21M;2012ApJS..202....6G,"The provided literature consists of large-scale astronomical survey catalogs, such as CANDELS, 3D-HST, and Chandra X-ray surveys, which aggregate data for thousands of galaxies and AGN. While SDSS J142024.06+530016.1 is classified as an AGN and is likely included as a data point within these extensive datasets, the available abstracts do not contain specific information or individual studies regarding this object's unique properties.",The provided abstracts do not contain information regarding why this specific object is scientifically notable or unusual.,The literature provides no clue to the object's visual appearance.
[OMS2023] 4001417641182,4001417641182,G,,NED,43.666666666666664,1,2023ApJ...948...40O,"[OMS2023] 4001417641182 is an object identified as part of a large-scale catalog of 21,926 interacting galaxy systems compiled from the Hubble Space Telescope archives. The object was detected using the Zoobot convolutional neural network, which analyzed HST F814W images to identify potential galaxy interactions. The literature provides no specific individual details about this object beyond its inclusion in this automated catalog of interacting systems.","It is notable primarily for being identified by an automated machine learning pipeline as a candidate interacting galaxy system, contributing to a significantly larger sample size than previously available.","The object likely caught the model's attention due to morphological features characteristic of galaxy interactions, such as tidal tails, distorted shapes, or signs of merging, which the Zoobot neural network is trained to detect."
[TSB2015] GLASS MACS0744-02341,4000833485507,LeG,,SIMBAD,43.333333333333336,3,2020ApJ...900..183W;2019ApJ...880...54H;2016ApJ...833..178V,"The object [TSB2015] GLASS MACS0744-02341 is identified as a galaxy studied within the Grism Lens-Amplified Survey from Space (GLASS). Literature involving this survey focuses on analyzing star-forming galaxies at cosmic noon (z ~ 1.2-2.3) and lower redshifts (z ~ 0.3-0.7) to understand metallicity gradients, star formation distribution, and the impact of stellar feedback on galaxy evolution. These studies utilize the gravitational lensing magnification provided by foreground galaxy clusters to resolve sub-kiloparsec structures in distant, low-mass galaxies.","This object is notable as a target for high-resolution spectroscopic analysis enabled by gravitational lensing, allowing researchers to probe the physical processes—such as stellar feedback and ram-pressure stripping—that govern galaxy evolution in both cluster and field environments.","The object's appearance in Hubble images likely caught the model's attention due to its status as a gravitationally lensed galaxy, which often results in stretched, magnified, or distorted morphologies that are visually distinct from typical field galaxies."
WISEA J095742.33+552246.6,4000900784774,G,,NED,43.333333333333336,1,2023ApJ...948...40O,"WISEA J095742.33+552246.6 is identified as an interacting galaxy system within a large-scale catalog derived from the Hubble Space Telescope archives. It was selected using the Zoobot convolutional neural network, which analyzed HST F814W images to identify potential galaxy mergers. The object is part of a broader study aimed at expanding the sample size of interacting galaxies to better understand galaxy formation and evolution.","It is notable for being part of a massive, automated catalog of interacting galaxies where 65% of the entries, including potentially this one, had no prior references in major astronomical databases like NED or Simbad.","The object was likely flagged by the Zoobot model due to morphological features indicative of a galaxy interaction, such as tidal tails, distorted shapes, or multiple nuclei, which are characteristic of the systems targeted in the study."
[OMS2023] 4000722901649,4000722901649,G,,NED,43.333333333333336,1,2023ApJ...948...40O,"This object is identified as a galaxy within a large-scale catalog of 21,926 interacting galaxy systems derived from the Hubble Space Telescope archives. It was identified using the Zoobot convolutional neural network, which analyzed Hubble Source Catalog data to find potential galaxy interactions. The literature does not provide specific physical properties or detailed characteristics for this individual object beyond its inclusion in this automated survey of interacting systems.","The object is notable primarily for being part of a massive, machine-learning-generated catalog of interacting galaxies, the majority of which had no prior references in major astronomical databases like NED or Simbad.","The object's appearance likely caught the model's attention because it exhibits morphological features characteristic of galaxy interactions, such as tidal tails, distorted shapes, or signs of merging, which the Zoobot algorithm was specifically trained to detect."
COSMOS 785761,4000924444478,G,,SIMBAD,43.0,11,2022ApJ...925...34C;2020MNRAS.499.3399R;2016ApJ...832...90W;2014MNRAS.443.2679B;2013ApJS..206....8M;2012ApJ...753..121K;2012ApJ...753..121K;2012ApJ...753..121K,"COSMOS 785761 is a galaxy identified within the COSMOS field, a region extensively studied for galaxy evolution, structural properties, and environmental effects. It appears in large-scale catalogs derived from Hubble Space Telescope imaging, such as the COSMOS-DASH survey, which provides structural parameters for thousands of galaxies. While the provided literature discusses the COSMOS field broadly—including studies on tidal tails, galaxy groups, and photometric catalogs—there is no specific information or unique scientific analysis dedicated to the individual object COSMOS 785761.",There is no specific scientific literature available that identifies COSMOS 785761 as a notable or unusual object; it is likely a standard entry in a large-scale survey catalog.,The literature provides no information regarding the specific visual appearance of this object.
COSMOS2015 800083,4001162941538,G,,SIMBAD,43.0,11,2022ApJS..258...11W;2022ApJ...925...34C;2022ApJS..258...11W;2022ApJ...925...34C;2022ApJS..258...11W;2022ApJ...925...34C;2013ApJS..206....8M;2013A&A...556A..55I,"COSMOS2015 800083 is an entry in the COSMOS2015 catalog, a large-scale photometric survey of the COSMOS field. The literature provided discusses the COSMOS2015 and COSMOS2020 catalogs as comprehensive resources for multi-wavelength photometry and photometric redshifts, rather than providing specific physical details about this individual object. It is one of millions of sources identified in these surveys to study galaxy evolution, stellar mass functions, and structural properties across cosmic time.",This object is not individually notable in the provided literature; it is a standard data point within a large-scale statistical survey catalog used for studying galaxy populations.,"The literature provides no specific information regarding the visual appearance of this object, so it is impossible to speculate on why an image-scoring model would find it notable."
[BMM2014] 837185,4001243858009,G,,SIMBAD,43.0,8,2022ApJ...925...34C;2018ApJS..234...21D;2014MNRAS.443.2679B;2013ApJS..206....8M;2009ApJ...697.1842K;2009ApJS..184..218L;2007ApJS..172...70L;2006ApJ...644..100P,"The object [BMM2014] 837185 is a galaxy identified within the COSMOS field, a region extensively studied by numerous large-scale astronomical surveys such as COSMOS-DASH, zCOSMOS, and the UltraVISTA K_s-selected catalog. These surveys focus on characterizing galaxy structural properties, stellar populations, and environmental evolution across cosmic time. The literature provided describes the broader survey context in which this object is cataloged, rather than providing specific individual analysis for this particular galaxy.","This object is notable primarily as a data point within the high-precision COSMOS field catalogs, which are used to study galaxy evolution, size-mass relations, and environmental impacts on galaxy morphology out to high redshifts.","The literature does not provide specific details regarding the visual appearance of this individual object; therefore, it is not possible to speculate on what specific morphological feature caught the attention of the image-scoring model."
CXO J191431.2-211905,4000842350849,X,,SIMBAD,43.0,3,2024NatAs...8..368P;2024A&A...685A.168P;2023A&A...669A..87D,"CXO J191431.2-211905 is identified in the literature as a luminous infrared galaxy (LIRG) and a candidate for hosting a compact obscured nucleus (CON). It has been studied in the context of galaxy evolution, particularly regarding the extreme phases of star formation and supermassive black hole growth that are heavily obscured by gas and dust. Research involving this object focuses on its chemical abundance patterns, such as depressed metallicities resulting from the infall of metal-poor gas during late-stage galaxy mergers.","It is scientifically notable as a laboratory for studying the rapid, dust-enshrouded phases of galaxy evolution where chemical equilibrium is disrupted by mergers and gas accretion.","The object's appearance in Hubble imagery likely caught attention due to signs of a complex, disturbed morphology characteristic of a late-stage galaxy merger, or a highly compact, bright, and potentially dust-reddened central region."
EGSIRAC J142144.60+531022.0,4001224269831,G,,SIMBAD,43.0,2,2013ApJS..204...21M;2011ApJS..193...30B,"EGSIRAC J142144.60+531022.0 is identified as a source within the Extended Groth Strip, specifically appearing in catalogs of IRAC-selected galaxies. It is part of large-scale photometric surveys designed to provide multi-wavelength data, including UV-to-FIR spectral energy distribution analysis, to estimate properties like stellar mass and star formation rates. The literature treats this object primarily as a data point within a large statistical sample rather than as an individual subject of study.","There is no specific information in the provided literature that makes this object scientifically notable or unusual; it is simply one of nearly 80,000 sources included in a large-scale photometric survey.","The provided literature gives no clue to the object's visual appearance, as it is only discussed in the context of large-scale statistical catalogs."
COSMOS2015 971329,4000744715315,G,,SIMBAD,43.0,9,2022ApJS..258...11W;2022ApJ...925...34C;2022ApJS..258...11W;2022ApJ...925...34C;2013ApJS..206....8M;2013A&A...556A..55I;2013ApJS..206....8M;2013A&A...556A..55I,"COSMOS2015 971329 is a galaxy cataloged within the Cosmic Evolution Survey (COSMOS) field. The provided literature does not contain specific, individual analysis of this object, but rather describes the large-scale photometric and morphological surveys (such as COSMOS2020 and COSMOS-DASH) in which this object is included as a data point. These surveys are used to study galaxy evolution, stellar mass functions, and structural properties across cosmic time.",This object is not individually notable in the provided literature; it is one of hundreds of thousands of galaxies included in large-scale statistical surveys of the COSMOS field.,The literature provides no specific information regarding the visual appearance of this object; its inclusion in the dataset is likely due to its presence in the general COSMOS survey catalogs rather than any unique morphological feature.
COSMOS2015 983337,4000858402066,G,,SIMBAD,43.0,8,2022ApJS..258...11W;2022ApJ...925...34C;2019ApJ...880..142S;2013ApJS..206....8M;2013A&A...556A..55I;2012ApJ...753..121K;2010ApJ...709..572K;2010ApJ...721...98K,"COSMOS2015 983337 is a galaxy cataloged within the Cosmic Evolution Survey (COSMOS) field. The provided literature consists of broad survey papers describing the COSMOS field's multi-wavelength datasets, photometric redshift catalogs, and structural property measurements. There is no specific scientific literature or individual study dedicated to this specific object; it is simply one of the millions of sources included in these large-scale extragalactic catalogs.","This object is not individually notable in the scientific literature. It is a standard entry in large-scale photometric catalogs used for statistical studies of galaxy evolution, mass assembly, and structural properties across cosmic time.","The literature provides no specific information regarding the visual appearance of this object. Any interest from an image-scoring model is likely due to its presence in high-resolution Hubble imaging of the COSMOS field, which captures a wide variety of galaxy morphologies, but there is no evidence this specific object possesses unique features like jets or tidal tails."
COSMOS 1502926,4000901180486,G,,SIMBAD,43.0,2,2022ApJ...925...34C;2013ApJS..206....8M,"COSMOS 1502926 is identified as a galaxy within the COSMOS field, appearing in large-scale structural and photometric catalogs such as COSMOS-DASH and the UltraVISTA K_s-selected survey. These studies utilize the object as part of broader statistical samples to analyze galaxy morphology, stellar mass, and photometric redshift distributions. There is no specific literature detailing individual physical characteristics or unique properties for this specific object beyond its inclusion in these general survey datasets.",This object is not individually notable in the provided literature; it is significant only as a data point within large-scale surveys used to study galaxy evolution and structural scaling relations.,"The literature provides no specific information regarding the visual appearance of this object, so it is impossible to speculate on why an image-scoring model would find it notable."
DEEP2-GRS 12011817,4000742686853,G,,SIMBAD,43.0,4,2013ApJS..204...21M;2012ApJS..202....6G;2011ApJS..193...30B;2011ApJS..193...30B,"DEEP2-GRS 12011817 is an entry within the DEEP2 Galaxy Redshift Survey catalog, which is a large-scale survey designed to study galaxy evolution and large-scale structure. The literature provided discusses the object primarily as a data point within broader statistical samples, such as those used for photometric redshift calibration, X-ray source identification, or spectral energy distribution analysis in the Extended Groth Strip. There is no specific, individual study dedicated to the unique physical properties of this specific galaxy.",This object is not individually notable in the literature; it is significant only as a constituent member of large-scale survey catalogs used for statistical studies of galaxy populations.,"The literature provides no information regarding the specific visual morphology of this object, so it is impossible to speculate on why it might have caught an image-scoring model's attention."
COSMOS2015 763002,4001214850722,G,,SIMBAD,43.0,11,2022ApJS..258...11W;2022ApJ...925...34C;2022ApJS..258...11W;2022ApJ...925...34C;2013ApJS..206....8M;2013A&A...556A..55I;2013ApJS..206....8M;2013A&A...556A..55I,"COSMOS2015 763002 is a catalog entry within the Cosmic Evolution Survey (COSMOS) field, which is a large-scale extragalactic survey designed to study galaxy evolution across cosmic time. The provided literature describes the broader survey catalogs (COSMOS2015, COSMOS2020, and COSMOS-DASH) that contain this object, focusing on multi-wavelength photometry, photometric redshift estimation, and structural parameter measurements. There is no specific scientific literature discussing the individual properties of this specific object, as it is one of millions of sources included in these large-scale statistical surveys.",This object is not individually notable in the provided literature; it is a standard data point within large-scale photometric catalogs used for statistical studies of galaxy populations.,"The literature provides no information regarding the specific visual appearance of this object, as it is only mentioned as a catalog entry."
COSMOS2015 978647,4000830667435,G,,SIMBAD,43.0,3,2022ApJ...925...34C;2013ApJS..206....8M;2013A&A...556A..55I,"COSMOS2015 978647 is a galaxy identified within the large-scale COSMOS field surveys, such as COSMOS-DASH and UltraVISTA. These surveys focus on characterizing the structural properties, stellar masses, and star formation histories of large populations of galaxies out to high redshifts. The literature regarding this specific object is limited to its inclusion in these broad statistical catalogs, which utilize multi-wavelength photometry and morphological modeling to study galaxy evolution.",This object is not individually notable in the provided literature; it is one of tens of thousands of galaxies included in large-scale statistical surveys designed to study general trends in galaxy mass assembly and structural evolution.,The literature provides no specific information regarding the visual appearance of this object; its inclusion in the dataset is likely due to its presence in the COSMOS field rather than any unique morphological feature.
[OMS2023] 4001451104346,4000814558594,G,,NED,43.0,1,2023ApJ...948...40O,"This object is identified as part of a large-scale catalog of 21,926 interacting galaxy systems assembled from the Hubble Space Telescope science archives. It was identified using the Zoobot convolutional neural network, which analyzed Hubble Source Catalog data to find potential galaxy mergers. The literature provides no specific details about this individual object beyond its inclusion in this broad, automated survey of interacting systems.","It is notable primarily as a candidate interacting galaxy system identified through automated machine learning analysis of the Hubble archive, rather than through traditional targeted observation.","The object likely caught the model's attention due to morphological features characteristic of galaxy interactions, such as tidal tails, distorted shapes, or multiple nuclei, which the Zoobot algorithm is trained to detect."
[OMS2023] 6000343967311,4001430439930,G,,NED,43.0,1,2023ApJ...948...40O,"The object [OMS2023] 6000343967311 is identified as an interacting galaxy system within a large-scale catalog of 21,926 such systems derived from the Hubble Space Telescope archives. It was detected using the Zoobot convolutional neural network, which analyzed HST F814W images to identify potential mergers and interacting galaxies. The literature provides no specific individual properties for this object beyond its classification as part of this automated survey.","It is notable primarily as a candidate interacting galaxy system identified through automated machine learning analysis of the Hubble archive, contributing to a significantly larger sample size for studying galaxy evolution than previously available.","The object likely caught the model's attention due to morphological features characteristic of galaxy interactions, such as tidal tails, distorted shapes, or multiple nuclei, which the Zoobot neural network is trained to recognize."
HLS J071739.0+374356,4000757500691,G,1.03,NED,43.0,3,2023ApJ...948...40O;2017ApJ...848...37C;2016MNRAS.459.1626R,"HLS J071739.0+374356 is identified in the literature as a galaxy associated with the Herschel Lensing Survey (HLS) and the broader context of the HST Frontier Fields (HFF) and CLASH cluster studies. It has been studied as part of efforts to characterize dust-obscured star formation in massive lensing clusters, where gravitational magnification allows for the observation of background sources that would otherwise be too faint. The object is also included in large-scale archival catalogs of interacting galaxies identified via automated machine learning techniques.","The object is scientifically notable primarily for its location within a massive lensing cluster field, which facilitates the study of high-redshift, dust-obscured star formation that is otherwise inaccessible to Herschel without gravitational magnification.","The object's appearance likely caught the model's attention due to its classification as an interacting galaxy or its presence within a crowded, high-magnification cluster field, which often results in distorted morphologies, tidal features, or multiple images characteristic of gravitational lensing."
[OMS2023] 4000759443044,4000759442954,G,,NED,43.0,1,2023ApJ...948...40O,"This object is identified as part of a large-scale catalog of 21,926 interacting galaxy systems compiled from the Hubble Space Telescope archives using the Zoobot convolutional neural network. It was selected as a candidate for interaction based on automated visual analysis of HST F814W images. The literature does not provide specific individual details for this object beyond its inclusion in this broader archival study of galaxy mergers.","It is notable primarily for being identified as a potential interacting galaxy system by an automated machine learning pipeline, contributing to a significantly expanded sample of such objects.","The object likely caught the model's attention due to morphological features characteristic of galaxy interactions, such as tidal tails, distorted shapes, or multiple nuclei, which the Zoobot algorithm is trained to detect."
SDSS J173951.95+690718.6,4001163886850,G,,NED,43.0,1,2023ApJ...948...40O,"SDSS J173951.95+690718.6 is identified as an interacting galaxy system within a large-scale catalog derived from the Hubble Space Telescope archives. It was selected using the Zoobot convolutional neural network, which analyzed HST F814W images to identify potential galaxy mergers and interactions. The object is part of a broader study aimed at expanding the sample size of interacting galaxies to better understand their role in galaxy formation and evolution.","It is notable primarily as a candidate for a galaxy interaction or merger, identified through automated machine learning analysis of archival Hubble data.","The object likely caught the model's attention due to morphological features indicative of an interaction, such as tidal tails, distorted galactic disks, or multiple nuclei, which are characteristic of the systems targeted by the Zoobot algorithm."
COSMOS2015 548322,4001097742695,AGN,,SIMBAD,42.666666666666664,14,2022ApJS..258...11W;2022ApJ...925...34C;2022ApJS..258...11W;2022ApJ...925...34C;2018ApJS..234...21D;2018A&A...620A.186P;2013ApJS..206....8M;2013A&A...556A..55I,"The provided literature describes the broader COSMOS field surveys, such as COSMOS2020, COSMOS-DASH, and UltraVISTA, which catalog millions of extragalactic sources, including AGN. However, these abstracts do not contain specific information or individual studies regarding the object 'COSMOS2015 548322'.",The provided literature does not contain information on why this specific object is notable.,The literature gives no clue to the visual appearance of this specific object.
DEEP2-GRS 13003433,4001054465806,G,,SIMBAD,42.666666666666664,4,2013ApJS..204...21M;2012ApJS..202....6G;2011ApJS..193...30B;2007MNRAS.382..109T,"DEEP2-GRS 13003433 is a galaxy identified within the DEEP2 Galaxy Redshift Survey, a large-scale project designed to map the distribution of galaxies and their evolution over cosmic time. The literature mentioning this object focuses on the broader survey catalogs, which integrate multi-wavelength data including X-ray, optical, and infrared observations to study galaxy properties such as stellar mass, star formation rates, and photometric redshifts. There is no specific, individual study dedicated to the unique physical characteristics of this specific object in the provided abstracts.","This object is notable primarily as a data point within the large-scale DEEP2 survey, which has been instrumental in characterizing the evolution of massive galaxies and the X-ray point-source population in the distant universe.",The literature provides no specific information regarding the visual appearance of this object; its inclusion in the dataset is likely due to its role as a representative galaxy within the broader DEEP2 survey fields.
COSMOS2015 697472,4001414310874,G,,SIMBAD,42.666666666666664,8,2022ApJ...925...34C;2018ApJS..234...21D;2014MNRAS.443.2679B;2014AJ....148..137L;2013ApJS..206....8M;2012ApJ...753..121K;2009ApJS..184..218L;2007ApJS..172...70L,"COSMOS2015 697472 is a galaxy identified within the COSMOS field, a region extensively studied by large-scale surveys such as COSMOS-DASH, zCOSMOS, and the UltraVISTA K-band survey. These surveys characterize the structural, kinematic, and stellar population properties of galaxies in this field to understand galaxy evolution, environmental effects, and merger rates across cosmic time. While this specific object is cataloged within these datasets, the provided literature does not contain a unique scientific study or specific physical description for this individual galaxy.","This object is notable primarily as a data point within the COSMOS field, which serves as a critical laboratory for studying galaxy formation and evolution from the local universe out to high redshifts.","The literature provides no specific information regarding the visual appearance of this object; therefore, any speculation on why it caught an image-scoring model's attention would be unfounded."
WISEA J173942.57+690155.9,4001227961233,G,,NED,42.666666666666664,2,2023ApJ...948...40O;2011MNRAS.417.1891A,"WISEA J173942.57+690155.9 is identified as an interacting galaxy system within a large-scale catalog derived from Hubble Space Telescope archival data. The object was classified as an interacting system using the Zoobot convolutional neural network, which scanned millions of sources to identify morphological signatures of galaxy mergers. It is part of a significant sample of interacting galaxies, the majority of which lacked prior documentation in major astronomical databases like NED or Simbad.","The object is notable primarily for its inclusion in a large, machine-learning-generated catalog of interacting galaxies, highlighting its potential as a subject for studying galaxy evolution and merger processes.","The object's high interest score is likely due to clear morphological evidence of interaction, such as tidal tails, distorted galactic disks, or multiple nuclei, which the Zoobot neural network was specifically trained to detect in Hubble imagery."
[BPG2011] irac124428 1,4000751673989,G,,SIMBAD,42.333333333333336,4,2016ApJS..225...27M;2014ApJS..214...24S;2013ApJS..204...21M;2011ApJS..193...30B,"[BPG2011] irac124428 1 is a galaxy identified in the Barmby et al. (2011) catalog of IRAC-selected sources in the Extended Groth Strip. The literature does not discuss this object as an individual entity with unique physical properties, but rather includes it as one of nearly 80,000 galaxies in a large-scale photometric survey. This survey was designed to provide statistical estimates of stellar masses, star formation rates, and photometric redshifts for galaxy evolution studies.",This object is not individually notable in the scientific literature; it serves as a data point within a large-scale survey of infrared-selected galaxies.,The literature provides no specific information regarding the visual appearance of this object. It is likely that the image-scoring model flagged it simply because it is a galaxy present in high-quality Hubble/CANDELS/3D-HST imaging data.
COSMOS2015 514944,4000816030171,G,,SIMBAD,42.333333333333336,6,2022ApJS..258...11W;2022ApJ...925...34C;2018ApJ...858...77H;2013ApJS..206....8M;2013A&A...556A..55I;2007ApJS..172...70L,"COSMOS2015 514944 is an object identified within the COSMOS field, a well-studied region of the sky used for extragalactic surveys. The provided literature describes the general COSMOS catalogs and surveys (such as COSMOS2015, COSMOS2020, and COSMOS-DASH) that catalog millions of sources, including this object, to study galaxy evolution, stellar mass assembly, and large-scale structure. There is no specific scientific literature discussing the individual properties or characteristics of this specific object.",This object is not individually notable in the provided literature; it is simply one of the many millions of sources cataloged within the COSMOS field surveys.,"The literature provides no information regarding the specific visual appearance of this object, so it is impossible to speculate on why it caught the model's attention."
[OMS2023] 4000814558759,4000814558751,G,,NED,42.333333333333336,1,2023ApJ...948...40O,"The object [OMS2023] 4000814558759 is identified as an entry in a large-scale catalog of 21,926 interacting galaxy systems derived from the Hubble Space Telescope archives. This catalog was constructed using the Zoobot convolutional neural network to analyze HST F814W images and identify potential galaxy interactions. The object is part of a dataset where the majority of entries lacked prior references in databases like NED or Simbad.","It is notable primarily for being identified by an automated machine learning pipeline as a candidate interacting galaxy system within a massive archival survey, rather than through traditional targeted observation.","The object was likely flagged by the Zoobot model due to morphological features characteristic of galaxy interactions, such as tidal tails, distorted shapes, or signs of merging, which are the primary criteria for inclusion in the OMS2023 catalog."
WISEA J221805.04+002552.0,4001068369148,G,,NED,42.333333333333336,1,2023ApJ...948...40O,"WISEA J221805.04+002552.0 is identified as an interacting galaxy system within a large-scale catalog derived from the Hubble Space Telescope archives. It was selected using the Zoobot convolutional neural network, which analyzed HST F814W images to identify potential mergers and interacting systems. The object is part of a broader study aimed at expanding the sample size of interacting galaxies to better understand galaxy formation and evolution.","It is notable primarily for being identified as a candidate interacting galaxy system by an automated machine learning pipeline, contributing to a significantly larger dataset of such objects than previously available.","The object likely exhibits morphological distortions, such as tidal tails, bridges, or asymmetric features, characteristic of interacting galaxies that would trigger a high interaction probability score from the Zoobot model."
VVDS 220003073,4001068368967,G,,SIMBAD,42.0,3,2018A&A...611A..53J;2013A&A...559A..14L;2009A&A...495...53L,"VVDS 220003073 is a galaxy identified within the VIMOS VLT Deep Survey (VVDS), a large-scale spectroscopic survey designed to study galaxy evolution and properties across cosmic time. The literature mentioning this object focuses on the survey's methodology, specifically regarding the automated reliability assessment of spectroscopic redshifts and the broader analysis of galaxy properties like the mass-metallicity relation. There is no specific scientific literature detailing the individual physical characteristics or unique properties of this specific galaxy.",This object is not individually notable in the literature; it serves as a data point within the larger VVDS sample used to calibrate redshift measurement pipelines and study galaxy evolution statistics.,"The literature provides no information regarding the visual appearance of this object, so it is impossible to speculate on why it might have caught an image-scoring model's attention."
COSMOS2015 406799,4001005063352,G,,SIMBAD,42.0,8,2022ApJS..258...11W;2022ApJ...925...34C;2022ApJS..258...11W;2022ApJ...925...34C;2013ApJS..206....8M;2013A&A...556A..55I;2013ApJS..206....8M;2013A&A...556A..55I,"COSMOS2015 406799 is a galaxy identified within the COSMOS field, a major extragalactic survey area. The literature provided does not contain specific, individual analysis of this object, but rather describes it as part of large-scale photometric and morphological catalogs (such as COSMOS2015, COSMOS2020, and COSMOS-DASH). These catalogs are used to study galaxy evolution, stellar mass functions, and structural properties across cosmic time.",This object is not individually notable in the provided literature; it is one of hundreds of thousands of sources included in large-scale statistical surveys of the COSMOS field.,The literature provides no specific information regarding the visual appearance of this object.
COSMOS2015 225544,4000859551195,G,,SIMBAD,42.0,6,2022ApJS..258...11W;2022ApJ...925...34C;2014AJ....148..137L;2013A&A...556A..55I;2013ApJS..206....8M;2013A&A...556A..55I,"COSMOS2015 225544 is an entry within the COSMOS galaxy catalogs, which are large-scale surveys designed to study galaxy evolution, stellar mass assembly, and morphological properties across cosmic time. The literature provided describes the broader COSMOS field surveys, which utilize multi-wavelength data to compute photometric redshifts, stellar masses, and structural parameters for millions of sources. This specific object is a data point within these extensive catalogs rather than the subject of an individual, dedicated study.",This object is not individually notable in the provided literature; it is one of many thousands of galaxies included in the COSMOS survey catalogs to facilitate statistical studies of galaxy populations.,"The provided literature does not contain specific information regarding the visual appearance of this object, so it is not possible to speculate on why it might have caught the attention of an image-scoring model."
[MMS2013] 167655,4000778985207,G,,SIMBAD,42.0,3,2022ApJ...925...34C;2020MNRAS.499.3399R;2016ApJ...832...90W,"[MMS2013] 167655 is identified as a galaxy within the COSMOS field, appearing in catalogs focused on structural properties and morphological classification. It is specifically included in studies analyzing merging galaxies and the formation of long tidal tails in the COSMOS survey. These studies utilize Hubble Space Telescope imaging to characterize the structural evolution and merger history of galaxies out to z = 1.","The object is notable for being part of a sample of merging galaxies exhibiting long tidal tails, which are used to trace the assembly history of massive galaxies and investigate the production of tidal dwarf galaxies.","The object's high interest score is likely due to the presence of prominent, extended tidal tails or significant morphological asymmetry characteristic of a galaxy merger, which are key features identified in the literature for this sample."
COSMOS2015 927553,4001077390925,G,,SIMBAD,42.0,7,2022ApJS..258...11W;2022ApJ...925...34C;2018ApJS..234...21D;2014AJ....148..137L;2013ApJS..206....8M;2013A&A...556A..55I;2012ApJ...753..121K,"COSMOS2015 927553 is an entry within the COSMOS field galaxy catalogs. The provided literature consists of broad survey papers describing the COSMOS field, including photometric redshift catalogs, morphological studies, and group identification efforts. There is no specific scientific literature discussing this individual object's unique properties or characteristics.",This object is not individually notable in the provided literature; it is simply one of the millions of sources cataloged within the COSMOS survey field.,"The literature provides no specific information regarding the visual appearance of this object, so it is impossible to speculate on why it might have caught an image-scoring model's attention."
EGSIRAC J141726.30+522328.6,4000740341306,G,,SIMBAD,42.0,2,2013ApJS..204...21M;2011ApJS..193...30B,"EGSIRAC J141726.30+522328.6 is identified as a source within the Extended Groth Strip, appearing in large-scale photometric catalogs designed for studying galaxy properties such as stellar mass, star formation rates, and photometric redshifts. The literature identifies it as part of a large sample of IRAC-selected galaxies used to test and refine photometric redshift algorithms and spectral energy distribution (SED) analysis techniques. There is no specific, individual study dedicated to the unique physical characteristics of this specific object.",This object is not individually notable in the literature; it is significant primarily as a data point within large-scale statistical surveys of the Extended Groth Strip used to calibrate galaxy evolution models.,"The provided literature does not describe the specific visual morphology of this object, so it is unclear what visual feature might have caught an image-scoring model's attention."
COSMOS2015 631811,4001064386770,G,,SIMBAD,42.0,16,2022ApJS..258...11W;2022ApJ...925...34C;2022ApJS..258...11W;2022ApJ...925...34C;2022ApJS..258...11W;2022ApJ...925...34C;2013ApJS..206....8M;2013A&A...556A..55I,"COSMOS2015 631811 is an entry in the COSMOS2015 catalog, which is a comprehensive multi-wavelength photometric catalog of the COSMOS field. The literature provided does not contain specific, individual analysis of this object, but rather describes the broader surveys (COSMOS2015, COSMOS2020, and COSMOS-DASH) that catalog millions of such sources to study galaxy evolution, stellar mass functions, and morphological properties across cosmic time.",This object is not individually notable in the provided literature; it is one of many thousands of galaxies included in large-scale statistical surveys designed to map the evolution of the universe.,"The provided literature does not contain information regarding the specific visual appearance of this object, so it is not possible to speculate on why it might have caught an image-scoring model's attention."
COSMOS2015 290965,4000870277054,AGN,,SIMBAD,42.0,4,2022ApJS..258...11W;2022ApJS..258...11W;2012MNRAS.427.3103B;2007ApJS..172...70L,"COSMOS2015 290965 is identified as an Active Galactic Nucleus (AGN) within the COSMOS field. The available literature does not provide specific details on this individual object, as the provided papers focus on the broader COSMOS survey catalogs (COSMOS2015, COSMOS2020) and general studies of AGN host galaxy properties within the field. Consequently, there is no specific information regarding its individual physical characteristics, redshift, or unique behavior.","This object is notable primarily as a cataloged entry within the extensive COSMOS survey, which is a cornerstone for studying galaxy evolution and AGN populations. Beyond its classification as an AGN, the literature provides no specific evidence of unique or anomalous scientific properties for this particular source.","The literature provides no information regarding the specific visual appearance of this object, so any speculation on why it caught an image-scoring model's attention would be unfounded."
DES J151309.15+061229.5,4000905739993,GiC,,SIMBAD,42.0,1,2016ApJS..224....1R,"DES J151309.15+061229.5 is identified as a galaxy cluster within the RedMaPPer catalog derived from the Dark Energy Survey (DES) Science Verification data. The literature focuses on the methodology of the redMaPPer algorithm, which identifies clusters based on the red-sequence of member galaxies in photometric surveys. The object is part of a larger sample of clusters used to validate the algorithm's performance in terms of photometric redshift accuracy and mass-richness scaling relations.","The object is notable primarily as a representative member of the DES Science Verification cluster catalog, which serves as a benchmark for testing large-scale photometric cluster-finding algorithms.","The literature provides no specific details regarding the visual appearance of this individual cluster; however, its appearance in a Hubble image likely caught the model's attention due to the high density of galaxies characteristic of a galaxy cluster."
COSMOS2015 885986,4001081421282,G,,SIMBAD,42.0,1,2022ApJS..258...11W,"COSMOS2015 885986 is a source identified within the COSMOS field, a major extragalactic survey area. It is included in the COSMOS2020 catalog, which provides updated multiwavelength photometry and photometric redshifts for millions of sources using advanced extraction tools like THE FARMER. The literature does not provide specific physical characteristics or individual study details for this specific object beyond its inclusion in this large-scale photometric catalog.","This object is notable primarily as a data point within the high-precision COSMOS2020 catalog, which serves as a reference for studying galaxy evolution across cosmic time.",The literature provides no specific information regarding the visual appearance or morphology of this object.
UVISTADR1 J095915.07+014219.0,4000960391420,G,,SIMBAD,42.0,12,2022ApJ...925...34C;2022ApJS..258...11W;2022ApJ...925...34C;2018ApJS..234...21D;2013ApJS..206....8M;2013A&A...556A..55I;2013ApJS..206....8M;2013A&A...556A..55I,"UVISTADR1 J095915.07+014219.0 is a galaxy identified within the COSMOS/UltraVISTA field, a major deep-field survey area. It is included in large-scale catalogs that provide multi-wavelength photometry, photometric redshifts, and structural parameters derived from Hubble Space Telescope imaging. These catalogs are primarily used to study galaxy evolution, mass assembly, and the structural properties of galaxies across cosmic time.","This object is notable primarily as a data point within the significant UltraVISTA and COSMOS-DASH surveys, which are foundational for understanding galaxy formation and evolution out to high redshifts. It is not described as having unique individual properties in the provided literature.",The provided literature does not describe the specific visual appearance of this object; it is likely included in the dataset simply as a representative galaxy within the survey field.
COSMOS2015 630493,4001064386726,G,,SIMBAD,42.0,10,2022ApJS..258...11W;2022ApJ...925...34C;2022ApJS..258...11W;2022ApJ...925...34C;2013ApJS..206....8M;2013A&A...556A..55I;2013ApJS..206....8M;2013A&A...556A..55I,"COSMOS2015 630493 is an entry in the COSMOS2015 photometric catalog, which is part of the broader Cosmic Evolution Survey (COSMOS) field. The literature provided describes the survey methodology, including multi-wavelength photometric extraction and redshift estimation techniques used to characterize millions of sources in the field. There is no specific scientific literature discussing the individual properties or characteristics of this specific object.",This object is not individually notable in the provided literature; it is simply one of many millions of galaxies cataloged within the COSMOS survey field.,The literature provides no information regarding the visual appearance of this specific object.
[OMS2023] 4001102812560,4001144257497,G,,NED,42.0,1,2023ApJ...948...40O,"The object [OMS2023] 4001102812560 is identified as an entry in a large-scale catalog of interacting galaxies derived from the Hubble Space Telescope archives. This catalog was constructed using the Zoobot convolutional neural network to analyze Hubble Source Catalog data, specifically targeting interacting systems. The literature provides no specific individual analysis for this object beyond its inclusion in this broad, automated survey of galaxy interactions.","It is notable primarily as a candidate interacting galaxy system identified by machine learning, contributing to a significantly expanded sample size for studying galaxy mergers.","The object likely caught the model's attention due to morphological features indicative of a galaxy interaction, such as tidal tails, distorted shapes, or multiple nuclei, which are the primary criteria for inclusion in the OMS2023 catalog."
WISEA J021054.98-510004.5,4001059408795,G,,NED,42.0,1,2023ApJ...948...40O,"WISEA J021054.98-510004.5 is identified as an interacting galaxy system within a large-scale catalog derived from Hubble Space Telescope archival data. It was selected using the Zoobot convolutional neural network, which analyzed HST F814W images to identify potential mergers and interacting systems. The object is part of a broader study aimed at expanding the sample size of interacting galaxies available for evolutionary research.","This object is notable primarily for its inclusion in a massive, automated catalog of interacting galaxy systems, many of which had no prior references in major astronomical databases like NED or Simbad.","The object's high interest score is likely due to its classification by the Zoobot model as an interacting or merging galaxy, which typically manifests in Hubble imagery as distorted morphologies, tidal tails, or multiple nuclei."
[OMS2023] 4001163764665,4000895207159,G,,NED,42.0,1,2023ApJ...948...40O,"[OMS2023] 4001163764665 is an object identified as part of a large-scale catalog of 21,926 interacting galaxy systems derived from the Hubble Space Telescope archives. It was selected using the Zoobot convolutional neural network, which analyzed HST F814W images to detect signs of galactic interaction. The object is part of a dataset where the majority of entries lacked prior references in databases like NED or Simbad.","It is notable primarily as a candidate interacting galaxy system identified through automated machine learning classification of archival Hubble data, contributing to a significantly expanded sample of such systems.","The object likely caught the model's attention due to morphological features characteristic of galaxy interactions, such as tidal tails, distorted shapes, or signs of merging, which the Zoobot neural network was trained to detect."
WISEA J231828.05+003417.7,4001428630173,,,NED,42.0,1,2012MNRAS.419.1983N,"The provided literature discusses a submillimetre survey of high-redshift galaxy clusters selected from the Red-sequence Cluster Survey (RCS), focusing on the excess of submillimetre source counts in these fields. The study investigates whether this excess is due to strong gravitational lensing or the presence of submillimetre-luminous cluster members. The provided text does not contain specific information regarding the object WISEA J231828.05+003417.7, suggesting it may be a catalog entry associated with these fields or a background source not explicitly detailed in the abstract.","The literature does not provide specific information on why this particular object is notable, as the abstract focuses on the statistical properties of submillimetre sources within galaxy cluster fields rather than individual objects.",The literature provides no information regarding the visual appearance of this specific object.
[OMS2023] 4001200610362,4000843146080,G,,NED,42.0,1,2023ApJ...948...40O,"[OMS2023] 4001200610362 is an object identified as part of a large-scale catalog of interacting galaxies derived from the Hubble Space Telescope archives. It was selected using the Zoobot convolutional neural network, which analyzed Hubble Source Catalog data to identify potential galaxy mergers and interactions. The object is part of a broader study aimed at expanding the sample size of interacting systems available for research into galaxy formation and evolution.","The object is notable primarily because it was identified by an automated machine learning pipeline as a candidate for a galaxy interaction, contributing to a significantly larger dataset of such systems than previously available.","The object likely caught the model's attention due to morphological features indicative of a galaxy interaction, such as tidal tails, distorted shapes, or signs of merging, which the Zoobot algorithm was specifically trained to detect."
[LYY2017] 096703,4000743731922,G,0.84,NED,42.0,1,2017AJ....153...53L,[LYY2017] 096703 is a galaxy identified in the VVDS-F22 field as part of a deep CFHT Y-band imaging survey. The literature primarily discusses this object in the context of a large-scale catalog used to calibrate and test photometric redshift accuracy for galaxies and quasars. There is no specific scientific analysis or characterization of this individual galaxy provided in the available literature.,This object is not individually notable in the literature; it serves as a data point within a larger photometric survey sample used to improve redshift estimation techniques.,The literature provides no specific information regarding the visual appearance or morphology of this object.
[OMS2023] 4000727938760,4000727938760,G,,NED,42.0,1,2023ApJ...948...40O,"The object [OMS2023] 4000727938760 is identified as an entry in a large-scale catalog of 21,926 interacting galaxy systems derived from the Hubble Space Telescope archives. This catalog was constructed using the Zoobot convolutional neural network to analyze HST F814W images, aiming to improve the sample size of interacting galaxies available for studying galaxy formation and evolution. The object is part of a dataset where the majority of entries lacked previous references in major databases like NED or Simbad.","It is notable primarily for being identified by an automated neural network as a candidate interacting galaxy system within the Hubble archive, contributing to a significantly expanded sample size for studying galactic mergers.","The object likely caught the model's attention due to morphological features characteristic of galaxy interactions, such as tidal tails, distorted shapes, or signs of merging, which the Zoobot algorithm was specifically trained to detect."
WINGS J132756.97-313302.8,4001019170515,G,,NED,42.0,2,2009A&A...497..667V;2006MNRAS.368..109M,"WINGS J132756.97-313302.8 is identified as a galaxy within the WINGS (WIde-field Nearby Galaxy-cluster Survey) dataset, which focuses on characterizing galaxies in 77 nearby X-ray selected clusters. The literature provided describes the survey's methodology for deep optical photometry and galaxy classification but does not contain specific, individual analysis or physical properties for this particular object. Consequently, there is no specific scientific literature detailing the nature or characteristics of this individual galaxy beyond its inclusion in the WINGS photometric catalog.",This object is not explicitly noted for any unique scientific properties in the provided literature; its inclusion in the catalog is part of a broader statistical study of galaxy clusters.,"The literature provides no specific information regarding the visual appearance of this object, so it is impossible to speculate on why it might have caught an image-scoring model's attention."
